0.000000,0.000000,0.765383,-0.059023,-0.028734,0.996927,0.042752,0.117258,0.019939,0.015884,0.504653,-0.544851,0.015987,-0.024744,0.056484,0.079086,1.057030,-0.110612,-0.013525,0.161096,0.000188,0.046340,0.570322,-0.195726,-0.277282,1.382643,0.000000,0.000000,0.498419,-0.241508,0.230298,0.772202,0.048872,0.000000,0.000000
0.013164,-0.015170,0.754634,-0.053961,-0.001822,0.997308,-0.049613,0.070368,-0.027033,-0.176192,0.599452,-0.625328,0.035044,-0.083888,-0.016150,-0.111776,1.172432,-0.257492,0.004892,-0.020473,0.005899,0.028048,0.448362,-0.241658,-0.299821,1.570800,0.000000,0.000000,0.522613,-0.279982,0.196793,0.831442,0.098037,0.000000,0.000000
0.007192,-0.018025,0.752091,-0.054360,-0.000813,0.996413,-0.064843,0.064465,-0.031301,-0.204396,0.615004,-0.626306,0.038962,-0.119863,-0.030963,-0.143945,1.176743,-0.279169,0.008411,-0.065242,0.007817,-0.003374,0.429720,-0.234771,-0.313635,1.570800,0.000000,0.000000,0.542040,-0.290851,0.183306,0.842238,0.116629,0.000000,0.000000
0.000948,-0.018819,0.750078,-0.055972,-0.001768,0.995669,-0.074211,0.061505,-0.027739,-0.213395,0.622038,-0.626041,0.041594,-0.161594,-0.039914,-0.164812,1.173304,-0.300372,0.011566,-0.097488,0.009207,-0.039305,0.415561,-0.228626,-0.329738,1.570800,0.000000,0.000000,0.564257,-0.299907,0.170555,0.842766,0.132986,0.000000,0.000000
-0.006302,-0.018883,0.747516,-0.059249,-0.002521,0.994921,-0.081333,0.059438,-0.022844,-0.216595,0.625028,-0.625775,0.043501,-0.205036,-0.047985,-0.178087,1.157952,-0.326727,0.013344,-0.121260,0.010251,-0.074676,0.404514,-0.223068,-0.351296,1.570800,0.000000,0.000000,0.588667,-0.312510,0.164042,0.818153,0.132177,0.000000,0.000000
-0.015474,-0.018247,0.744259,-0.062234,-0.003053,0.994236,-0.087248,0.059904,-0.017996,-0.218954,0.627674,-0.625831,0.045277,-0.245780,-0.054516,-0.187797,1.138942,-0.345292,0.014700,-0.143456,0.011150,-0.109198,0.393740,-0.218054,-0.371547,1.570800,0.000000,0.000000,0.616334,-0.322230,0.150557,0.795448,0.131191,0.000000,0.000000
-0.026914,-0.017440,0.740173,-0.065377,-0.003393,0.993511,-0.093005,0.063004,-0.012889,-0.221131,0.629019,-0.626308,0.047116,-0.283346,-0.060689,-0.196103,1.111503,-0.360934,0.015621,-0.164345,0.012020,-0.142975,0.383220,-0.214905,-0.392715,1.570800,0.000000,0.000000,0.645657,-0.331260,0.135314,0.767627,0.128125,0.000000,0.000000
-0.040692,-0.016511,0.735349,-0.068661,-0.003754,0.992748,-0.098601,0.068740,-0.007355,-0.223240,0.628769,-0.627220,0.049078,-0.316132,-0.066118,-0.203060,1.076025,-0.373573,0.016048,-0.183955,0.012786,-0.173968,0.373931,-0.213156,-0.414721,1.570800,0.000000,0.000000,0.675952,-0.339383,0.119653,0.734234,0.123339,0.000000,0.000000
-0.056549,-0.015526,0.734332,-0.072013,-0.004263,0.991981,-0.103781,0.076947,-0.001237,-0.225302,0.627276,-0.628556,0.051215,-0.344919,-0.070714,-0.208697,1.032237,-0.383229,0.015960,-0.202809,0.013519,-0.202041,0.365828,-0.212451,-0.438321,1.570800,0.000000,0.000000,0.707777,-0.346486,0.103301,0.695381,0.117873,0.000000,0.000000
-0.074015,-0.014515,0.753222,-0.075430,-0.004890,0.991230,-0.108396,0.086798,0.005089,-0.227099,0.623929,-0.623946,0.053499,-0.369270,-0.074226,-0.212647,0.982537,-0.389660,0.015326,-0.220111,0.014105,-0.225768,0.359049,-0.213026,-0.462885,1.570800,0.000000,0.000000,0.739658,-0.351978,0.086744,0.653706,0.113054,0.000000,0.000000
-0.092734,-0.013499,0.771375,-0.079002,-0.005508,0.990503,-0.112393,0.098085,0.011544,-0.228503,0.617385,-0.606653,0.056021,-0.390182,-0.076920,-0.214952,0.926430,-0.392684,0.014120,-0.236195,0.014664,-0.245700,0.353001,-0.215321,-0.489096,1.570800,0.000000,0.000000,0.771754,-0.355860,0.069467,0.609830,0.109677,0.000000,0.000000
-0.112492,-0.012532,0.787729,-0.082710,-0.006074,0.989817,-0.115691,0.109970,0.017605,-0.229376,0.608829,-0.578013,0.058613,-0.407330,-0.078850,-0.215590,0.867493,-0.392456,0.012457,-0.250085,0.015085,-0.261152,0.347690,-0.219867,-0.515899,1.570800,0.000000,0.000000,0.802345,-0.357929,0.052380,0.566819,0.108514,0.000000,0.000000
-0.133037,-0.011659,0.802567,-0.086499,-0.006525,0.989182,-0.118297,0.122309,0.023249,-0.229677,0.599106,-0.537378,0.061266,-0.421580,-0.080291,-0.214658,0.805455,-0.388725,0.010372,-0.262162,0.015462,-0.272768,0.342802,-0.227161,-0.543694,1.570800,0.000000,0.000000,0.831813,-0.358497,0.035528,0.524641,0.109813,0.000000,0.000000
-0.154131,-0.010970,0.815417,-0.090310,-0.006725,0.988588,-0.120385,0.134397,0.028076,-0.229323,0.589115,-0.484569,0.063775,-0.432875,-0.081665,-0.212887,0.743049,-0.381873,0.008087,-0.272712,0.015791,-0.280392,0.338519,-0.237017,-0.571334,1.570800,0.000000,0.000000,0.859090,-0.357803,0.019382,0.485061,0.113218,0.000000,0.000000
-0.175613,-0.010522,0.825908,-0.094111,-0.006541,0.988019,-0.122144,0.145441,0.031789,-0.228319,0.579595,-0.420463,0.065931,-0.441395,-0.083361,-0.211140,0.684063,-0.372722,0.005889,-0.282277,0.016093,-0.284018,0.335187,-0.248453,-0.597182,1.570800,0.000000,0.000000,0.882977,-0.356158,0.004298,0.449735,0.117565,0.000000,0.000000
-0.197346,-0.010344,0.834628,-0.097857,-0.005831,0.987452,-0.123807,0.155520,0.034487,-0.226722,0.570091,-0.342714,0.067676,-0.447521,-0.085805,-0.210297,0.627737,-0.361404,0.003828,-0.292041,0.016377,-0.284030,0.333012,-0.261054,-0.621228,1.570800,0.000000,0.000000,0.904069,-0.353642,-0.010596,0.417577,0.121676,0.000000,0.000000
-0.219320,-0.010389,0.841788,-0.101641,-0.004419,0.986822,-0.125825,0.164703,0.036562,-0.224639,0.555934,-0.242936,0.068959,-0.451123,-0.089327,-0.211416,0.575314,-0.347109,0.002110,-0.302088,0.016654,-0.279694,0.332242,-0.274234,-0.643761,1.570800,0.000000,0.000000,0.924339,-0.349409,-0.027214,0.385910,0.124742,0.000000,0.000000
-0.241344,-0.010500,0.847083,-0.104956,-0.002591,0.986278,-0.127412,0.171629,0.037554,-0.222437,0.547995,-0.147309,0.069405,-0.453097,-0.093166,-0.213535,0.532407,-0.334897,0.000691,-0.312920,0.016926,-0.272941,0.333189,-0.286378,-0.659404,1.570800,0.000000,0.000000,0.937461,-0.344725,-0.041301,0.362897,0.126007,0.000000,0.000000
-0.263387,-0.010648,0.851334,-0.108377,-0.000071,0.985656,-0.129368,0.176633,0.038160,-0.220156,0.536915,-0.034201,0.069118,-0.452569,-0.097814,-0.217425,0.496280,-0.322657,-0.000355,-0.323575,0.017196,-0.263338,0.337471,-0.296725,-0.671101,1.565409,0.000000,0.000000,0.947874,-0.337889,-0.056498,0.341716,0.125604,0.000000,0.000000
-0.285665,-0.010613,0.854123,-0.111402,0.002346,0.985256,-0.129823,0.179620,0.037825,-0.218133,0.532604,0.063497,0.067968,-0.450833,-0.101153,-0.220889,0.472494,-0.315503,-0.001009,-0.332114,0.017384,-0.252424,0.343944,-0.304899,-0.675179,1.553802,0.000000,0.000000,0.952027,-0.330610,-0.068660,0.327186,0.124528,0.000000,0.000000
-0.308076,-0.010379,0.855918,-0.114216,0.004694,0.985013,-0.129156,0.180876,0.036739,-0.216266,0.531415,0.159342,0.065999,-0.447307,-0.103204,-0.223763,0.458686,-0.312896,-0.001342,-0.338025,0.017456,-0.238995,0.352453,-0.312176,-0.673587,1.538620,0.000000,0.000000,0.952000,-0.321811,-0.079487,0.315611,0.122959,0.000000,0.000000
-0.330722,-0.009906,0.856599,-0.116574,0.006689,0.985012,-0.126951,0.180752,0.034655,-0.214634,0.534677,0.242186,0.063396,-0.442065,-0.103160,-0.225157,0.455835,-0.315875,-0.001318,-0.340014,0.017483,-0.223591,0.361496,-0.319052,-0.666261,1.522191,0.000000,0.000000,0.947758,-0.311909,-0.088674,0.307541,0.122085,0.000000,0.000000
-0.353905,-0.009185,0.856011,-0.118653,0.008178,0.985291,-0.122703,0.179820,0.031384,-0.213196,0.544637,0.301079,0.060426,-0.435709,-0.100988,-0.224625,0.463929,-0.324109,-0.001020,-0.337744,0.017359,-0.206384,0.370542,-0.326250,-0.654505,1.507035,0.000000,0.000000,0.940091,-0.302392,-0.094555,0.301791,0.121069,0.000000,0.000000
-0.377288,-0.008381,0.853958,-0.119992,0.009301,0.985795,-0.117146,0.177495,0.026314,-0.211661,0.561869,0.347788,0.056785,-0.427003,-0.097008,-0.222380,0.482341,-0.340031,-0.000520,-0.330359,0.017099,-0.185242,0.380224,-0.335205,-0.637204,1.489319,0.000000,0.000000,0.928796,-0.291317,-0.098663,0.297406,0.119775,0.000000,0.000000
-0.400910,-0.007571,0.850340,-0.120649,0.010301,0.986420,-0.110965,0.173643,0.019682,-0.210049,0.586638,0.377012,0.052855,-0.416298,-0.092252,-0.218920,0.509248,-0.363567,0.000042,-0.318676,0.016683,-0.161590,0.389081,-0.346140,-0.615112,1.470402,0.000000,0.000000,0.914307,-0.279439,-0.101112,0.294616,0.118215,0.000000,0.000000
-0.424691,-0.006850,0.845379,-0.120716,0.011417,0.987070,-0.104832,0.168181,0.011993,-0.208335,0.617822,0.388235,0.049077,-0.403940,-0.088052,-0.214995,0.540839,-0.392743,0.000455,-0.304634,0.016190,-0.136860,0.395903,-0.358734,-0.589200,1.452465,0.000000,0.000000,0.897265,-0.267762,-0.102171,0.293150,0.116393,0.000000,0.000000
-0.448547,-0.006186,0.839090,-0.120308,0.012817,0.987692,-0.099124,0.160556,0.003256,-0.206452,0.655861,0.384801,0.045393,-0.389624,-0.084882,-0.210689,0.575524,-0.427375,0.000608,-0.289059,0.015628,-0.110333,0.400545,-0.373155,-0.558238,1.436051,0.000000,0.000000,0.876940,-0.256243,-0.102050,0.292605,0.114316,0.000000,0.000000
-0.472445,-0.005509,0.832115,-0.119582,0.014437,0.988257,-0.094020,0.150833,-0.005502,-0.204520,0.697769,0.370356,0.042174,-0.374077,-0.083050,-0.205834,0.608843,-0.463897,0.000389,-0.273648,0.015058,-0.083417,0.402886,-0.387986,-0.523400,1.423482,0.000000,0.000000,0.854127,-0.245921,-0.100572,0.292844,0.112266,0.000000,0.000000
-0.496377,-0.004743,0.824510,-0.118634,0.016180,0.988763,-0.089514,0.138743,-0.014175,-0.202556,0.743639,0.347737,0.039324,-0.356703,-0.082254,-0.199559,0.640146,-0.501789,-0.000284,-0.258414,0.014489,-0.055081,0.403250,-0.402853,-0.483131,1.415240,0.000000,0.000000,0.827897,-0.236732,-0.097378,0.293683,0.110413,0.000000,0.000000
-0.520359,-0.003853,0.816892,-0.117531,0.017921,0.989218,-0.085515,0.124898,-0.022078,-0.200661,0.790364,0.320824,0.036993,-0.338329,-0.082147,-0.191752,0.667003,-0.538183,-0.001359,-0.244307,0.013914,-0.026262,0.401747,-0.416140,-0.438616,1.412138,0.000000,0.000000,0.799124,-0.229308,-0.092059,0.294915,0.109125,0.000000,0.000000
-0.544475,-0.002734,0.808998,-0.116303,0.019344,0.989667,-0.081604,0.109100,-0.028482,-0.196930,0.838313,0.291215,0.035004,-0.318284,-0.081764,-0.181779,0.690341,-0.573534,-0.002724,-0.230506,0.013334,0.004186,0.398863,-0.427450,-0.388023,1.413659,0.000000,0.000000,0.766802,-0.223399,-0.083768,0.296415,0.108612,0.000000,0.000000
-0.568704,-0.001069,0.801228,-0.114965,0.019688,0.990235,-0.076358,0.092236,-0.031451,-0.187562,0.885180,0.260524,0.033219,-0.297014,-0.078709,-0.167683,0.707964,-0.599884,-0.004154,-0.214952,0.012626,0.036036,0.395476,-0.435540,-0.331632,1.418757,0.000000,0.000000,0.731317,-0.218806,-0.071275,0.297797,0.108982,0.000000,0.000000
-0.592724,0.001008,0.794777,-0.113696,0.019159,0.990872,-0.069855,0.074032,-0.031703,-0.174000,0.929824,0.229273,0.031616,-0.274709,-0.073000,-0.149489,0.715367,-0.603961,-0.005612,-0.196855,0.011765,0.068745,0.391686,-0.440019,-0.269814,1.425677,0.000000,0.000000,0.692489,-0.215147,-0.054873,0.298534,0.110151,0.000000,0.000000
-0.617205,0.003345,0.788789,-0.112522,0.018126,0.991498,-0.062780,0.055142,-0.029770,-0.157663,0.971739,0.196700,0.030199,-0.250992,-0.065535,-0.129261,0.717024,-0.604431,-0.007082,-0.176813,0.010726,0.101654,0.387553,-0.441015,-0.203596,1.432647,0.000000,0.000000,0.650562,-0.212232,-0.035614,0.297595,0.111595,0.000000,0.000000
-0.642170,0.005797,0.783056,-0.111309,0.016953,0.992088,-0.055542,0.036028,-0.026363,-0.139505,1.010320,0.161223,0.028892,-0.225877,-0.057352,-0.108838,0.714760,-0.604482,-0.008517,-0.155357,0.009533,0.134239,0.383334,-0.438631,-0.134609,1.438535,0.000000,0.000000,0.606319,-0.210259,-0.014862,0.293656,0.112671,0.000000,0.000000
-0.667473,0.008258,0.778201,-0.109721,0.014920,0.992726,-0.047258,0.015368,-0.020762,-0.117114,1.051695,0.115706,0.027479,-0.197272,-0.047303,-0.086839,0.704206,-0.604762,-0.009866,-0.132649,0.008188,0.165042,0.378808,-0.431686,-0.059882,1.444061,0.000000,0.000000,0.557612,-0.208814,0.009751,0.288150,0.111892,0.000000,0.000000
-0.693576,0.010637,0.772467,-0.108668,0.015032,0.993122,-0.040908,-0.002476,-0.017760,-0.099758,1.078600,0.078861,0.025996,-0.171140,-0.041710,-0.071346,0.699344,-0.605435,-0.011161,-0.109878,0.006796,0.196964,0.376955,-0.423483,0.001116,1.448372,0.000000,0.000000,0.513263,-0.209034,0.027243,0.271728,0.110363,0.000000,0.000000
-0.720379,0.012825,0.767697,-0.107035,0.014664,0.993589,-0.033303,-0.021630,-0.014433,-0.078907,1.108664,0.032224,0.023872,-0.140034,-0.035903,-0.054673,0.685120,-0.606780,-0.012598,-0.086720,0.005314,0.230165,0.376357,-0.409794,0.059092,1.454072,0.000000,0.000000,0.467058,-0.209552,0.046352,0.248859,0.105380,0.000000,0.000000
-0.747118,0.014929,0.762166,-0.105638,0.016350,0.993898,-0.027186,-0.038984,-0.014560,-0.062692,1.126126,-0.005063,0.021374,-0.112345,-0.034703,-0.043957,0.677540,-0.608442,-0.014125,-0.063946,0.003792,0.264789,0.379429,-0.396661,0.097896,1.459284,0.000000,0.000000,0.425611,-0.212052,0.058391,0.216915,0.101047,0.000000,0.000000
-0.774445,0.016744,0.757503,-0.103989,0.018067,0.994214,-0.019974,-0.058158,-0.015901,-0.043894,1.145997,-0.051437,0.017877,-0.080259,-0.034788,-0.031996,0.661206,-0.610991,-0.016148,-0.041386,0.002228,0.305885,0.385801,-0.377213,0.120980,1.464300,0.000000,0.000000,0.385088,-0.214585,0.070497,0.174811,0.094439,0.000000,0.000000
-0.801070,0.018463,0.752616,-0.102346,0.021006,0.994439,-0.013210,-0.077562,-0.019946,-0.027257,1.158476,-0.093377,0.013776,-0.050526,-0.038094,-0.022686,0.648174,-0.613807,-0.018523,-0.019758,0.000719,0.351227,0.395898,-0.356392,0.123258,1.465247,0.000000,0.000000,0.348283,-0.218009,0.079448,0.125514,0.089902,0.000000,0.000000
-0.826233,0.020010,0.747843,-0.100947,0.024680,0.994565,-0.006348,-0.099090,-0.026109,-0.011269,1.165492,-0.131737,0.008961,-0.024067,-0.043903,-0.014590,0.637585,-0.616682,-0.021329,0.001149,-0.000767,0.399953,0.408935,-0.334210,0.107416,1.459465,0.000000,0.000000,0.314262,-0.221912,0.086902,0.070673,0.088022,0.000000,0.000000
-0.849367,0.021354,0.743107,-0.100020,0.028592,0.994574,0.000708,-0.124423,-0.033497,0.005069,1.167842,-0.167561,0.003520,-0.001436,-0.051313,-0.006706,0.629657,-0.619369,-0.024525,0.022057,-0.002243,0.451556,0.424597,-0.310297,0.076852,1.445113,0.000000,0.000000,0.281424,-0.225628,0.094461,0.011358,0.088913,0.000000,0.000000
-0.870411,0.022443,0.738296,-0.099813,0.032241,0.994452,0.007932,-0.153948,-0.040996,0.021748,1.165051,-0.199442,-0.002199,0.016561,-0.059306,0.001232,0.624995,-0.621612,-0.027916,0.043236,-0.003700,0.503967,0.442321,-0.284938,0.035818,1.421946,0.000000,0.000000,0.249355,-0.228593,0.102951,-0.050242,0.091989,0.000000,0.000000
-0.889865,0.023241,0.733124,-0.100452,0.035232,0.994202,0.015195,-0.187120,-0.047702,0.038696,1.155973,-0.228159,-0.007861,0.030218,-0.066927,0.009444,0.623735,-0.623330,-0.031296,0.065171,-0.005188,0.555642,0.461738,-0.258295,-0.011243,1.391352,0.000000,0.000000,0.217839,-0.230670,0.112508,-0.112471,0.096068,0.000000,0.000000
-0.908662,0.023761,0.727222,-0.101879,0.037334,0.993843,0.022410,-0.222465,-0.053001,0.055471,1.139613,-0.254010,-0.013101,0.040721,-0.073539,0.018046,0.625647,-0.624612,-0.034549,0.088395,-0.006706,0.605595,0.482569,-0.230436,-0.060465,1.356351,0.000000,0.000000,0.186933,-0.232223,0.122777,-0.174214,0.099487,0.000000,0.000000
-0.927803,0.024049,0.721896,-0.103913,0.038518,0.993402,0.029518,-0.257785,-0.056611,0.071289,1.115426,-0.276823,-0.017555,0.049443,-0.078880,0.026777,0.630118,-0.625622,-0.037579,0.112995,-0.008175,0.652915,0.504189,-0.201715,-0.108426,1.321264,0.000000,0.000000,0.157456,-0.234037,0.132859,-0.233900,0.100805,0.000000,0.000000
-0.948018,0.024179,0.720966,-0.106293,0.038957,0.992905,0.036374,-0.291990,-0.058757,0.085731,1.082730,-0.296816,-0.021041,0.057865,-0.083190,0.035690,0.636955,-0.626559,-0.040473,0.139372,-0.009647,0.698577,0.526301,-0.171786,-0.154065,1.288905,0.000000,0.000000,0.129360,-0.236971,0.142066,-0.291857,0.099043,0.000000,0.000000
-0.969466,0.024158,0.723542,-0.108870,0.038729,0.992372,0.042949,-0.323354,-0.059494,0.098142,1.041952,-0.313456,-0.023328,0.066572,-0.086591,0.044040,0.642159,-0.612489,-0.043380,0.166764,-0.011062,0.741658,0.547523,-0.141367,-0.195146,1.262695,0.000000,0.000000,0.103640,-0.241626,0.149546,-0.345968,0.093824,0.000000,0.000000
-0.992292,0.024018,0.718486,-0.111594,0.037943,0.991808,0.049225,-0.351840,-0.058969,0.108666,0.992357,-0.326909,-0.024402,0.076422,-0.089520,0.051149,0.642556,-0.573592,-0.046481,0.195395,-0.012448,0.783006,0.567297,-0.110000,-0.232030,1.243262,0.000000,0.000000,0.080049,-0.248156,0.155188,-0.396560,0.085302,0.000000,0.000000
-1.016528,0.023824,0.739953,-0.114306,0.036861,0.991241,0.054918,-0.376756,-0.057486,0.116904,0.935457,-0.337056,-0.024257,0.087561,-0.092426,0.055676,0.639490,-0.515877,-0.049527,0.224014,-0.013743,0.822153,0.584250,-0.078520,-0.264156,1.231110,0.000000,0.000000,0.059229,-0.256432,0.158687,-0.441982,0.074098,0.000000,0.000000
-1.041867,0.023569,0.762072,-0.116948,0.035600,0.990690,0.059911,-0.398034,-0.055333,0.122904,0.873407,-0.344037,-0.023118,0.099465,-0.095845,0.056238,0.633894,-0.441088,-0.052212,0.251251,-0.014846,0.858211,0.597204,-0.047902,-0.291316,1.225755,0.000000,0.000000,0.041834,-0.265952,0.160234,-0.480612,0.061726,0.000000,0.000000
-1.068242,0.023154,0.783184,-0.119911,0.033765,0.990099,0.064697,-0.416817,-0.051858,0.127890,0.804455,-0.348037,-0.021047,0.113017,-0.100121,0.053015,0.619799,-0.337228,-0.054616,0.278475,-0.015879,0.896199,0.606736,-0.013682,-0.319797,1.225172,0.000000,0.000000,0.027711,-0.275938,0.160133,-0.514914,0.048350,0.000000,0.000000
-1.095191,0.022591,0.801704,-0.122418,0.032160,0.989601,0.068329,-0.431427,-0.048705,0.130723,0.733111,-0.349113,-0.018529,0.126470,-0.105668,0.045463,0.605358,-0.226812,-0.056248,0.301750,-0.016682,0.927418,0.610887,0.016125,-0.341458,1.228619,0.000000,0.000000,0.016748,-0.286090,0.159806,-0.538902,0.038160,0.000000,0.000000
-1.122601,0.021753,0.818032,-0.125000,0.030711,0.989134,0.071036,-0.442920,-0.046192,0.131971,0.657380,-0.347435,-0.015711,0.139733,-0.112399,0.035430,0.589369,-0.111060,-0.057307,0.321952,-0.017281,0.952107,0.610719,0.042302,-0.358683,1.233627,0.000000,0.000000,0.008116,-0.296255,0.159855,-0.553960,0.031845,0.000000,0.000000
-1.150240,0.020635,0.831045,-0.127524,0.029480,0.988738,0.072569,-0.451596,-0.044892,0.131928,0.583703,-0.345087,-0.013039,0.151116,-0.118803,0.026603,0.578526,-0.014952,-0.057960,0.337850,-0.017723,0.966932,0.607458,0.061889,-0.369542,1.237712,0.000000,0.000000,0.002547,-0.305213,0.160636,-0.559674,0.030065,0.000000,0.000000
-1.178363,0.019129,0.841783,-0.130399,0.028337,0.988347,0.073236,-0.457416,-0.044931,0.131031,0.506605,-0.340797,-0.010403,0.162061,-0.124690,0.020529,0.566218,0.073708,-0.058533,0.350884,-0.018011,0.975822,0.601323,0.078871,-0.379330,1.240138,0.000000,0.000000,-0.000743,-0.313559,0.162027,-0.557758,0.032470,0.000000,0.000000
-1.206908,0.017306,0.849427,-0.133091,0.027497,0.988053,0.072674,-0.460045,-0.046909,0.129513,0.434343,-0.335914,-0.008295,0.171826,-0.128968,0.018964,0.556968,0.139070,-0.059238,0.359331,-0.018138,0.978302,0.593060,0.091541,-0.387357,1.240100,0.000000,0.000000,-0.001109,-0.320564,0.164273,-0.548163,0.038692,0.000000,0.000000
-1.235616,0.015233,0.854514,-0.135280,0.026682,0.987913,0.070818,-0.461033,-0.050721,0.128009,0.368533,-0.332003,-0.006603,0.179896,-0.131237,0.021483,0.557215,0.175844,-0.059962,0.363933,-0.018128,0.974719,0.583564,0.100055,-0.393212,1.238194,0.000000,0.000000,0.002661,-0.325650,0.167099,-0.532709,0.046348,0.000000,0.000000
-1.264683,0.012867,0.857621,-0.137094,0.026164,0.987886,0.067831,-0.459388,-0.056756,0.126174,0.308465,-0.327914,-0.005404,0.186691,-0.132109,0.026577,0.564225,0.193369,-0.060750,0.364489,-0.018023,0.966086,0.572014,0.105144,-0.398273,1.234969,0.000000,0.000000,0.009351,-0.329642,0.170461,-0.510184,0.055438,0.000000,0.000000
-1.293958,0.010357,0.859169,-0.138094,0.026002,0.988028,0.063673,-0.454960,-0.064962,0.124172,0.256366,-0.323646,-0.004756,0.191945,-0.131986,0.032086,0.580078,0.194843,-0.061357,0.360848,-0.017777,0.953118,0.558601,0.106489,-0.402186,1.231668,0.000000,0.000000,0.018868,-0.332415,0.174744,-0.480698,0.064525,0.000000,0.000000
-1.323298,0.007805,0.859684,-0.138205,0.026180,0.988330,0.058464,-0.447497,-0.075787,0.121715,0.210512,-0.318920,-0.004540,0.195650,-0.131197,0.036239,0.607763,0.185128,-0.061520,0.352662,-0.017303,0.935058,0.542256,0.103872,-0.404766,1.229594,0.000000,0.000000,0.032021,-0.333900,0.180600,-0.441989,0.072650,0.000000,0.000000
-1.352600,0.005288,0.859576,-0.137541,0.026692,0.988753,0.052325,-0.437644,-0.087777,0.118246,0.177129,-0.314894,-0.004805,0.197017,-0.130032,0.037505,0.645387,0.170146,-0.061044,0.340562,-0.016721,0.913228,0.524257,0.097218,-0.405335,1.230470,0.000000,0.000000,0.047723,-0.333783,0.187602,-0.396836,0.077919,0.000000,0.000000
-1.381823,0.003053,0.859292,-0.136284,0.027582,0.989251,0.045260,-0.425066,-0.100593,0.113017,0.155696,-0.312830,-0.005450,0.195743,-0.128179,0.036160,0.693911,0.152985,-0.059739,0.323861,-0.015865,0.886077,0.503523,0.086369,-0.403456,1.235314,0.000000,0.000000,0.066694,-0.332186,0.195882,-0.342283,0.080130,0.000000,0.000000
-1.410998,0.001191,0.859053,-0.134521,0.028797,0.989784,0.037440,-0.411442,-0.111899,0.105678,0.149938,-0.314812,-0.006337,0.191895,-0.125520,0.033119,0.746843,0.137978,-0.057774,0.304604,-0.014915,0.856151,0.482512,0.072717,-0.398841,1.244003,0.000000,0.000000,0.086688,-0.329339,0.204117,-0.283696,0.079336,0.000000,0.000000
-1.440136,-0.000178,0.858780,-0.132322,0.030258,0.990321,0.028975,-0.396125,-0.121983,0.095973,0.158512,-0.324778,-0.007340,0.185410,-0.121500,0.029110,0.805984,0.124789,-0.055027,0.282099,-0.013718,0.821537,0.460084,0.055700,-0.391296,1.256432,0.000000,0.000000,0.108927,-0.325316,0.212225,-0.217310,0.076844,0.000000,0.000000
-1.469352,-0.000909,0.858227,-0.129695,0.031930,0.990835,0.020132,-0.380672,-0.129150,0.083995,0.181008,-0.341454,-0.008138,0.176996,-0.116273,0.024972,0.865108,0.113650,-0.051861,0.258911,-0.012497,0.784924,0.438333,0.036767,-0.381422,1.270722,0.000000,0.000000,0.131703,-0.320366,0.218847,-0.148390,0.074434,0.000000,0.000000
-1.498045,-0.001068,0.856790,-0.126215,0.034370,0.991358,0.009942,-0.363610,-0.135188,0.067063,0.215319,-0.368515,-0.008606,0.164616,-0.110134,0.018224,0.932985,0.097271,-0.047960,0.232343,-0.011043,0.739826,0.414242,0.010819,-0.363772,1.289858,0.000000,0.000000,0.153212,-0.314105,0.225071,-0.066732,0.073868,0.000000,0.000000
-1.527719,-0.000694,0.854475,-0.123432,0.035724,0.991709,0.001221,-0.348538,-0.137323,0.051640,0.258745,-0.397278,-0.008733,0.153671,-0.102219,0.014284,0.987925,0.084590,-0.044202,0.209144,-0.009638,0.698932,0.394272,-0.010892,-0.352681,1.303542,0.000000,0.000000,0.178644,-0.307867,0.226818,0.005354,0.076642,0.000000,0.000000
-1.556584,-0.000052,0.850413,-0.119247,0.037813,0.992099,-0.009511,-0.332150,-0.139397,0.031302,0.309563,-0.437225,-0.008303,0.139639,-0.094111,0.005914,1.049493,0.063968,-0.039871,0.184304,-0.008099,0.650745,0.373477,-0.040315,-0.335251,1.320156,0.000000,0.000000,0.203594,-0.300247,0.225109,0.087705,0.084054,0.000000,0.000000
-1.586549,0.000631,0.845145,-0.115849,0.039024,0.992322,-0.018808,-0.316137,-0.139572,0.012662,0.361021,-0.474377,-0.007661,0.126878,-0.085810,-0.000874,1.098081,0.045954,-0.035990,0.161506,-0.006611,0.606802,0.355355,-0.065611,-0.325958,1.331394,0.000000,0.000000,0.232440,-0.293305,0.219746,0.159574,0.092864,0.000000,0.000000
-1.615664,0.001186,0.838342,-0.111286,0.040938,0.992477,-0.030484,-0.297568,-0.140998,-0.011031,0.411891,-0.520108,-0.006472,0.110910,-0.078736,-0.013704,1.151910,0.018737,-0.031692,0.137362,-0.004970,0.555177,0.336190,-0.098952,-0.311651,1.345039,0.000000,0.000000,0.261660,-0.286459,0.209319,0.237839,0.106035,0.000000,0.000000
-1.645954,0.001463,0.831087,-0.107713,0.041738,0.992486,-0.040345,-0.278579,-0.140862,-0.031830,0.456416,-0.558688,-0.005148,0.096017,-0.072183,-0.024053,1.191214,-0.003104,-0.028080,0.114672,-0.003412,0.508866,0.319146,-0.125434,-0.307091,1.353648,0.000000,0.000000,0.293854,-0.280980,0.197560,0.301474,0.116741,0.000000,0.000000
-1.675283,0.001615,0.823937,-0.103399,0.043177,0.992311,-0.052573,-0.255249,-0.141508,-0.057811,0.490352,-0.589619,-0.003302,0.077152,-0.067359,-0.040511,1.233905,-0.031566,-0.023990,0.090375,-0.001702,0.454912,0.300446,-0.157812,-0.299958,1.364150,0.000000,0.000000,0.328641,-0.276797,0.180551,0.364728,0.129226,0.000000,0.000000
-1.705294,0.001666,0.817826,-0.100206,0.043253,0.992045,-0.062731,-0.231464,-0.139348,-0.079971,0.513142,-0.594712,-0.001268,0.058225,-0.062579,-0.053782,1.262402,-0.053088,-0.020397,0.066477,-0.000035,0.405807,0.283881,-0.180590,-0.303357,1.370306,0.000000,0.000000,0.365367,-0.273994,0.164863,0.411441,0.137378,0.000000,0.000000
-1.735197,0.001737,0.812955,-0.096907,0.043750,0.991545,-0.074381,-0.202171,-0.136686,-0.105409,0.520073,-0.597176,0.001491,0.035442,-0.059677,-0.071807,1.290968,-0.080080,-0.016394,0.041603,0.001683,0.351195,0.265779,-0.204195,-0.307945,1.377257,0.000000,0.000000,0.406550,-0.272675,0.145082,0.447459,0.145421,0.000000,0.000000
-1.766142,0.001732,0.808165,-0.094118,0.043180,0.991038,-0.084391,-0.171794,-0.131312,-0.126740,0.522609,-0.599455,0.004531,0.013107,-0.056987,-0.087759,1.308894,-0.105509,-0.012644,0.017836,0.003230,0.299702,0.249162,-0.219896,-0.320694,1.381778,0.000000,0.000000,0.450312,-0.271840,0.126127,0.466173,0.149594,0.000000,0.000000
-1.797714,0.001619,0.803437,-0.091478,0.041624,0.990560,-0.093221,-0.140128,-0.123260,-0.145093,0.521287,-0.602146,0.007976,-0.009185,-0.054233,-0.102237,1.318131,-0.131214,-0.008947,-0.005238,0.004686,0.251503,0.234087,-0.228230,-0.341666,1.384121,0.000000,0.000000,0.496965,-0.270685,0.108030,0.468732,0.150241,0.000000,0.000000
-1.829472,0.001289,0.798701,-0.088971,0.039183,0.990128,-0.100977,-0.107871,-0.113112,-0.160759,0.517133,-0.605280,0.011734,-0.031753,-0.051677,-0.115532,1.319739,-0.158397,-0.005301,-0.027630,0.005975,0.206805,0.220437,-0.230569,-0.370298,1.383987,0.000000,0.000000,0.545625,-0.269234,0.090841,0.456630,0.147723,0.000000,0.000000
-1.861348,0.000708,0.794210,-0.086577,0.036250,0.989713,-0.107976,-0.074140,-0.101735,-0.175388,0.507791,-0.609044,0.015822,-0.055068,-0.049942,-0.128507,1.316171,-0.190515,-0.001705,-0.049453,0.007128,0.165601,0.207914,-0.228838,-0.405801,1.380869,0.000000,0.000000,0.599014,-0.267933,0.072605,0.427525,0.141912,0.000000,0.000000
-1.891231,-0.000234,0.788992,-0.084360,0.032249,0.989413,-0.113604,-0.045353,-0.089417,-0.185193,0.505577,-0.612507,0.019726,-0.079764,-0.048572,-0.139393,1.303354,-0.219078,0.001599,-0.070290,0.008145,0.127883,0.197665,-0.224272,-0.446000,1.373746,0.000000,0.000000,0.645950,-0.267685,0.058649,0.396480,0.135931,0.000000,0.000000
-1.919161,-0.001221,0.783697,-0.082846,0.027909,0.989138,-0.118166,-0.019811,-0.076993,-0.192681,0.504097,-0.615866,0.023552,-0.108230,-0.048133,-0.149263,1.285776,-0.248872,0.004670,-0.090593,0.009012,0.092489,0.189141,-0.218542,-0.489887,1.363050,0.000000,0.000000,0.691508,-0.269606,0.045761,0.358114,0.129864,0.000000,0.000000
-1.945046,-0.002280,0.777930,-0.082128,0.023692,0.988894,-0.121581,0.001536,-0.065922,-0.198581,0.506074,-0.618791,0.027032,-0.140394,-0.049188,-0.157783,1.262463,-0.278035,0.007194,-0.110248,0.009821,0.058981,0.182403,-0.213162,-0.535992,1.348918,0.000000,0.000000,0.734481,-0.274496,0.033383,0.315831,0.124754,0.000000,0.000000
-1.969520,-0.003313,0.771348,-0.082352,0.019957,0.988677,-0.123844,0.018634,-0.056920,-0.202913,0.512587,-0.621152,0.029991,-0.175015,-0.051700,-0.164879,1.232506,-0.304593,0.009016,-0.129232,0.010611,0.027351,0.177851,-0.208734,-0.582495,1.332295,0.000000,0.000000,0.773676,-0.282507,0.021058,0.272565,0.121144,0.000000,0.000000
-1.993707,-0.004315,0.763346,-0.083491,0.016896,0.988510,-0.124863,0.033055,-0.050011,-0.205841,0.523941,-0.623105,0.032403,-0.211097,-0.055334,-0.170414,1.194078,-0.328054,0.010071,-0.147728,0.011376,-0.002851,0.176262,-0.205208,-0.629258,1.314060,0.000000,0.000000,0.809886,-0.293282,0.007836,0.228986,0.118961,0.000000,0.000000
-2.018686,-0.005311,0.753617,-0.085288,0.014531,0.988419,-0.124671,0.046076,-0.045207,-0.207492,0.539995,-0.624806,0.034277,-0.246115,-0.059410,-0.174109,1.146613,-0.347703,0.010314,-0.164613,0.012071,-0.030807,0.178433,-0.202855,-0.674882,1.295645,0.000000,0.000000,0.843238,-0.305409,-0.006790,0.186603,0.118128,0.000000,0.000000
-2.044672,-0.006327,0.748959,-0.087492,0.012842,0.988386,-0.123583,0.058994,-0.042170,-0.207935,0.553632,-0.599071,0.035995,-0.278715,-0.063486,-0.176041,1.089517,-0.362774,0.009784,-0.179083,0.012684,-0.055956,0.184672,-0.202280,-0.698100,1.278598,0.000000,0.000000,0.873958,-0.317573,-0.022573,0.146687,0.119221,0.000000,0.000000
-2.072214,-0.007458,0.753880,-0.089831,0.011627,0.988419,-0.121752,0.073043,-0.040438,-0.207425,0.563166,-0.545578,0.037641,-0.307501,-0.067056,-0.176670,1.023405,-0.373563,0.008664,-0.191349,0.013114,-0.077662,0.194989,-0.202702,-0.698100,1.264163,0.000000,0.000000,0.901887,-0.328824,-0.038679,0.110038,0.122116,0.000000,0.000000
-2.101326,-0.008721,0.750616,-0.091998,0.010776,0.988514,-0.119419,0.088735,-0.039621,-0.206164,0.570251,-0.469396,0.039096,-0.332259,-0.069995,-0.176724,0.948997,-0.380748,0.007152,-0.202824,0.013427,-0.095450,0.208876,-0.202305,-0.698100,1.252909,0.000000,0.000000,0.927125,-0.338792,-0.054808,0.076632,0.125462,0.000000,0.000000
-2.131930,-0.009861,0.776707,-0.094252,0.010397,0.988623,-0.116757,0.106223,-0.039076,-0.204433,0.569284,-0.363595,0.040261,-0.352852,-0.072120,-0.176551,0.870298,-0.384668,0.005477,-0.214493,0.013756,-0.107770,0.225697,-0.198110,-0.698100,1.244602,0.000000,0.000000,0.951299,-0.347122,-0.071637,0.043107,0.128371,0.000000,0.000000
-2.163354,-0.010784,0.800201,-0.095858,0.010316,0.988763,-0.114245,0.124102,-0.038212,-0.202581,0.568620,-0.240580,0.041066,-0.369344,-0.073420,-0.176728,0.786542,-0.385601,0.003774,-0.227588,0.014085,-0.115257,0.244029,-0.190230,-0.698100,1.240739,0.000000,0.000000,0.970530,-0.353054,-0.086617,0.015255,0.128888,0.000000,0.000000
-2.195343,-0.011184,0.820406,-0.097468,0.010388,0.988922,-0.111471,0.141284,-0.036560,-0.200894,0.566964,-0.102313,0.041412,-0.382798,-0.073071,-0.176453,0.699022,-0.383207,0.002109,-0.241120,0.014413,-0.118258,0.263526,-0.178133,-0.698100,1.241501,0.000000,0.000000,0.984372,-0.356398,-0.099339,-0.008435,0.127245,0.000000,0.000000
-2.228067,-0.010906,0.836822,-0.099276,0.010197,0.989182,-0.107517,0.158863,-0.033998,-0.199501,0.558596,0.050740,0.041107,-0.392799,-0.069634,-0.174258,0.608724,-0.376493,0.000613,-0.253230,0.014684,-0.116162,0.284129,-0.161496,-0.698100,1.247279,0.000000,0.000000,0.993708,-0.357429,-0.109047,-0.030334,0.124188,0.000000,0.000000
-2.261085,-0.009835,0.848848,-0.100926,0.009216,0.989739,-0.100722,0.174388,-0.032127,-0.198326,0.558097,0.176430,0.039860,-0.400614,-0.061576,-0.167869,0.520848,-0.368951,-0.000679,-0.258283,0.014784,-0.111156,0.304805,-0.144798,-0.698100,1.257797,0.000000,0.000000,0.996216,-0.355167,-0.114607,-0.046120,0.120984,0.000000,0.000000
-2.294797,-0.007859,0.857098,-0.102677,0.006882,0.990602,-0.090096,0.189728,-0.031304,-0.197279,0.559080,0.283341,0.037751,-0.405692,-0.047057,-0.155660,0.431883,-0.358829,-0.001677,-0.254990,0.014681,-0.102544,0.327028,-0.127132,-0.698100,1.272556,0.000000,0.000000,0.993680,-0.350051,-0.115882,-0.059843,0.117242,0.000000,0.000000
-2.328866,-0.005453,0.861392,-0.103939,0.003812,0.991592,-0.076985,0.203439,-0.032754,-0.196142,0.568650,0.351234,0.035059,-0.408767,-0.028760,-0.140359,0.351206,-0.349794,-0.002274,-0.244302,0.014354,-0.091369,0.348394,-0.111533,-0.698100,1.288560,0.000000,0.000000,0.987144,-0.342796,-0.114517,-0.070362,0.113658,0.000000,0.000000
-2.363352,-0.002761,0.862740,-0.104552,0.000213,0.992569,-0.062260,0.215997,-0.036499,-0.194798,0.583930,0.391545,0.032012,-0.409050,-0.007825,-0.122991,0.278040,-0.340740,-0.002466,-0.228120,0.013895,-0.077167,0.368960,-0.097954,-0.698100,1.304988,0.000000,0.000000,0.977645,-0.333744,-0.111173,-0.079198,0.109293,0.000000,0.000000
-2.397892,-0.000441,0.862104,-0.104046,-0.002700,0.993373,-0.048754,0.227098,-0.042525,-0.193205,0.608156,0.408225,0.028635,-0.406601,0.012741,-0.107101,0.213184,-0.332338,-0.002404,-0.209822,0.013279,-0.059951,0.387332,-0.087463,-0.698100,1.320062,0.000000,0.000000,0.965780,-0.323234,-0.107654,-0.086206,0.103729,0.000000,0.000000
-2.432190,0.000995,0.860502,-0.102428,-0.003894,0.993975,-0.038820,0.235214,-0.049996,-0.191480,0.642834,0.407373,0.025216,-0.401653,0.029284,-0.096725,0.160420,-0.325768,-0.002176,-0.193719,0.012635,-0.040813,0.401344,-0.081307,-0.698100,1.331670,0.000000,0.000000,0.952172,-0.312267,-0.105700,-0.091022,0.096787,0.000000,0.000000
-2.466260,0.001365,0.858993,-0.100418,-0.002682,0.994367,-0.033803,0.240107,-0.057515,-0.189831,0.684757,0.398995,0.022064,-0.396005,0.039584,-0.094256,0.123117,-0.322663,-0.001893,-0.183090,0.012070,-0.021106,0.409622,-0.079482,-0.698100,1.338705,0.000000,0.000000,0.937380,-0.302584,-0.106512,-0.094478,0.089767,0.000000,0.000000
-2.500042,0.000966,0.857991,-0.097481,-0.000035,0.994718,-0.032140,0.241500,-0.065285,-0.188116,0.739466,0.385526,0.018899,-0.387515,0.045502,-0.098087,0.096723,-0.321284,-0.001506,-0.176275,0.011566,0.001519,0.413447,-0.081451,-0.698100,1.342764,0.000000,0.000000,0.919261,-0.292515,-0.109021,-0.096091,0.080598,0.000000,0.000000
-2.533478,-0.000287,0.858232,-0.093875,0.003760,0.995006,-0.033721,0.238071,-0.072084,-0.186483,0.805769,0.371025,0.016024,-0.376221,0.045428,-0.108103,0.085587,-0.322690,-0.001067,-0.174263,0.011128,0.025819,0.412201,-0.087270,-0.698100,1.343720,0.000000,0.000000,0.897712,-0.282432,-0.112487,-0.094914,0.069573,0.000000,0.000000
-2.566594,-0.001898,0.859855,-0.089678,0.008137,0.995224,-0.037701,0.229903,-0.076458,-0.185153,0.878576,0.359350,0.013873,-0.362956,0.039586,-0.120561,0.092557,-0.328757,-0.000654,-0.176744,0.010892,0.049999,0.406663,-0.095774,-0.671854,1.342861,0.000000,0.000000,0.873495,-0.272929,-0.115619,-0.090513,0.058259,0.000000,0.000000
-2.599466,-0.003586,0.862237,-0.084946,0.012042,0.995433,-0.041868,0.217970,-0.077749,-0.181810,0.952541,0.351145,0.012381,-0.348734,0.030638,-0.130532,0.116939,-0.338648,-0.000260,-0.180314,0.010738,0.073375,0.399452,-0.104745,-0.623966,1.342603,0.000000,0.000000,0.847164,-0.263986,-0.116033,-0.083046,0.048568,0.000000,0.000000
-2.632201,-0.004986,0.864475,-0.079742,0.014502,0.995738,-0.044005,0.203697,-0.074698,-0.171131,1.026185,0.343863,0.011207,-0.333541,0.021894,-0.133610,0.156252,-0.351383,0.000035,-0.181349,0.010498,0.096737,0.392892,-0.112653,-0.567382,1.345062,0.000000,0.000000,0.818092,-0.255092,-0.111716,-0.072621,0.041577,0.000000,0.000000
-2.664833,-0.005955,0.865778,-0.074243,0.016001,0.996122,-0.044427,0.188069,-0.069919,-0.158162,1.097628,0.334578,0.010357,-0.317693,0.014131,-0.128742,0.206957,-0.367036,-0.000049,-0.179371,0.010164,0.120110,0.387628,-0.119362,-0.505314,1.351263,0.000000,0.000000,0.786103,-0.246193,-0.102630,-0.059476,0.037962,0.000000,0.000000
-2.697401,-0.006447,0.865509,-0.068650,0.016895,0.996559,-0.043275,0.171628,-0.064527,-0.144479,1.165148,0.320806,0.009776,-0.301130,0.007851,-0.116596,0.264741,-0.386034,-0.000728,-0.174761,0.009653,0.143323,0.383288,-0.125165,-0.438805,1.361332,0.000000,0.000000,0.751192,-0.237964,-0.089151,-0.044114,0.037532,0.000000,0.000000
-2.729936,-0.006410,0.863376,-0.063196,0.017349,0.997027,-0.040520,0.154745,-0.058872,-0.130291,1.226522,0.301482,0.009438,-0.283861,0.003828,-0.098575,0.324061,-0.408248,-0.002090,-0.167718,0.009070,0.165879,0.379194,-0.130256,-0.369488,1.374499,0.000000,0.000000,0.713844,-0.231111,-0.071569,-0.027475,0.039535,0.000000,0.000000
-2.762477,-0.005828,0.859347,-0.058101,0.017454,0.997502,-0.036175,0.136946,-0.052753,-0.115009,1.282542,0.276012,0.009292,-0.265172,0.002444,-0.075691,0.382462,-0.434840,-0.004038,-0.157791,0.008290,0.188277,0.374661,-0.135214,-0.296238,1.389572,0.000000,0.000000,0.673057,-0.225848,-0.049690,-0.010078,0.042908,0.000000,0.000000
-2.795074,-0.004778,0.853880,-0.053518,0.017284,0.997952,-0.030464,0.118502,-0.046353,-0.099197,1.331100,0.246063,0.009313,-0.244999,0.003767,-0.050062,0.434731,-0.465657,-0.006364,-0.144934,0.007376,0.209817,0.369519,-0.140118,-0.221830,1.404542,0.000000,0.000000,0.629838,-0.222440,-0.024598,0.006312,0.046556,0.000000,0.000000
-2.827818,-0.003337,0.847334,-0.049525,0.016998,0.998344,-0.023814,0.098940,-0.039765,-0.083251,1.372721,0.212467,0.009457,-0.222506,0.007356,-0.022694,0.480011,-0.500518,-0.008862,-0.128898,0.006304,0.230983,0.363827,-0.145533,-0.146257,1.418062,0.000000,0.000000,0.583624,-0.220615,0.003155,0.020266,0.050060,0.000000,0.000000
-2.860808,-0.001832,0.840256,-0.046133,0.016776,0.998653,-0.016795,0.078762,-0.033795,-0.068322,1.405706,0.177403,0.009619,-0.197740,0.011804,0.003442,0.516725,-0.537322,-0.011278,-0.110433,0.005122,0.251496,0.358242,-0.151480,-0.073607,1.428656,0.000000,0.000000,0.536029,-0.219991,0.031464,0.029234,0.053517,0.000000,0.000000
-2.894081,-0.000221,0.832885,-0.043286,0.016909,0.998868,-0.010152,0.057620,-0.028580,-0.055167,1.430298,0.141002,0.009823,-0.170282,0.016463,0.028121,0.545194,-0.577485,-0.013537,-0.090229,0.003844,0.272270,0.353543,-0.158432,-0.005676,1.436083,0.000000,0.000000,0.487142,-0.220386,0.058709,0.030991,0.057762,0.000000,0.000000
-2.927130,0.001353,0.826474,-0.040940,0.017610,0.998998,-0.004116,0.035637,-0.024728,-0.044205,1.445610,0.104557,0.009970,-0.141026,0.020042,0.049639,0.561339,-0.601273,-0.015734,-0.069320,0.002500,0.293604,0.350657,-0.166349,0.052337,1.440520,0.000000,0.000000,0.439082,-0.221769,0.082612,0.023492,0.063495,0.000000,0.000000
-2.959807,0.002753,0.821514,-0.039295,0.019016,0.999046,0.001208,0.012073,-0.022549,-0.035014,1.451948,0.068054,0.009946,-0.110131,0.021568,0.067764,0.564241,-0.606042,-0.018054,-0.048027,0.001182,0.316254,0.350351,-0.175212,0.097255,1.442845,0.000000,0.000000,0.392198,-0.223921,0.102180,0.005278,0.072056,0.000000,0.000000
-2.992360,0.003964,0.816951,-0.038242,0.021378,0.999024,0.005559,-0.012849,-0.022450,-0.027591,1.449491,0.030640,0.009649,-0.078019,0.020382,0.081210,0.560565,-0.609412,-0.020341,-0.026779,-0.000120,0.341367,0.352942,-0.184981,0.126486,1.443325,0.000000,0.000000,0.347243,-0.227012,0.116447,-0.024343,0.084008,0.000000,0.000000
-3.024795,0.004771,0.813346,-0.037816,0.024666,0.998940,0.008944,-0.039646,-0.024896,-0.021422,1.441867,-0.012115,0.008846,-0.043790,0.016077,0.089811,0.546697,-0.613389,-0.022595,-0.006305,-0.001358,0.369680,0.358873,-0.194729,0.137247,1.441251,0.000000,0.000000,0.305499,-0.231733,0.124849,-0.064956,0.100775,0.000000,0.000000
-3.055671,0.005688,0.809323,-0.037882,0.029035,0.998792,0.011683,-0.067867,-0.029436,-0.016636,1.424355,-0.051151,0.007571,-0.013433,0.009136,0.092714,0.536082,-0.617278,-0.024654,0.013809,-0.002566,0.401199,0.367644,-0.203531,0.130110,1.436088,0.000000,0.000000,0.268480,-0.237568,0.127862,-0.114995,0.118483,0.000000,0.000000
-3.084309,0.006638,0.805081,-0.038838,0.033802,0.998568,0.014553,-0.099665,-0.034967,-0.011127,1.399635,-0.087514,0.005697,0.012223,0.000684,0.092570,0.527781,-0.620864,-0.026656,0.034732,-0.003774,0.433883,0.379246,-0.210563,0.108648,1.426460,0.000000,0.000000,0.234221,-0.243993,0.127678,-0.171690,0.136173,0.000000,0.000000
-3.110886,0.007613,0.800361,-0.040858,0.038314,0.998272,0.017785,-0.135232,-0.040179,-0.004082,1.368061,-0.120740,0.003358,0.032724,-0.007914,0.091236,0.523003,-0.623878,-0.028573,0.057139,-0.004994,0.466026,0.393779,-0.214970,0.076817,1.411381,0.000000,0.000000,0.201484,-0.250571,0.125673,-0.232414,0.152303,0.000000,0.000000
-3.136427,0.008646,0.794675,-0.043902,0.042060,0.997917,0.021560,-0.172882,-0.044002,0.004754,1.328838,-0.150147,0.000765,0.048810,-0.015453,0.090180,0.522889,-0.626275,-0.030344,0.081591,-0.006211,0.496702,0.410942,-0.216214,0.038184,1.390590,0.000000,0.000000,0.169898,-0.257160,0.122835,-0.295287,0.165581,0.000000,0.000000
-3.162307,0.009823,0.787535,-0.047673,0.044834,0.997518,0.025998,-0.209983,-0.045913,0.015236,1.281117,-0.175467,-0.001886,0.062124,-0.021198,0.090511,0.527953,-0.628208,-0.032019,0.108353,-0.007530,0.525996,0.429999,-0.213781,-0.004166,1.365111,0.000000,0.000000,0.139892,-0.263817,0.119843,-0.358994,0.175042,0.000000,0.000000
-3.189515,0.011224,0.782112,-0.051706,0.046723,0.997084,0.031086,-0.243502,-0.045964,0.026872,1.225387,-0.196970,-0.004441,0.074173,-0.025042,0.092553,0.538468,-0.629855,-0.033627,0.136826,-0.008864,0.554416,0.449610,-0.207427,-0.047313,1.337202,0.000000,0.000000,0.112346,-0.271387,0.117005,-0.422083,0.180503,0.000000,0.000000
-3.218359,0.012857,0.784046,-0.055608,0.047959,0.996632,0.036503,-0.272933,-0.044706,0.039084,1.161320,-0.215374,-0.006786,0.086094,-0.027406,0.095614,0.555072,-0.631380,-0.035196,0.166612,-0.010223,0.583322,0.468905,-0.196999,-0.090158,1.308948,0.000000,0.000000,0.087300,-0.280757,0.114339,-0.484648,0.182155,0.000000,0.000000
-3.248225,0.014654,0.794069,-0.059404,0.048443,0.996156,0.042406,-0.298014,-0.042136,0.051578,1.089270,-0.230096,-0.008733,0.098207,-0.028534,0.098959,0.568607,-0.597014,-0.037112,0.197022,-0.011541,0.612790,0.486644,-0.182148,-0.130916,1.283429,0.000000,0.000000,0.064671,-0.292029,0.112306,-0.545478,0.180947,0.000000,0.000000
-3.279258,0.016514,0.801101,-0.062977,0.048400,0.995670,0.048294,-0.318727,-0.038872,0.063408,1.010454,-0.241170,-0.010100,0.111169,-0.029146,0.100450,0.579328,-0.532545,-0.039056,0.226942,-0.012800,0.643170,0.501758,-0.163230,-0.168633,1.262674,0.000000,0.000000,0.044456,-0.305322,0.110611,-0.603561,0.177517,0.000000,0.000000
-3.311297,0.018461,0.800966,-0.066431,0.047851,0.995151,0.054522,-0.335483,-0.034826,0.075003,0.925516,-0.248884,-0.010901,0.125298,-0.029976,0.098973,0.585244,-0.434672,-0.040776,0.256341,-0.013989,0.678541,0.514436,-0.137399,-0.207433,1.245930,0.000000,0.000000,0.028122,-0.320873,0.108269,-0.660557,0.172840,0.000000,0.000000
-3.343728,0.019980,0.780092,-0.069185,0.047264,0.994699,0.059604,-0.348533,-0.031896,0.083556,0.835745,-0.253005,-0.010920,0.139579,-0.032842,0.090726,0.592631,-0.318283,-0.041608,0.282135,-0.014969,0.713171,0.521529,-0.110108,-0.239252,1.236562,0.000000,0.000000,0.013095,-0.338549,0.106318,-0.698100,0.168002,0.000000,0.000000
-3.376333,0.020879,0.799273,-0.071763,0.046680,0.994279,0.063877,-0.358642,-0.030493,0.089092,0.740018,-0.253471,-0.010278,0.153549,-0.038770,0.075963,0.599972,-0.182762,-0.041591,0.304597,-0.015726,0.747033,0.523141,-0.081389,-0.265921,1.232721,0.000000,0.000000,-0.000623,-0.358280,0.104536,-0.698100,0.163179,0.000000,0.000000
-3.409140,0.021023,0.818759,-0.074281,0.046108,0.993902,0.067190,-0.366108,-0.030629,0.090667,0.640874,-0.250398,-0.008934,0.167071,-0.047071,0.058881,0.606534,-0.037787,-0.041068,0.323128,-0.016255,0.778886,0.520143,-0.052433,-0.287839,1.232265,0.000000,0.000000,-0.013211,-0.378524,0.103196,-0.698100,0.158873,0.000000,0.000000
-3.442340,0.020340,0.834143,-0.076787,0.045645,0.993593,0.069234,-0.370380,-0.032434,0.087555,0.539458,-0.244488,-0.006995,0.180180,-0.056181,0.044711,0.612686,0.099319,-0.040552,0.337233,-0.016653,0.808009,0.513544,-0.023962,-0.305989,1.232873,0.000000,0.000000,-0.024719,-0.398563,0.102278,-0.698100,0.155862,0.000000,0.000000
-3.476133,0.018844,0.845333,-0.079245,0.045449,0.993381,0.069640,-0.371804,-0.036102,0.079345,0.436564,-0.236612,-0.004662,0.192975,-0.064208,0.038301,0.620440,0.213211,-0.040503,0.346440,-0.016879,0.834260,0.503989,0.003518,-0.321541,1.232969,0.000000,0.000000,-0.034648,-0.418127,0.101497,-0.698100,0.154718,0.000000,0.000000
-3.510397,0.016884,0.852108,-0.081618,0.045244,0.993301,0.068156,-0.372049,-0.040532,0.066915,0.338202,-0.229797,-0.002098,0.204454,-0.068040,0.043369,0.635724,0.285254,-0.040905,0.351436,-0.016973,0.854817,0.493577,0.027636,-0.333096,1.232085,0.000000,0.000000,-0.042280,-0.436366,0.099740,-0.698100,0.154960,0.000000,0.000000
-3.545289,0.014813,0.855115,-0.083696,0.045216,0.993329,0.065173,-0.369625,-0.045383,0.052121,0.244124,-0.221611,0.000211,0.214826,-0.067941,0.056893,0.655847,0.324094,-0.041548,0.351487,-0.016918,0.873400,0.481660,0.050779,-0.345165,1.230257,0.000000,0.000000,-0.046869,-0.453445,0.097926,-0.698100,0.156920,0.000000,0.000000
-3.580425,0.012869,0.855021,-0.085295,0.044914,0.993464,0.061133,-0.367173,-0.050186,0.038708,0.162003,-0.215505,0.001909,0.223701,-0.064458,0.074351,0.684678,0.331185,-0.042040,0.348819,-0.016774,0.887093,0.470305,0.070253,-0.355351,1.228646,0.000000,0.000000,-0.047742,-0.467889,0.095635,-0.698100,0.158825,0.000000,0.000000
-3.615933,0.011040,0.852909,-0.086091,0.044578,0.993697,0.056286,-0.362379,-0.055588,0.027015,0.088106,-0.208897,0.002959,0.231177,-0.059468,0.091700,0.721189,0.317475,-0.042340,0.342684,-0.016516,0.899492,0.458113,0.088610,-0.366987,1.227530,0.000000,0.000000,-0.045295,-0.480526,0.094020,-0.698100,0.160837,0.000000,0.000000
-3.651345,0.009571,0.849625,-0.085810,0.044149,0.994006,0.051368,-0.355888,-0.061759,0.019340,0.024993,-0.202007,0.003285,0.237063,-0.055434,0.102839,0.766075,0.293369,-0.042172,0.334366,-0.016203,0.910309,0.445189,0.104989,-0.379556,1.227932,0.000000,0.000000,-0.039814,-0.490422,0.094257,-0.698100,0.161837,0.000000,0.000000
-3.686532,0.008268,0.846772,-0.084662,0.043711,0.994361,0.046558,-0.348755,-0.068775,0.016211,-0.017450,-0.195947,0.002975,0.240934,-0.053904,0.107019,0.814664,0.268529,-0.041780,0.325115,-0.015833,0.918221,0.432224,0.117910,-0.391503,1.230379,0.000000,0.000000,-0.032279,-0.497103,0.096507,-0.698100,0.160907,0.000000,0.000000
-3.721418,0.006947,0.847636,-0.082874,0.043369,0.994724,0.042140,-0.340309,-0.077969,0.016506,-0.017450,-0.190691,0.001939,0.243333,-0.055400,0.106064,0.874527,0.243710,-0.041227,0.313739,-0.015376,0.923865,0.416513,0.129306,-0.404248,1.235497,0.000000,0.000000,-0.021738,-0.501951,0.101323,-0.698100,0.157361,0.000000,0.000000
-3.756022,0.005540,0.848559,-0.080628,0.043317,0.995070,0.038178,-0.329619,-0.090119,0.019360,-0.017450,-0.185535,0.000174,0.243835,-0.061104,0.100921,0.950645,0.222980,-0.040410,0.299301,-0.014765,0.925682,0.396142,0.138515,-0.417566,1.244207,0.000000,0.000000,-0.006967,-0.504917,0.109732,-0.693696,0.150053,0.000000,0.000000
-3.790439,0.004077,0.849211,-0.077983,0.043631,0.995396,0.034667,-0.318624,-0.102373,0.022209,-0.017450,-0.180842,-0.001788,0.241856,-0.070144,0.094690,1.027939,0.214362,-0.039508,0.284549,-0.014027,0.921316,0.374520,0.142436,-0.427456,1.254589,0.000000,0.000000,0.010039,-0.504939,0.120419,-0.654411,0.140167,0.000000,0.000000
-3.824746,0.002753,0.849536,-0.074872,0.044245,0.995719,0.031295,-0.307819,-0.113026,0.022534,-0.017450,-0.177926,-0.003512,0.237743,-0.080192,0.089861,1.102048,0.215399,-0.038410,0.270101,-0.013230,0.910769,0.353072,0.141236,-0.433038,1.265070,0.000000,0.000000,0.029058,-0.501551,0.132029,-0.602726,0.129430,0.000000,0.000000
-3.859001,0.001811,0.849561,-0.071149,0.045060,0.996062,0.027718,-0.297373,-0.121154,0.018561,-0.017450,-0.176546,-0.004685,0.231903,-0.089435,0.086988,1.174078,0.220361,-0.036814,0.255403,-0.012394,0.894366,0.332247,0.135709,-0.434423,1.274766,0.000000,0.000000,0.050656,-0.494722,0.143518,-0.544575,0.119055,0.000000,0.000000
-3.893210,0.001309,0.849288,-0.066757,0.045986,0.996429,0.023626,-0.287350,-0.126832,0.009688,-0.017450,-0.178254,-0.005156,0.224606,-0.096836,0.085376,1.244988,0.223662,-0.034579,0.239817,-0.011442,0.872243,0.312432,0.126045,-0.431719,1.283010,0.000000,0.000000,0.075607,-0.484199,0.153898,-0.480670,0.110016,0.000000,0.000000
-3.927325,0.001119,0.852080,-0.061723,0.046874,0.996818,0.018642,-0.278611,-0.130340,-0.003414,0.028879,-0.186538,-0.005361,0.216388,-0.102091,0.083101,1.311729,0.220915,-0.032136,0.223610,-0.010468,0.845440,0.295109,0.112703,-0.425324,1.289594,0.000000,0.000000,0.103188,-0.470153,0.161658,-0.413871,0.103308,0.000000,0.000000
-3.961281,0.001044,0.854742,-0.056232,0.047748,0.997196,0.012591,-0.270434,-0.133199,-0.020084,0.098105,-0.203595,-0.005284,0.207176,-0.106115,0.078584,1.374638,0.210169,-0.029874,0.206359,-0.009398,0.813721,0.280170,0.095371,-0.415570,1.295321,0.000000,0.000000,0.133397,-0.452720,0.166263,-0.343650,0.099152,0.000000,0.000000
-3.995022,0.000962,0.855538,-0.050559,0.048646,0.997521,0.005456,-0.261596,-0.136579,-0.039048,0.172456,-0.230016,-0.004772,0.197008,-0.109713,0.071066,1.432222,0.191644,-0.028158,0.188084,-0.008306,0.777105,0.267417,0.074090,-0.402650,1.301056,0.000000,0.000000,0.165222,-0.432632,0.167157,-0.271139,0.097699,0.000000,0.000000
-4.028535,0.000877,0.854268,-0.044956,0.049550,0.997756,-0.002559,-0.250813,-0.140789,-0.059456,0.245670,-0.266137,-0.003874,0.185473,-0.113405,0.060580,1.484309,0.166984,-0.027037,0.168571,-0.007110,0.734872,0.256091,0.048989,-0.386289,1.307539,0.000000,0.000000,0.197986,-0.410779,0.164437,-0.196062,0.098523,0.000000,0.000000
-4.061026,0.000915,0.850985,-0.039461,0.050519,0.997866,-0.012451,-0.237656,-0.145951,-0.082490,0.315631,-0.316952,-0.002518,0.170550,-0.117069,0.044876,1.535672,0.133183,-0.026359,0.147566,-0.005812,0.680596,0.246057,0.015889,-0.359709,1.317465,0.000000,0.000000,0.229003,-0.386610,0.157345,-0.112738,0.100336,0.000000,0.000000
-4.094112,0.001305,0.846722,-0.034783,0.050787,0.997872,-0.021517,-0.220534,-0.149326,-0.103125,0.373876,-0.370343,-0.000981,0.154360,-0.119679,0.029511,1.574931,0.101617,-0.026076,0.126353,-0.004461,0.623677,0.236648,-0.015624,-0.333894,1.327111,0.000000,0.000000,0.259605,-0.363751,0.147891,-0.034026,0.103880,0.000000,0.000000
-4.127620,0.002247,0.841910,-0.030416,0.050320,0.997821,-0.029930,-0.198665,-0.150026,-0.121881,0.420993,-0.424066,0.000854,0.136552,-0.120415,0.014318,1.603842,0.072049,-0.025903,0.104928,-0.003081,0.564727,0.228586,-0.044592,-0.309454,1.336219,0.000000,0.000000,0.289940,-0.342596,0.136896,0.041005,0.108615,0.000000,0.000000
-4.161643,0.003761,0.836824,-0.026456,0.048932,0.997747,-0.037495,-0.172166,-0.147329,-0.138269,0.457642,-0.477723,0.003010,0.116997,-0.118748,-0.000912,1.622485,0.043184,-0.025666,0.083267,-0.001680,0.504309,0.222454,-0.069843,-0.288583,1.344744,0.000000,0.000000,0.320224,-0.322957,0.125286,0.111043,0.114474,0.000000,0.000000
-4.196194,0.006119,0.831934,-0.022983,0.045941,0.997762,-0.042809,-0.142366,-0.139037,-0.148181,0.483645,-0.526790,0.005465,0.095869,-0.113536,-0.013850,1.630150,0.014795,-0.025195,0.064282,-0.000353,0.445315,0.220002,-0.088812,-0.274961,1.353118,0.000000,0.000000,0.350020,-0.304451,0.114605,0.171446,0.121554,0.000000,0.000000
-4.231100,0.008377,0.827088,-0.020039,0.042423,0.997747,-0.047958,-0.110448,-0.128894,-0.157240,0.500991,-0.568683,0.008259,0.073906,-0.107207,-0.027782,1.627469,-0.014803,-0.024416,0.045170,0.000865,0.388712,0.220517,-0.102693,-0.271118,1.361181,0.000000,0.000000,0.380557,-0.288281,0.104121,0.220255,0.129987,0.000000,0.000000
-4.265910,0.010367,0.822302,-0.017668,0.038495,0.997670,-0.053482,-0.077571,-0.117499,-0.166292,0.511412,-0.601843,0.011427,0.050990,-0.100537,-0.044164,1.615032,-0.046571,-0.023111,0.024455,0.002069,0.334977,0.223412,-0.111164,-0.278356,1.368563,0.000000,0.000000,0.412643,-0.274689,0.093935,0.255613,0.139895,0.000000,0.000000
-4.299476,0.012042,0.818557,-0.016072,0.034198,0.997530,-0.059204,-0.046039,-0.105320,-0.174955,0.512337,-0.611694,0.014994,0.026033,-0.094209,-0.062165,1.594410,-0.079471,-0.021083,0.002883,0.003221,0.285386,0.227668,-0.114235,-0.296333,1.373961,0.000000,0.000000,0.445167,-0.263770,0.084703,0.276129,0.150989,0.000000,0.000000
-4.331475,0.013300,0.814712,-0.015238,0.029723,0.997324,-0.065034,-0.017518,-0.093157,-0.182709,0.512091,-0.615945,0.018689,-0.001484,-0.088813,-0.081362,1.566648,-0.113220,-0.018266,-0.019383,0.004317,0.239514,0.232153,-0.112792,-0.323679,1.375257,0.000000,0.000000,0.477976,-0.255507,0.076244,0.282925,0.162887,0.000000,0.000000
-4.361268,0.014134,0.810225,-0.015237,0.025366,0.997051,-0.070802,0.006159,-0.081877,-0.189169,0.515359,-0.619230,0.022225,-0.032352,-0.084998,-0.101002,1.532496,-0.146538,-0.014755,-0.042065,0.005339,0.196782,0.235632,-0.107956,-0.358309,1.369826,0.000000,0.000000,0.510253,-0.250382,0.068457,0.277856,0.174976,0.000000,0.000000
-4.388685,0.014591,0.804977,-0.016136,0.021538,0.996724,-0.076263,0.024222,-0.072377,-0.194068,0.523460,-0.617805,0.025353,-0.066904,-0.083439,-0.120322,1.491971,-0.177766,-0.010832,-0.064892,0.006332,0.156526,0.237210,-0.101017,-0.397758,1.356527,0.000000,0.000000,0.541133,-0.248993,0.061039,0.263614,0.186377,0.000000,0.000000
-4.414321,0.014734,0.800758,-0.017965,0.018628,0.996362,-0.081198,0.037675,-0.065254,-0.197312,0.532677,-0.597958,0.028037,-0.104256,-0.084617,-0.138789,1.444137,-0.204905,-0.006874,-0.087675,0.007297,0.118157,0.236410,-0.093221,-0.440068,1.335155,0.000000,0.000000,0.569875,-0.251843,0.053448,0.243053,0.196635,0.000000,0.000000
-4.439942,0.014512,0.802453,-0.020433,0.016775,0.995976,-0.085630,0.048644,-0.060690,-0.198994,0.543769,-0.565352,0.030161,-0.141375,-0.088430,-0.156249,1.387789,-0.227266,-0.003232,-0.110463,0.008245,0.081806,0.234208,-0.085210,-0.484096,1.307153,0.000000,0.000000,0.596793,-0.258702,0.044749,0.218626,0.205693,0.000000,0.000000
-4.466860,0.013841,0.808971,-0.023036,0.015913,0.995570,-0.089753,0.059317,-0.058397,-0.199323,0.556549,-0.521761,0.031686,-0.175255,-0.094504,-0.172916,1.322489,-0.244997,-0.000153,-0.133747,0.009259,0.048324,0.232122,-0.077028,-0.529169,1.275510,0.000000,0.000000,0.622775,-0.268702,0.034301,0.192334,0.214162,0.000000,0.000000
-4.495624,0.012684,0.822799,-0.025409,0.015905,0.995136,-0.093837,0.071007,-0.057835,-0.198603,0.569895,-0.466275,0.032646,-0.204186,-0.102454,-0.189306,1.248816,-0.258557,0.002248,-0.157892,0.010282,0.018364,0.231777,-0.068360,-0.574817,1.244379,0.000000,0.000000,0.648514,-0.280701,0.021465,0.165695,0.222597,0.000000,0.000000
-4.526106,0.011077,0.826904,-0.027438,0.016684,0.994657,-0.098117,0.084021,-0.058507,-0.197138,0.582629,-0.396335,0.033063,-0.227877,-0.112050,-0.205854,1.167992,-0.268280,0.003918,-0.182959,0.011319,-0.007859,0.234367,-0.058963,-0.620271,1.217729,0.000000,0.000000,0.674380,-0.293577,0.005690,0.139817,0.231276,0.000000,0.000000
-4.558101,0.009202,0.828708,-0.029326,0.018373,0.994067,-0.103116,0.098630,-0.059574,-0.195356,0.590230,-0.303500,0.033077,-0.246783,-0.123313,-0.223571,1.080904,-0.274561,0.004953,-0.210064,0.012389,-0.029542,0.240275,-0.046898,-0.666363,1.196906,0.000000,0.000000,0.702508,-0.307352,-0.014004,0.112034,0.240886,0.000000,0.000000
-4.591003,0.007647,0.830599,-0.030718,0.019991,0.993583,-0.107001,0.113637,-0.058620,-0.189190,0.597182,-0.199398,0.032454,-0.261553,-0.132891,-0.238870,0.989329,-0.277424,0.005386,-0.234647,0.013320,-0.047980,0.250069,-0.034351,-0.698100,1.186168,0.000000,0.000000,0.728842,-0.318916,-0.034312,0.088567,0.249797,0.000000,0.000000
-4.624524,0.006853,0.832553,-0.032075,0.021092,0.993301,-0.108997,0.129000,-0.053067,-0.174248,0.600342,-0.079583,0.031067,-0.273671,-0.139011,-0.251162,0.889664,-0.276163,0.005475,-0.256141,0.014099,-0.063814,0.264436,-0.020147,-0.698100,1.183969,0.000000,0.000000,0.754275,-0.328152,-0.054738,0.067078,0.258042,0.000000,0.000000
-4.658490,0.006801,0.813871,-0.033578,0.022021,0.993144,-0.109783,0.144377,-0.044329,-0.155467,0.598123,0.047934,0.029437,-0.283246,-0.141759,-0.260617,0.784631,-0.270615,0.005270,-0.274984,0.014722,-0.077380,0.282435,-0.004731,-0.698100,1.187569,0.000000,0.000000,0.777991,-0.335014,-0.074432,0.047414,0.264572,0.000000,0.000000
-4.691554,0.007613,0.830663,-0.036487,0.021706,0.992817,-0.111855,0.160651,-0.024081,-0.106141,0.588741,0.243717,0.024757,-0.291629,-0.136427,-0.275670,0.665678,-0.242073,0.007764,-0.297663,0.015461,-0.095564,0.302945,0.006105,-0.698100,1.204055,0.000000,0.000000,0.799881,-0.341877,-0.092202,0.026356,0.277062,0.000000,0.000000
-4.726318,0.009184,0.847457,-0.039161,0.022294,0.992918,-0.109922,0.175477,-0.012388,-0.086524,0.582995,0.351716,0.023445,-0.297107,-0.132178,-0.280296,0.554174,-0.233453,0.007129,-0.309928,0.015856,-0.107406,0.325370,0.024324,-0.698100,1.214203,0.000000,0.000000,0.817119,-0.343398,-0.109612,0.011336,0.278273,0.000000,0.000000
-4.761445,0.011836,0.858865,-0.041310,0.022726,0.993192,-0.106518,0.188894,-0.004727,-0.083118,0.590210,0.422152,0.023733,-0.300581,-0.124458,-0.278232,0.445539,-0.229976,0.005687,-0.318169,0.016108,-0.116071,0.347086,0.040153,-0.698100,1.224260,0.000000,0.000000,0.832746,-0.341305,-0.124775,-0.001777,0.273625,0.000000,0.000000
-4.797632,0.015413,0.865709,-0.043544,0.022987,0.993668,-0.100994,0.201346,-0.003352,-0.100193,0.602498,0.454451,0.025517,-0.300917,-0.112950,-0.268054,0.333434,-0.222253,0.003584,-0.322246,0.016259,-0.122937,0.378347,0.052908,-0.698100,1.223254,0.000000,0.000000,0.848895,-0.339497,-0.137873,-0.017062,0.267132,0.000000,0.000000
-4.833835,0.018361,0.867605,-0.044520,0.022684,0.994184,-0.095400,0.212973,-0.006531,-0.127246,0.627467,0.447551,0.027727,-0.298155,-0.101886,-0.255449,0.222493,-0.212419,0.001136,-0.321377,0.016229,-0.130867,0.405637,0.063526,-0.698100,1.224799,0.000000,0.000000,0.866112,-0.338574,-0.149824,-0.031838,0.267005,0.000000,0.000000
