0.000000,0.000000,0.795837,-0.012381,0.004558,0.679297,0.733745,-0.027969,0.015194,0.132876,0.647848,-0.611651,-0.004541,0.130141,-0.032285,-0.015555,1.190124,-0.502841,-0.021961,0.182940,-0.007406,0.757726,0.358571,0.012990,0.201638,1.046646,0.000000,0.000000,0.515693,-0.400971,0.221531,0.061161,0.055294,0.000000,0.000000
-0.011780,0.012044,0.787199,-0.013702,0.010527,0.709291,0.704704,-0.049094,-0.004946,0.063934,0.689384,-0.613431,0.001807,0.088681,-0.038916,-0.068253,1.264784,-0.566907,-0.013327,0.097012,-0.004506,0.724390,0.347374,-0.003416,0.164363,1.138576,0.000000,0.000000,0.549013,-0.390624,0.187440,0.085466,0.008734,0.000000,0.000000
-0.015942,0.034206,0.782082,-0.012256,0.010862,0.724927,0.688631,-0.037281,-0.011739,0.025704,0.698515,-0.614124,0.006352,0.059839,-0.028514,-0.078049,1.306748,-0.548220,-0.007616,0.050216,-0.002581,0.677276,0.314546,-0.122990,0.115767,1.049844,0.000000,0.000000,0.568945,-0.376189,0.292122,0.106985,0.037192,0.000000,0.000000
-0.008534,0.061974,0.776759,-0.009757,0.010625,0.737204,0.675517,-0.012593,0.000573,0.002182,0.697445,-0.616620,0.013322,0.032703,0.032966,-0.020629,1.333523,-0.574141,0.000450,0.008327,-0.000430,0.632638,0.346339,-0.058035,0.147300,1.163170,0.000000,0.000000,0.610304,-0.384240,0.170288,0.151638,0.001739,0.000000,0.000000
-0.008657,0.086517,0.774160,-0.009973,0.004480,0.741076,0.671332,0.013874,0.012873,-0.000080,0.691820,-0.619839,0.016857,0.005800,0.040968,-0.030203,1.338173,-0.585122,0.004953,-0.010030,0.000568,0.593479,0.360436,-0.062530,0.142387,1.200068,0.000000,0.000000,0.645880,-0.378626,0.159046,0.179816,-0.005165,0.000000,0.000000
-0.008356,0.108758,0.771830,-0.011416,-0.000206,0.745389,0.666532,0.038960,0.026797,-0.003417,0.681509,-0.623333,0.021060,-0.031758,0.042058,-0.057045,1.328672,-0.555665,0.010926,-0.030084,0.001831,0.550639,0.380980,-0.106829,0.083940,1.284945,0.000000,0.000000,0.679170,-0.370647,0.158828,0.204903,-0.011431,0.000000,0.000000
-0.018397,0.128798,0.768860,-0.013901,-0.004344,0.749480,0.661866,0.058102,0.027207,-0.008527,0.677270,-0.625929,0.022116,-0.070420,0.000036,-0.120690,1.306456,-0.528381,0.011958,-0.052509,0.002991,0.508833,0.393609,-0.122748,0.055105,1.312150,0.000000,0.000000,0.710647,-0.367375,0.159131,0.214887,-0.013051,0.000000,0.000000
-0.039778,0.146747,0.765970,-0.010706,-0.002109,0.758477,0.651608,0.074452,-0.004194,-0.034012,0.675911,-0.627692,0.018234,-0.109205,-0.095049,-0.198820,1.289371,-0.500978,0.001225,-0.091957,0.004640,0.462980,0.391720,-0.133779,0.023418,1.318413,0.000000,0.000000,0.746524,-0.372028,0.149866,0.224459,-0.022674,0.000000,0.000000
-0.038188,0.165830,0.764032,-0.009692,-0.001297,0.764455,0.644603,0.086316,0.000853,-0.048260,0.677515,-0.629280,0.022166,-0.149872,-0.103704,-0.216700,1.252341,-0.498062,0.003987,-0.130089,0.006348,0.429939,0.393974,-0.131585,0.003576,1.330735,0.000000,0.000000,0.777049,-0.383079,0.146576,0.230624,-0.021180,0.000000,0.000000
-0.030209,0.185298,0.763270,-0.010854,-0.004790,0.763070,0.646207,0.100056,0.023722,-0.039298,0.686124,-0.631368,0.027031,-0.192507,-0.079462,-0.191724,1.204401,-0.495091,0.006450,-0.159803,0.007753,0.406480,0.400331,-0.122378,-0.008622,1.333885,0.000000,0.000000,0.799759,-0.401704,0.163825,0.238656,0.017035,0.000000,0.000000
-0.029196,0.207670,0.762211,-0.012823,-0.005011,0.762434,0.646920,0.115204,0.033065,-0.031978,0.689287,-0.633780,0.028461,-0.231166,-0.075617,-0.195783,1.155467,-0.492921,0.009071,-0.179053,0.008669,0.381233,0.404194,-0.110725,-0.034345,1.332224,0.000000,0.000000,0.820146,-0.416537,0.162749,0.237790,0.027066,0.000000,0.000000
-0.030788,0.232878,0.763802,-0.014680,-0.003774,0.764692,0.644217,0.131783,0.036536,-0.036957,0.691409,-0.636354,0.030459,-0.265013,-0.079363,-0.214661,1.095490,-0.486683,0.012495,-0.199526,0.009368,0.359456,0.381064,-0.117047,-0.062930,1.260729,0.000000,0.000000,0.843993,-0.424443,0.153575,0.234327,0.032525,0.000000,0.000000
-0.031362,0.259154,0.755380,-0.015097,-0.000989,0.769076,0.638979,0.148270,0.039106,-0.049162,0.692872,-0.638951,0.033549,-0.294195,-0.082524,-0.236473,1.024028,-0.473179,0.016099,-0.223680,0.010805,0.334577,0.390736,-0.113041,-0.092650,1.255123,0.000000,0.000000,0.871704,-0.433746,0.135583,0.226971,0.036079,0.000000,0.000000
-0.031160,0.286558,0.777010,-0.015958,0.002885,0.774837,0.631953,0.163199,0.041388,-0.071153,0.694127,-0.636174,0.038408,-0.319477,-0.081891,-0.258426,0.935660,-0.451189,0.019784,-0.250642,0.011808,0.314725,0.382236,-0.119594,-0.128877,1.219198,0.000000,0.000000,0.897955,-0.439872,0.115314,0.215760,0.034007,0.000000,0.000000
-0.032298,0.313893,0.801648,-0.015760,0.008906,0.778900,0.626887,0.178961,0.035554,-0.094414,0.685147,-0.590675,0.041683,-0.341608,-0.089080,-0.289050,0.833278,-0.421068,0.022122,-0.285446,0.013920,0.291416,0.443539,-0.139549,-0.172271,1.312470,0.000000,0.000000,0.924996,-0.459640,0.102991,0.198098,0.021630,0.000000,0.000000
-0.033387,0.342498,0.819539,-0.016964,0.011680,0.782413,0.622419,0.193663,0.037562,-0.105775,0.681296,-0.535715,0.045299,-0.355904,-0.093973,-0.295552,0.735704,-0.393360,0.019637,-0.305149,0.014417,0.270012,0.446822,-0.134214,-0.212436,1.332536,0.000000,0.000000,0.945043,-0.466450,0.087173,0.187564,0.020910,0.000000,0.000000
-0.033001,0.372396,0.834624,-0.016073,0.016958,0.783155,0.621388,0.210236,0.033482,-0.118039,0.670438,-0.458621,0.047251,-0.365518,-0.097366,-0.296760,0.630494,-0.348121,0.016655,-0.322067,0.015001,0.256280,0.443584,-0.131462,-0.249682,1.331834,0.000000,0.000000,0.967116,-0.470840,0.065603,0.174694,0.026054,0.000000,0.000000
-0.033755,0.402006,0.845505,-0.013160,0.022840,0.782282,0.622366,0.225817,0.024808,-0.121802,0.663808,-0.377160,0.045860,-0.370693,-0.104150,-0.301534,0.525631,-0.312800,0.013229,-0.329034,0.015404,0.242631,0.439171,-0.131221,-0.286120,1.327994,0.000000,0.000000,0.987848,-0.473152,0.040502,0.165389,0.029220,0.000000,0.000000
-0.031993,0.432911,0.851802,-0.012407,0.026749,0.782386,0.622095,0.238448,0.023926,-0.128414,0.658959,-0.296175,0.047132,-0.372012,-0.102882,-0.300554,0.424889,-0.262571,0.011082,-0.335457,0.015840,0.233231,0.440295,-0.131393,-0.319267,1.327330,0.000000,0.000000,1.003816,-0.466861,0.016574,0.158661,0.029930,0.000000,0.000000
-0.030105,0.463840,0.854429,-0.012578,0.029181,0.782742,0.621535,0.248268,0.028310,-0.130515,0.657718,-0.218686,0.048949,-0.369660,-0.099403,-0.298846,0.328130,-0.214254,0.009514,-0.340927,0.016170,0.225882,0.445598,-0.134668,-0.352308,1.324066,0.000000,0.000000,1.014244,-0.459394,-0.002824,0.155220,0.026128,0.000000,0.000000
-0.028011,0.494964,0.854195,-0.012915,0.030525,0.782963,0.621185,0.255577,0.035298,-0.128628,0.663528,-0.158141,0.050630,-0.365956,-0.094547,-0.296378,0.246529,-0.172085,0.008386,-0.345499,0.016411,0.221874,0.453770,-0.136866,-0.381670,1.323530,0.000000,0.000000,1.018814,-0.452448,-0.017075,0.156158,0.026119,0.000000,0.000000
-0.026260,0.526309,0.852768,-0.012896,0.030901,0.782729,0.621461,0.260929,0.041053,-0.127784,0.674772,-0.107437,0.051937,-0.360345,-0.089894,-0.294479,0.182849,-0.131012,0.007988,-0.346792,0.016512,0.222116,0.460628,-0.135656,-0.405943,1.324157,0.000000,0.000000,1.018836,-0.442224,-0.030148,0.158881,0.035180,0.000000,0.000000
-0.024318,0.557795,0.851096,-0.013539,0.030770,0.782888,0.621254,0.263010,0.043812,-0.137382,0.694592,-0.061408,0.053843,-0.352725,-0.083844,-0.291885,0.129027,-0.094706,0.008021,-0.350567,0.016556,0.227288,0.465161,-0.133269,-0.427302,1.336897,0.000000,0.000000,1.013196,-0.416853,-0.044286,0.162143,0.036757,0.000000,0.000000
-0.023424,0.589052,0.850219,-0.011155,0.030130,0.782797,0.621448,0.263853,0.043334,-0.140967,0.719549,-0.045827,0.053813,-0.346008,-0.082345,-0.292841,0.106665,-0.077758,0.008196,-0.349822,0.016387,0.231254,0.467969,-0.136941,-0.439777,1.345247,0.000000,0.000000,1.007440,-0.403262,-0.055978,0.165962,0.035523,0.000000,0.000000
-0.022401,0.620167,0.850140,-0.008137,0.028204,0.781864,0.622757,0.262892,0.041369,-0.141587,0.753247,-0.045827,0.052846,-0.337691,-0.080321,-0.293658,0.100276,-0.071389,0.008763,-0.345205,0.016114,0.237351,0.469456,-0.142661,-0.446357,1.351476,0.000000,0.000000,1.000543,-0.393197,-0.067502,0.171404,0.034134,0.000000,0.000000
-0.021252,0.651059,0.851321,-0.005139,0.024909,0.780577,0.624542,0.258955,0.039477,-0.139209,0.801427,-0.059021,0.051339,-0.326575,-0.076178,-0.293332,0.110542,-0.076166,0.009866,-0.336718,0.015727,0.248395,0.470231,-0.152222,-0.447195,1.354935,0.000000,0.000000,0.990880,-0.383989,-0.078478,0.178976,0.033566,0.000000,0.000000
-0.021088,0.681675,0.854015,-0.001183,0.021143,0.778205,0.627654,0.251565,0.035056,-0.134333,0.859160,-0.081744,0.048640,-0.313169,-0.074619,-0.290113,0.144767,-0.096507,0.010408,-0.324412,0.015300,0.263676,0.473536,-0.165893,-0.439577,1.351649,0.000000,0.000000,0.979057,-0.378571,-0.085958,0.186717,0.033227,0.000000,0.000000
-0.022830,0.711792,0.857059,0.003816,0.017126,0.774706,0.632078,0.241380,0.026935,-0.123099,0.921264,-0.108527,0.043800,-0.298915,-0.077734,-0.292102,0.205853,-0.138430,0.011079,-0.308828,0.014769,0.281344,0.479775,-0.183751,-0.420341,1.338706,0.000000,0.000000,0.965040,-0.377943,-0.090173,0.193535,0.033178,0.000000,0.000000
-0.022890,0.741910,0.858487,0.008565,0.012769,0.772304,0.635067,0.228539,0.023185,-0.110524,0.982202,-0.134531,0.040150,-0.284594,-0.080136,-0.286975,0.278256,-0.200238,0.010678,-0.294377,0.014262,0.298554,0.484194,-0.200745,-0.390700,1.328451,0.000000,0.000000,0.949078,-0.379996,-0.093728,0.200254,0.035323,0.000000,0.000000
-0.021640,0.772412,0.857795,0.012745,0.008758,0.767331,0.641065,0.214802,0.022571,-0.090011,1.039184,-0.163587,0.036314,-0.271205,-0.079435,-0.279764,0.353790,-0.265195,0.010533,-0.278487,0.013707,0.318041,0.481416,-0.210217,-0.353615,1.328422,0.000000,0.000000,0.929205,-0.389014,-0.091305,0.204319,0.036403,0.000000,0.000000
-0.021652,0.802550,0.854608,0.016843,0.003738,0.762780,0.646428,0.200090,0.021991,-0.069237,1.093255,-0.199055,0.032582,-0.256830,-0.081827,-0.274303,0.429528,-0.329668,0.009924,-0.260637,0.013023,0.340281,0.472594,-0.219518,-0.312654,1.321430,0.000000,0.000000,0.908278,-0.407489,-0.084095,0.212904,0.002800,0.000000,0.000000
-0.020305,0.832574,0.849973,0.020200,-0.001064,0.760037,0.649565,0.182029,0.025450,-0.054909,1.145073,-0.238532,0.031239,-0.240200,-0.083719,-0.264990,0.495881,-0.390642,0.008676,-0.241221,0.012225,0.367397,0.432449,-0.217434,-0.258245,1.331505,0.000000,0.000000,0.881633,-0.397104,-0.073983,0.216681,0.031450,0.000000,0.000000
-0.017619,0.861576,0.844804,0.024403,-0.005929,0.756016,0.654071,0.161940,0.025139,-0.046166,1.193073,-0.277636,0.029757,-0.221306,-0.082123,-0.245284,0.550110,-0.443653,0.006395,-0.223805,0.011618,0.388421,0.422507,-0.225030,-0.202817,1.348946,0.000000,0.000000,0.854148,-0.405680,-0.052954,0.224494,0.034627,0.000000,0.000000
-0.013929,0.890731,0.839342,0.028164,-0.010584,0.749488,0.661334,0.140810,0.025034,-0.033191,1.235813,-0.312704,0.027573,-0.200351,-0.076090,-0.217603,0.594709,-0.492805,0.003671,-0.203733,0.010824,0.411959,0.420127,-0.231469,-0.144133,1.376048,0.000000,0.000000,0.820743,-0.418335,-0.027586,0.232992,0.023125,0.000000,0.000000
-0.006298,0.920204,0.833393,0.029402,-0.017567,0.736690,0.675363,0.119665,0.039527,-0.000176,1.276439,-0.351420,0.026174,-0.176749,-0.051900,-0.163936,0.628076,-0.543222,0.000671,-0.175563,0.009581,0.440961,0.414223,-0.229043,-0.078595,1.406572,0.000000,0.000000,0.773173,-0.429249,0.016418,0.250723,0.019404,0.000000,0.000000
-0.006376,0.951797,0.827631,0.034045,-0.019188,0.731972,0.680213,0.101215,0.032787,0.011277,1.291912,-0.376465,0.022043,-0.152002,-0.056611,-0.160086,0.662217,-0.592792,-0.000865,-0.149359,0.008347,0.466812,0.415210,-0.249393,-0.027028,1.420802,0.000000,0.000000,0.736491,-0.427720,0.033931,0.266274,0.013772,0.000000,0.000000
-0.004035,0.982160,0.823971,0.037363,-0.022459,0.725908,0.686408,0.079604,0.034046,0.027938,1.305349,-0.410700,0.019306,-0.120601,-0.053965,-0.146063,0.673910,-0.608223,-0.002382,-0.120161,0.006936,0.487003,0.414386,-0.254382,0.036679,1.449868,0.000000,0.000000,0.693183,-0.431886,0.061751,0.281300,-0.003312,0.000000,0.000000
-0.002407,1.012580,0.821234,0.039889,-0.025407,0.717699,0.694746,0.058664,0.033641,0.049617,1.305911,-0.436483,0.014905,-0.088337,-0.050986,-0.128425,0.675703,-0.611849,-0.004497,-0.091629,0.005464,0.509511,0.413319,-0.264906,0.096430,1.476046,0.000000,0.000000,0.650904,-0.438806,0.091736,0.291051,-0.023260,0.000000,0.000000
-0.000788,1.043633,0.818930,0.042929,-0.026761,0.711105,0.701264,0.038090,0.030206,0.062789,1.296877,-0.457038,0.011062,-0.055521,-0.052368,-0.119191,0.672830,-0.614862,-0.006356,-0.066333,0.004154,0.531292,0.410729,-0.270503,0.149423,1.490874,0.000000,0.000000,0.611550,-0.437128,0.105809,0.296080,-0.021721,0.000000,0.000000
0.001025,1.074745,0.816426,0.046501,-0.028472,0.706057,0.706053,0.018145,0.029432,0.075229,1.280606,-0.478282,0.008104,-0.021084,-0.056352,-0.116881,0.668367,-0.618524,-0.007806,-0.036914,0.002679,0.553469,0.411541,-0.278716,0.195354,1.504448,0.000000,0.000000,0.579787,-0.433891,0.118399,0.287089,-0.006113,0.000000,0.000000
0.003612,1.105149,0.814117,0.050426,-0.029087,0.699463,0.712294,-0.002000,0.027872,0.090508,1.255667,-0.497730,0.004226,0.012117,-0.063158,-0.113962,0.661853,-0.622542,-0.010150,-0.005272,0.001107,0.580116,0.411165,-0.280133,0.230011,1.516643,0.000000,0.000000,0.551957,-0.425805,0.124590,0.269846,0.009628,0.000000,0.000000
0.006633,1.133976,0.811481,0.053584,-0.028121,0.690894,0.720419,-0.024438,0.025526,0.111115,1.220822,-0.515117,-0.001098,0.041372,-0.071712,-0.105144,0.655707,-0.626320,-0.013993,0.027862,-0.000555,0.614531,0.405029,-0.267383,0.256967,1.520315,0.000000,0.000000,0.530166,-0.415251,0.126838,0.244125,0.006161,0.000000,0.000000
0.011192,1.159378,0.807969,0.055822,-0.028001,0.678718,0.731739,-0.049402,0.029996,0.140825,1.181900,-0.527017,-0.006298,0.063823,-0.073580,-0.072283,0.655846,-0.628769,-0.020197,0.060468,-0.002250,0.654714,0.399754,-0.246114,0.275231,1.506060,0.000000,0.000000,0.495420,-0.420685,0.149660,0.224000,0.026736,0.000000,0.000000
0.012941,1.182582,0.804080,0.056402,-0.025693,0.672552,0.737450,-0.081045,0.027535,0.158162,1.133560,-0.532469,-0.010945,0.079940,-0.079651,-0.059929,0.657570,-0.630827,-0.024107,0.087687,-0.003768,0.691825,0.410756,-0.234630,0.274381,1.470473,0.000000,0.000000,0.457841,-0.425475,0.155720,0.208603,0.029956,0.000000,0.000000
0.014065,1.205254,0.799566,0.055119,-0.022911,0.665587,0.743930,-0.115689,0.025534,0.174328,1.077877,-0.535034,-0.014945,0.092055,-0.086339,-0.050201,0.660284,-0.632411,-0.027739,0.113636,-0.005186,0.728568,0.420978,-0.225017,0.263067,1.441152,0.000000,0.000000,0.422042,-0.423995,0.165978,0.178663,0.028547,0.000000,0.000000
0.015294,1.228206,0.794380,0.052219,-0.020270,0.655107,0.753457,-0.149352,0.027323,0.197257,1.014644,-0.536061,-0.018833,0.101356,-0.091548,-0.033123,0.663691,-0.633475,-0.032241,0.141373,-0.006656,0.766644,0.424817,-0.206063,0.248714,1.420074,0.000000,0.000000,0.386826,-0.420631,0.187705,0.142635,0.025405,0.000000,0.000000
0.015546,1.251502,0.788459,0.048024,-0.017821,0.647308,0.760506,-0.180999,0.028605,0.213042,0.939618,-0.527631,-0.020758,0.110289,-0.094305,-0.017359,0.666652,-0.634538,-0.035915,0.165646,-0.007989,0.802311,0.430613,-0.182068,0.232386,1.410153,0.000000,0.000000,0.353916,-0.415079,0.201937,0.109326,0.024364,0.000000,0.000000
0.015201,1.275555,0.791795,0.043067,-0.015404,0.641476,0.765779,-0.209576,0.028925,0.221649,0.853403,-0.509805,-0.020890,0.119613,-0.096234,-0.004627,0.670916,-0.635703,-0.038918,0.187589,-0.009209,0.834912,0.438287,-0.156717,0.215504,1.405605,0.000000,0.000000,0.324137,-0.409461,0.210068,0.075995,0.019563,0.000000,0.000000
0.013976,1.300881,0.811383,0.037905,-0.012807,0.637564,0.769357,-0.234473,0.026523,0.222584,0.755972,-0.482260,-0.019701,0.129564,-0.099173,0.006621,0.678860,-0.636945,-0.042061,0.208475,-0.010344,0.864726,0.446754,-0.131886,0.197619,1.401697,0.000000,0.000000,0.299465,-0.403285,0.214028,0.040705,0.012763,0.000000,0.000000
0.012305,1.327665,0.827159,0.032466,-0.009947,0.635315,0.771506,-0.254856,0.022043,0.220287,0.651799,-0.442826,-0.018205,0.140313,-0.102398,0.016224,0.686384,-0.638396,-0.045055,0.228302,-0.011384,0.891154,0.455446,-0.110138,0.177913,1.398029,0.000000,0.000000,0.280549,-0.397695,0.215501,0.002595,0.005846,0.000000,0.000000
0.009787,1.355777,0.839000,0.026878,-0.007191,0.635626,0.771496,-0.270895,0.014328,0.214462,0.540393,-0.386220,-0.016836,0.153298,-0.105820,0.020132,0.685152,-0.607369,-0.047619,0.247181,-0.012335,0.914111,0.466207,-0.093952,0.158353,1.396832,0.000000,0.000000,0.266893,-0.392186,0.211930,-0.038051,0.001245,0.000000,0.000000
0.008024,1.384801,0.846004,0.021970,-0.004764,0.630493,0.775869,-0.281314,0.009958,0.217334,0.432069,-0.317724,-0.016562,0.166338,-0.112903,0.026657,0.675068,-0.546499,-0.052155,0.266000,-0.013198,0.937098,0.467897,-0.074036,0.144339,1.398619,0.000000,0.000000,0.253319,-0.390337,0.215930,-0.078036,-0.002531,0.000000,0.000000
0.006683,1.414596,0.849239,0.016758,-0.003366,0.628417,0.777689,-0.287730,0.008264,0.215416,0.321709,-0.232804,-0.015370,0.181668,-0.117149,0.027601,0.658625,-0.459708,-0.055188,0.285069,-0.014043,0.960287,0.471282,-0.056416,0.127537,1.394788,0.000000,0.000000,0.242936,-0.390008,0.210206,-0.118340,-0.010265,0.000000,0.000000
0.006177,1.444170,0.848350,0.012452,-0.002857,0.626925,0.778975,-0.291852,0.010592,0.209745,0.221178,-0.152745,-0.013162,0.196622,-0.120066,0.026755,0.644307,-0.368088,-0.057370,0.298363,-0.014606,0.981840,0.471569,-0.041851,0.114219,1.392028,0.000000,0.000000,0.234728,-0.388215,0.208307,-0.157265,-0.022306,0.000000,0.000000
0.005761,1.473706,0.844524,0.007739,-0.002363,0.625193,0.780428,-0.295858,0.015482,0.203212,0.129562,-0.081566,-0.010504,0.209326,-0.123146,0.025499,0.633519,-0.278016,-0.059173,0.309779,-0.015018,1.000554,0.469855,-0.027030,0.103481,1.398860,0.000000,0.000000,0.230260,-0.383210,0.208242,-0.197913,-0.023266,0.000000,0.000000
0.005220,1.503571,0.838480,0.003905,-0.001947,0.622947,0.782252,-0.296535,0.019871,0.196140,0.042236,-0.011929,-0.008175,0.221964,-0.129421,0.019998,0.619895,-0.176598,-0.060850,0.320829,-0.015435,1.019128,0.466328,-0.012645,0.090675,1.399049,0.000000,0.000000,0.230347,-0.377391,0.206248,-0.237867,-0.020469,0.000000,0.000000
0.004535,1.533785,0.833293,0.000169,-0.001676,0.620731,0.784022,-0.297345,0.022826,0.191865,-0.017450,0.033246,-0.006617,0.231028,-0.135968,0.014942,0.614073,-0.101969,-0.062245,0.329232,-0.015713,1.031385,0.463823,0.000704,0.082146,1.392339,0.000000,0.000000,0.228109,-0.374838,0.201293,-0.263910,-0.016565,0.000000,0.000000
0.004581,1.564112,0.835129,-0.002615,-0.002363,0.616793,0.787117,-0.297040,0.027004,0.192695,-0.017450,0.073373,-0.006272,0.239177,-0.145067,0.005655,0.612113,-0.030589,-0.063389,0.339063,-0.015775,1.049805,0.456365,0.029111,0.068232,1.401505,0.000000,0.000000,0.238372,-0.366164,0.195930,-0.289360,-0.016406,0.000000,0.000000
0.004121,1.594338,0.836413,-0.005496,-0.004086,0.616098,0.787640,-0.297340,0.029370,0.196128,-0.017450,0.102992,-0.006847,0.245897,-0.150720,-0.001326,0.616812,0.024707,-0.063686,0.346146,-0.015974,1.062878,0.449530,0.048256,0.056139,1.405827,0.000000,0.000000,0.244101,-0.363377,0.197148,-0.309713,-0.022876,0.000000,0.000000
0.002530,1.624819,0.837207,-0.007505,-0.006287,0.617277,0.786685,-0.297194,0.027012,0.202260,-0.017450,0.129422,-0.008831,0.251726,-0.155211,-0.007149,0.626497,0.067293,-0.063710,0.349505,-0.016190,1.072794,0.442521,0.061687,0.044842,1.401108,0.000000,0.000000,0.247420,-0.365086,0.197827,-0.325363,-0.036386,0.000000,0.000000
0.000977,1.655670,0.837513,-0.008561,-0.008748,0.620203,0.784345,-0.296486,0.019268,0.216855,-0.017450,0.154011,-0.013371,0.257411,-0.160147,-0.015571,0.644575,0.097811,-0.063277,0.348130,-0.016168,1.082366,0.438245,0.075077,0.032814,1.395381,0.000000,0.000000,0.249566,-0.367866,0.191972,-0.339236,-0.047871,0.000000,0.000000
-0.000828,1.686730,0.837655,-0.009755,-0.012843,0.622788,0.782224,-0.294082,0.013292,0.226407,-0.017450,0.170092,-0.016720,0.261190,-0.164629,-0.025446,0.669904,0.109732,-0.062505,0.343573,-0.015875,1.090345,0.435198,0.087536,0.022226,1.397323,0.000000,0.000000,0.256081,-0.364919,0.188261,-0.343004,-0.049783,0.000000,0.000000
-0.003098,1.717691,0.837591,-0.009986,-0.018187,0.626175,0.779407,-0.288784,0.007542,0.230364,-0.017450,0.183345,-0.019324,0.264099,-0.168627,-0.036036,0.710806,0.106873,-0.061340,0.334532,-0.015467,1.097864,0.431090,0.100302,0.010576,1.403295,0.000000,0.000000,0.265911,-0.359411,0.186699,-0.339228,-0.051762,0.000000,0.000000
-0.005494,1.748981,0.837682,-0.009095,-0.022784,0.629781,0.776385,-0.281128,0.001127,0.229211,-0.017450,0.191933,-0.021343,0.264940,-0.172615,-0.043563,0.761078,0.092276,-0.060551,0.321534,-0.014968,1.102576,0.424946,0.108760,0.001444,1.407856,0.000000,0.000000,0.279414,-0.350222,0.190780,-0.329517,-0.041697,0.000000,0.000000
-0.008315,1.780480,0.837962,-0.006909,-0.026241,0.632316,0.774235,-0.271128,-0.007129,0.223864,-0.017450,0.197090,-0.023107,0.263289,-0.180425,-0.049503,0.814273,0.074534,-0.061084,0.305455,-0.014403,1.103198,0.414957,0.113597,-0.003138,1.410625,0.000000,0.000000,0.295647,-0.337904,0.198628,-0.312051,-0.024129,0.000000,0.000000
-0.011627,1.811719,0.839283,-0.003631,-0.028907,0.632895,0.773689,-0.258725,-0.017106,0.215797,-0.010243,0.199547,-0.024895,0.258646,-0.193378,-0.054241,0.866622,0.057506,-0.063311,0.292570,-0.014079,1.097264,0.403944,0.113905,-0.002358,1.412938,0.000000,0.000000,0.312578,-0.332494,0.205616,-0.286184,-0.015108,0.000000,0.000000
-0.015330,1.842661,0.843579,0.001037,-0.029890,0.632711,0.773810,-0.244387,-0.030549,0.203407,0.024545,0.197024,-0.027171,0.250604,-0.210081,-0.055448,0.917286,0.040022,-0.067120,0.282992,-0.013745,1.085088,0.396154,0.108375,0.001124,1.413270,0.000000,0.000000,0.328536,-0.335572,0.209789,-0.250989,-0.019878,0.000000,0.000000
-0.020742,1.873280,0.847774,0.004188,-0.032233,0.635841,0.771136,-0.228829,-0.041911,0.161147,0.060177,0.163667,-0.022913,0.241197,-0.224837,-0.063647,0.966731,0.019300,-0.069468,0.272223,-0.013164,1.067281,0.395299,0.101991,0.004585,1.412850,0.000000,0.000000,0.346459,-0.331165,0.209430,-0.209175,-0.025379,0.000000,0.000000
-0.022827,1.903633,0.852260,0.006747,-0.034543,0.638949,0.768443,-0.213979,-0.049638,0.142680,0.110933,0.084692,-0.021304,0.230585,-0.233917,-0.075291,1.013019,-0.003542,-0.069779,0.254133,-0.012402,1.045300,0.388442,0.099480,0.006624,1.407249,0.000000,0.000000,0.363810,-0.322783,0.212407,-0.164182,-0.033080,0.000000,0.000000
-0.023936,1.934354,0.855710,0.008488,-0.037752,0.641261,0.766346,-0.200290,-0.054345,0.138822,0.173597,-0.009743,-0.021133,0.219264,-0.236762,-0.081425,1.054691,-0.027834,-0.069247,0.232623,-0.011577,1.022847,0.377524,0.100075,0.007287,1.396920,0.000000,0.000000,0.379601,-0.313385,0.216708,-0.118212,-0.041095,0.000000,0.000000
-0.026576,1.965132,0.857044,0.009915,-0.042744,0.650291,0.758417,-0.187645,-0.060346,0.122343,0.242513,-0.098972,-0.019311,0.210861,-0.232738,-0.095987,1.093756,-0.055745,-0.065711,0.206577,-0.010602,0.999629,0.379158,0.094091,0.009894,1.394566,0.000000,0.000000,0.400260,-0.300289,0.210371,-0.068181,-0.050188,0.000000,0.000000
-0.029043,1.995333,0.856457,0.012400,-0.046547,0.657572,0.751850,-0.174526,-0.066354,0.108170,0.307220,-0.180546,-0.018155,0.201543,-0.232765,-0.113747,1.128522,-0.087619,-0.062997,0.180326,-0.009682,0.973779,0.384071,0.083362,0.013052,1.407684,0.000000,0.000000,0.421406,-0.291223,0.204857,-0.018450,-0.058403,0.000000,0.000000
-0.031684,2.024676,0.854543,0.015264,-0.049521,0.663744,0.746162,-0.160063,-0.073753,0.089820,0.363544,-0.248107,-0.016871,0.188929,-0.231667,-0.124021,1.160193,-0.120193,-0.061088,0.153443,-0.008704,0.942078,0.385154,0.069171,0.016080,1.419154,0.000000,0.000000,0.442020,-0.284968,0.199493,0.031420,-0.058827,0.000000,0.000000
-0.033814,2.053344,0.851783,0.017367,-0.052850,0.669748,0.740501,-0.144179,-0.079240,0.074460,0.413718,-0.308223,-0.015788,0.173602,-0.225533,-0.128470,1.187496,-0.154216,-0.058640,0.127242,-0.007684,0.905715,0.385105,0.054144,0.018361,1.420118,0.000000,0.000000,0.460987,-0.281946,0.191799,0.080348,-0.060608,0.000000,0.000000
-0.035600,2.081346,0.848191,0.018865,-0.056532,0.676292,0.734219,-0.126346,-0.082549,0.064394,0.459903,-0.366325,-0.015153,0.156262,-0.214753,-0.129388,1.208901,-0.192041,-0.055458,0.100311,-0.006636,0.861208,0.397963,0.034711,0.025825,1.401415,0.000000,0.000000,0.471789,-0.291712,0.190309,0.135542,-0.048657,0.000000,0.000000
-0.037386,2.109011,0.844060,0.020335,-0.059160,0.684135,0.726668,-0.106719,-0.086305,0.052829,0.499094,-0.419010,-0.014434,0.137338,-0.204489,-0.133098,1.226666,-0.228719,-0.051877,0.072726,-0.005379,0.810408,0.408466,0.013155,0.036882,1.391708,0.000000,0.000000,0.485114,-0.291389,0.185384,0.199664,-0.031885,0.000000,0.000000
-0.039481,2.137015,0.840037,0.021301,-0.061458,0.693185,0.717818,-0.085336,-0.089876,0.034564,0.529508,-0.460655,-0.012669,0.119068,-0.194632,-0.141261,1.235109,-0.260990,-0.047534,0.046102,-0.004059,0.757781,0.416150,-0.006807,0.043005,1.381598,0.000000,0.000000,0.503842,-0.284242,0.172291,0.260218,-0.018611,0.000000,0.000000
-0.041864,2.165383,0.836194,0.021807,-0.063804,0.702604,0.708380,-0.062670,-0.092727,0.011953,0.552703,-0.497001,-0.010060,0.101715,-0.185939,-0.153954,1.234911,-0.292644,-0.042576,0.020667,-0.002713,0.705348,0.431137,-0.026254,0.041704,1.390045,0.000000,0.000000,0.524555,-0.277709,0.151682,0.314810,-0.007216,0.000000,0.000000
-0.044305,2.194141,0.832248,0.022079,-0.066533,0.710568,0.700127,-0.038686,-0.093656,-0.009181,0.572217,-0.530256,-0.007262,0.084546,-0.178456,-0.165040,1.227052,-0.323290,-0.038062,-0.003744,-0.001457,0.653219,0.446334,-0.046193,0.039333,1.398321,0.000000,0.000000,0.547772,-0.275586,0.136147,0.363464,-0.003601,0.000000,0.000000
-0.046589,2.223005,0.828003,0.021467,-0.069813,0.717630,0.692584,-0.014650,-0.090961,-0.026442,0.590751,-0.561366,-0.004200,0.067438,-0.170633,-0.176418,1.212163,-0.352763,-0.033175,-0.027529,-0.000150,0.602280,0.458975,-0.064343,0.037022,1.405737,0.000000,0.000000,0.575281,-0.274009,0.125015,0.404728,-0.005577,0.000000,0.000000
-0.048210,2.250949,0.823185,0.020092,-0.073294,0.721968,0.687740,0.007561,-0.084873,-0.034917,0.610163,-0.588503,-0.001680,0.048357,-0.160136,-0.181279,1.188515,-0.377122,-0.028439,-0.050106,0.001107,0.557427,0.466403,-0.072922,0.030162,1.410967,0.000000,0.000000,0.602644,-0.272122,0.118147,0.439203,0.001804,0.000000,0.000000
-0.051092,2.278274,0.818263,0.018305,-0.076148,0.727895,0.681202,0.028910,-0.080831,-0.050116,0.626158,-0.607387,0.001486,0.028574,-0.153257,-0.192358,1.162236,-0.406483,-0.023454,-0.073069,0.002424,0.510776,0.476783,-0.085190,0.023595,1.429816,0.000000,0.000000,0.630334,-0.271449,0.110121,0.470049,0.015757,0.000000,0.000000
-0.054376,2.303938,0.812725,0.016204,-0.078163,0.733232,0.675277,0.046596,-0.077634,-0.061407,0.642991,-0.619760,0.003906,0.006611,-0.148219,-0.201933,1.128707,-0.423078,-0.019173,-0.097498,0.003662,0.469282,0.484968,-0.094053,0.012557,1.441296,0.000000,0.000000,0.658133,-0.272723,0.104017,0.495174,0.022655,0.000000,0.000000
-0.057630,2.328072,0.807302,0.014305,-0.078797,0.738916,0.669021,0.062460,-0.075472,-0.068720,0.655653,-0.624705,0.005486,-0.019148,-0.145982,-0.213471,1.093186,-0.436067,-0.015190,-0.121107,0.004899,0.424903,0.491015,-0.105566,0.001082,1.447588,0.000000,0.000000,0.687415,-0.271216,0.090538,0.514252,0.033954,0.000000,0.000000
-0.060362,2.350844,0.801318,0.011758,-0.078412,0.745484,0.661791,0.074525,-0.072541,-0.076085,0.670392,-0.626412,0.007363,-0.047300,-0.142112,-0.226857,1.046491,-0.459907,-0.010288,-0.144693,0.006134,0.378759,0.498258,-0.116498,-0.014138,1.448915,0.000000,0.000000,0.717897,-0.270768,0.072402,0.526256,0.039825,0.000000,0.000000
-0.063659,2.373500,0.797360,0.009400,-0.076755,0.750512,0.656317,0.085077,-0.071695,-0.080969,0.684640,-0.627621,0.008322,-0.075133,-0.143373,-0.240408,0.996208,-0.463905,-0.007069,-0.165922,0.007273,0.333868,0.506397,-0.123584,-0.028853,1.447966,0.000000,0.000000,0.746285,-0.275288,0.058341,0.535485,0.040282,0.000000,0.000000
-0.065779,2.396295,0.796559,0.007069,-0.074527,0.754865,0.651594,0.095134,-0.069848,-0.085269,0.698147,-0.627260,0.009494,-0.102473,-0.143274,-0.251557,0.938266,-0.470536,-0.004176,-0.186474,0.008398,0.290682,0.515879,-0.129097,-0.042733,1.445223,0.000000,0.000000,0.774401,-0.280945,0.047410,0.542330,0.044152,0.000000,0.000000
-0.067131,2.419749,0.797380,0.004479,-0.071897,0.759517,0.646486,0.105468,-0.066501,-0.089937,0.708309,-0.620643,0.011184,-0.127187,-0.141987,-0.259825,0.875589,-0.464529,-0.001863,-0.207502,0.009442,0.250481,0.526820,-0.135421,-0.055565,1.442572,0.000000,0.000000,0.801513,-0.284959,0.035705,0.545838,0.051198,0.000000,0.000000
-0.068086,2.443957,0.793509,0.001648,-0.069058,0.763640,0.641936,0.116480,-0.062212,-0.091744,0.715768,-0.612508,0.012686,-0.149153,-0.139831,-0.264424,0.806147,-0.452676,-0.000395,-0.228975,0.010406,0.216767,0.538726,-0.140535,-0.069725,1.438877,0.000000,0.000000,0.825477,-0.288155,0.023821,0.547999,0.057045,0.000000,0.000000
-0.069020,2.469186,0.799707,-0.001931,-0.065355,0.767953,0.637161,0.128852,-0.057525,-0.094119,0.715583,-0.595723,0.014435,-0.169452,-0.137637,-0.271596,0.727386,-0.433789,0.001162,-0.249798,0.011273,0.183660,0.551836,-0.147293,-0.083602,1.435197,0.000000,0.000000,0.850514,-0.290508,0.008846,0.543895,0.061554,0.000000,0.000000
-0.070352,2.494913,0.812694,-0.005855,-0.061674,0.771894,0.632726,0.141818,-0.052021,-0.094160,0.713333,-0.575657,0.016051,-0.186906,-0.135596,-0.281813,0.640633,-0.405996,0.002794,-0.269335,0.012048,0.155075,0.564798,-0.151069,-0.098703,1.427564,0.000000,0.000000,0.874668,-0.293845,-0.005743,0.538047,0.062413,0.000000,0.000000
-0.071939,2.520862,0.822760,-0.010158,-0.057731,0.775394,0.628751,0.154713,-0.046039,-0.093124,0.708769,-0.555281,0.017648,-0.201695,-0.133714,-0.292815,0.549002,-0.366715,0.004177,-0.289424,0.012849,0.130522,0.580277,-0.151769,-0.113280,1.416978,0.000000,0.000000,0.895255,-0.299281,-0.020299,0.530916,0.063815,0.000000,0.000000
-0.073494,2.546972,0.829713,-0.014812,-0.053743,0.778553,0.625098,0.167621,-0.039935,-0.093296,0.702523,-0.531927,0.019544,-0.214187,-0.130662,-0.302380,0.454118,-0.313977,0.005403,-0.309859,0.013464,0.110390,0.589508,-0.151225,-0.126138,1.380505,0.000000,0.000000,0.911914,-0.304829,-0.034586,0.525244,0.070170,0.000000,0.000000
-0.074980,2.573176,0.833639,-0.019289,-0.049184,0.781538,0.621617,0.180596,-0.034594,-0.094646,0.694224,-0.503629,0.021460,-0.224900,-0.128194,-0.310279,0.355514,-0.248651,0.006138,-0.331372,0.014313,0.091300,0.609130,-0.151943,-0.135682,1.367303,0.000000,0.000000,0.926531,-0.309095,-0.049688,0.522756,0.077064,0.000000,0.000000
-0.076164,2.599757,0.834324,-0.023735,-0.044196,0.784387,0.618240,0.193349,-0.029100,-0.097922,0.683884,-0.472505,0.023818,-0.233252,-0.126708,-0.314052,0.255325,-0.174432,0.006045,-0.352134,0.015090,0.074794,0.634218,-0.155888,-0.141834,1.370665,0.000000,0.000000,0.938709,-0.311718,-0.066251,0.521271,0.080264,0.000000,0.000000
-0.077509,2.626814,0.832009,-0.028182,-0.039057,0.787200,0.614814,0.205715,-0.025169,-0.105888,0.671871,-0.440663,0.026574,-0.239373,-0.126980,-0.315565,0.159560,-0.097312,0.005413,-0.371256,0.015772,0.062435,0.662594,-0.165170,-0.144822,1.391502,0.000000,0.000000,0.948384,-0.311452,-0.084713,0.520801,0.083491,0.000000,0.000000
-0.078703,2.654083,0.827431,-0.032279,-0.034324,0.789625,0.611778,0.216626,-0.021370,-0.113068,0.664567,-0.414367,0.029178,-0.245061,-0.128435,-0.313629,0.075739,-0.028568,0.004144,-0.387720,0.016148,0.053969,0.682537,-0.174182,-0.145201,1.399837,0.000000,0.000000,0.955750,-0.308989,-0.103879,0.521921,0.090129,0.000000,0.000000
-0.080048,2.681925,0.821721,-0.035638,-0.030076,0.792204,0.608473,0.226668,-0.017079,-0.118790,0.660949,-0.388850,0.031690,-0.248667,-0.131801,-0.310319,0.002935,0.035780,0.002518,-0.401328,0.016411,0.046776,0.698600,-0.180940,-0.138695,1.403252,0.000000,0.000000,0.961323,-0.305441,-0.125475,0.524570,0.095215,0.000000,0.000000
-0.081851,2.709840,0.820713,-0.037645,-0.027024,0.795063,0.604754,0.233732,-0.013298,-0.121138,0.665434,-0.371233,0.033435,-0.250017,-0.136489,-0.308072,-0.017450,0.077159,0.001150,-0.410163,0.016581,0.044771,0.711031,-0.192046,-0.129615,1.404264,0.000000,0.000000,0.965613,-0.300344,-0.144401,0.528482,0.096688,0.000000,0.000000
-0.083812,2.737662,0.820641,-0.038776,-0.026157,0.797064,0.602080,0.240675,-0.007809,-0.120225,0.681317,-0.356614,0.035154,-0.251322,-0.141199,-0.308873,-0.017450,0.113833,0.000807,-0.419098,0.016773,0.046515,0.729852,-0.211685,-0.114092,1.402909,0.000000,0.000000,0.971253,-0.294239,-0.166226,0.533397,0.100956,0.000000,0.000000
-0.085731,2.765431,0.819596,-0.039391,-0.027119,0.798243,0.600434,0.246162,-0.000071,-0.114449,0.710408,-0.353822,0.036696,-0.252806,-0.143169,-0.316884,-0.017450,0.138491,0.002327,-0.425770,0.016813,0.053011,0.750259,-0.236284,-0.090354,1.400221,0.000000,0.000000,0.977364,-0.286199,-0.188849,0.538529,0.111107,0.000000,0.000000
-0.087332,2.793338,0.818270,-0.039885,-0.029169,0.799133,0.599120,0.248641,0.009201,-0.107272,0.749003,-0.364359,0.038451,-0.253375,-0.142885,-0.324695,-0.017450,0.153368,0.004219,-0.429039,0.016617,0.063232,0.767155,-0.260091,-0.059749,1.398562,0.000000,0.000000,0.982293,-0.278065,-0.212321,0.543308,0.123363,0.000000,0.000000
-0.089378,2.821199,0.816520,-0.039410,-0.031862,0.799488,0.598540,0.249065,0.013699,-0.106394,0.795248,-0.384101,0.039764,-0.251523,-0.144776,-0.322510,-0.017450,0.167227,0.004035,-0.430900,0.016275,0.081532,0.777718,-0.282196,-0.022471,1.404160,0.000000,0.000000,0.985593,-0.269976,-0.242588,0.549864,0.132956,0.000000,0.000000
-0.092232,2.849138,0.817789,-0.037832,-0.034416,0.799017,0.599130,0.247232,0.013713,-0.106185,0.847032,-0.406537,0.039739,-0.247404,-0.151383,-0.310778,0.012006,0.164932,0.001335,-0.428575,0.015889,0.104357,0.781827,-0.304823,0.017605,1.405408,0.000000,0.000000,0.986243,-0.268267,-0.260526,0.553763,0.142519,0.000000,0.000000
-0.096008,2.876716,0.820470,-0.036066,-0.037543,0.798125,0.600238,0.242254,0.013520,-0.100939,0.904981,-0.430078,0.038702,-0.241137,-0.160785,-0.292130,0.069162,0.112827,-0.003321,-0.423177,0.015429,0.132657,0.779892,-0.327008,0.065405,1.404284,0.000000,0.000000,0.983857,-0.270374,-0.269620,0.556156,0.155722,0.000000,0.000000
-0.099825,2.904329,0.822655,-0.034475,-0.040989,0.796742,0.601942,0.234089,0.013704,-0.094018,0.965028,-0.452787,0.037415,-0.233981,-0.168520,-0.269842,0.139943,0.020482,-0.008474,-0.416017,0.014948,0.164426,0.771062,-0.347709,0.121165,1.406883,0.000000,0.000000,0.978032,-0.274188,-0.269819,0.558076,0.169515,0.000000,0.000000
-0.102761,2.931109,0.823570,-0.032471,-0.044810,0.793974,0.605428,0.221227,0.012847,-0.085484,1.032822,-0.483791,0.035473,-0.229910,-0.171556,-0.251440,0.222606,-0.093462,-0.011941,-0.406234,0.014403,0.197059,0.753380,-0.369039,0.188242,1.415695,0.000000,0.000000,0.967266,-0.284285,-0.257355,0.562324,0.183739,0.000000,0.000000
-0.105998,2.958461,0.822638,-0.030844,-0.048957,0.790661,0.609513,0.208167,0.012579,-0.075969,1.091144,-0.509357,0.033525,-0.224742,-0.172098,-0.240728,0.296380,-0.176528,-0.013590,-0.392877,0.013775,0.233153,0.732871,-0.386895,0.251252,1.426682,0.000000,0.000000,0.952296,-0.294295,-0.238912,0.563807,0.191736,0.000000,0.000000
-0.108499,2.985047,0.819763,-0.028237,-0.054205,0.786538,0.614510,0.192230,0.015816,-0.062382,1.153638,-0.536100,0.031935,-0.218595,-0.171687,-0.228579,0.370381,-0.245157,-0.015182,-0.376295,0.012969,0.273905,0.706587,-0.397271,0.320250,1.445500,0.000000,0.000000,0.934538,-0.302932,-0.221376,0.563163,0.190642,0.000000,0.000000
-0.110608,3.010879,0.815484,-0.025046,-0.059743,0.782787,0.618908,0.173446,0.021798,-0.049054,1.217077,-0.562145,0.031267,-0.210418,-0.170623,-0.214561,0.440205,-0.298121,-0.016984,-0.358290,0.012118,0.315657,0.678608,-0.404483,0.390986,1.470515,0.000000,0.000000,0.914535,-0.309357,-0.202376,0.558971,0.186503,0.000000,0.000000
-0.112699,3.035972,0.810588,-0.021889,-0.064943,0.779025,0.623237,0.151206,0.029430,-0.035100,1.279948,-0.587739,0.030972,-0.199023,-0.168201,-0.200707,0.500375,-0.344925,-0.018613,-0.337995,0.011183,0.357549,0.649432,-0.415102,0.465025,1.505385,0.000000,0.000000,0.890883,-0.313646,-0.176323,0.552899,0.184222,0.000000,0.000000
-0.114277,3.058952,0.805818,-0.019752,-0.069860,0.774520,0.628369,0.121981,0.040534,-0.017951,1.344614,-0.609595,0.031089,-0.185321,-0.162178,-0.183480,0.544333,-0.397009,-0.020099,-0.316497,0.010140,0.396711,0.612034,-0.426063,0.547308,1.549504,0.000000,0.000000,0.860426,-0.315022,-0.140742,0.548125,0.184260,0.000000,0.000000
-0.116718,3.083612,0.801829,-0.017118,-0.073058,0.770807,0.632634,0.095616,0.049568,-0.005717,1.386678,-0.608588,0.031389,-0.167136,-0.159283,-0.168546,0.575007,-0.440553,-0.022053,-0.292321,0.009033,0.434569,0.583262,-0.439269,0.617769,1.570800,0.000000,0.000000,0.829735,-0.313655,-0.110510,0.539699,0.190930,0.000000,0.000000
-0.120073,3.107847,0.797536,-0.013715,-0.076425,0.767601,0.636207,0.067844,0.057248,0.004542,1.421754,-0.606122,0.031559,-0.144419,-0.158306,-0.153102,0.599296,-0.485300,-0.024568,-0.266769,0.007818,0.470088,0.563163,-0.460033,0.688704,1.570800,0.000000,0.000000,0.795725,-0.312885,-0.083093,0.532078,0.197687,0.000000,0.000000
-0.125086,3.132577,0.792908,-0.009720,-0.078795,0.764763,0.639402,0.040418,0.060412,0.013788,1.443899,-0.604440,0.030453,-0.119517,-0.162391,-0.140283,0.619372,-0.527254,-0.027823,-0.237745,0.006549,0.505874,0.541213,-0.479846,0.751094,1.570800,0.000000,0.000000,0.761024,-0.309161,-0.062276,0.524339,0.207647,0.000000,0.000000
-0.130609,3.157934,0.788189,-0.004988,-0.080199,0.762380,0.642122,0.013796,0.062630,0.023568,1.453121,-0.603668,0.028910,-0.092916,-0.170082,-0.131344,0.636901,-0.566904,-0.031314,-0.206109,0.005197,0.545849,0.518196,-0.496594,0.800904,1.570800,0.000000,0.000000,0.728328,-0.303082,-0.045898,0.512204,0.220523,0.000000,0.000000
-0.136054,3.183424,0.783325,0.000689,-0.081184,0.761307,0.643289,-0.012204,0.065812,0.032101,1.451981,-0.603623,0.027898,-0.064795,-0.179048,-0.124288,0.653806,-0.602892,-0.034900,-0.177632,0.003898,0.588410,0.507129,-0.520688,0.839020,1.570800,0.000000,0.000000,0.698416,-0.296252,-0.033575,0.493168,0.230907,0.000000,0.000000
-0.142458,3.208513,0.778972,0.006321,-0.081266,0.761279,0.643280,-0.039020,0.068193,0.040429,1.439432,-0.604167,0.026609,-0.036469,-0.190512,-0.121222,0.664748,-0.616716,-0.038859,-0.147844,0.002488,0.635883,0.495474,-0.537646,0.854885,1.570800,0.000000,0.000000,0.670460,-0.288520,-0.027024,0.466557,0.237666,0.000000,0.000000
-0.149401,3.232885,0.775479,0.011755,-0.080115,0.761631,0.642932,-0.067505,0.069227,0.050842,1.415102,-0.605207,0.024353,-0.009117,-0.204909,-0.124679,0.669358,-0.620763,-0.042731,-0.119650,0.001142,0.688200,0.488990,-0.548458,0.853215,1.570800,0.000000,0.000000,0.643295,-0.283249,-0.023895,0.430985,0.234413,0.000000,0.000000
-0.156297,3.256670,0.773431,0.017771,-0.077283,0.758902,0.646358,-0.098039,0.068286,0.072065,1.384972,-0.606507,0.018936,0.017775,-0.225341,-0.132522,0.664887,-0.624220,-0.047349,-0.089213,-0.000318,0.751087,0.484344,-0.545826,0.832390,1.570341,0.000000,0.000000,0.617916,-0.275095,-0.021990,0.382629,0.213205,0.000000,0.000000
-0.163185,3.278867,0.770431,0.021101,-0.074023,0.757803,0.647927,-0.131284,0.069228,0.093038,1.341440,-0.608366,0.014008,0.040084,-0.241366,-0.135086,0.661106,-0.626996,-0.051670,-0.064012,-0.001591,0.811082,0.482394,-0.535111,0.806423,1.569799,0.000000,0.000000,0.591784,-0.268228,-0.021969,0.328887,0.196365,0.000000,0.000000
-0.170024,3.300012,0.767502,0.023332,-0.069959,0.756024,0.650376,-0.166444,0.072020,0.118359,1.292746,-0.610525,0.008545,0.058815,-0.257566,-0.138452,0.656081,-0.629448,-0.055797,-0.037396,-0.002866,0.866096,0.483824,-0.528507,0.778021,1.569246,0.000000,0.000000,0.565675,-0.263118,-0.018659,0.273814,0.180782,0.000000,0.000000
-0.177245,3.321140,0.764046,0.023626,-0.065477,0.753362,0.653912,-0.203187,0.077108,0.147707,1.239243,-0.612858,0.002873,0.075168,-0.272944,-0.140400,0.648589,-0.631667,-0.059804,-0.007398,-0.004261,0.916563,0.489874,-0.521833,0.745843,1.568756,0.000000,0.000000,0.538364,-0.259290,-0.015937,0.217450,0.166108,0.000000,0.000000
-0.185384,3.342622,0.759612,0.021639,-0.061318,0.749865,0.658388,-0.240030,0.084222,0.179015,1.179248,-0.615176,-0.002380,0.089847,-0.286538,-0.141300,0.638974,-0.633715,-0.063394,0.028403,-0.005687,0.962872,0.489107,-0.506435,0.719761,1.568278,0.000000,0.000000,0.510000,-0.257405,-0.015095,0.160652,0.160136,0.000000,0.000000
-0.194050,3.364442,0.754538,0.018257,-0.056914,0.746177,0.663059,-0.275829,0.091486,0.211657,1.109743,-0.615792,-0.007246,0.103708,-0.298784,-0.140643,0.627296,-0.635688,-0.066757,0.066987,-0.007076,1.005200,0.487858,-0.481563,0.698834,1.567905,0.000000,0.000000,0.482662,-0.258374,-0.010040,0.106703,0.151859,0.000000,0.000000
-0.203378,3.386332,0.771171,0.014122,-0.052750,0.741819,0.668373,-0.308891,0.097081,0.243811,1.030453,-0.602447,-0.011630,0.116933,-0.309868,-0.135190,0.613963,-0.637487,-0.070470,0.101856,-0.008549,1.037476,0.505708,-0.467016,0.678511,1.567714,0.000000,0.000000,0.455673,-0.261888,-0.002723,0.056543,0.136915,0.000000,0.000000
-0.214517,3.409005,0.790824,0.008133,-0.047725,0.737810,0.673270,-0.339429,0.097222,0.271333,0.938364,-0.573792,-0.015425,0.129714,-0.321081,-0.127889,0.597411,-0.639251,-0.074331,0.143929,-0.010093,1.066726,0.514745,-0.441984,0.649887,1.567584,0.000000,0.000000,0.431880,-0.261453,-0.006439,0.009755,0.119403,0.000000,0.000000
-0.226224,3.432608,0.808310,0.000248,-0.043152,0.734558,0.677172,-0.366704,0.097891,0.292972,0.835780,-0.530463,-0.016998,0.142503,-0.329518,-0.119587,0.577470,-0.628512,-0.077996,0.187034,-0.011556,1.098230,0.521012,-0.409731,0.619552,1.567437,0.000000,0.000000,0.412183,-0.261482,-0.014021,-0.034161,0.098163,0.000000,0.000000
-0.238147,3.456856,0.823559,-0.010277,-0.042643,0.732818,0.679009,-0.388069,0.107189,0.297664,0.727991,-0.469340,-0.013512,0.157424,-0.327956,-0.114915,0.549320,-0.583161,-0.079959,0.227247,-0.012865,1.134556,0.531372,-0.364089,0.586928,1.567503,0.000000,0.000000,0.395187,-0.256736,-0.025366,-0.077158,0.077397,0.000000,0.000000
-0.250817,3.481948,0.834759,-0.020008,-0.041982,0.731375,0.680388,-0.404699,0.115050,0.299272,0.617066,-0.399427,-0.010249,0.173806,-0.326245,-0.114811,0.517881,-0.516864,-0.082216,0.264424,-0.014098,1.168011,0.535238,-0.313923,0.558229,1.567559,0.000000,0.000000,0.380501,-0.257164,-0.037207,-0.117216,0.054836,0.000000,0.000000
-0.263859,3.507924,0.841708,-0.028637,-0.040861,0.729895,0.681736,-0.415863,0.121459,0.300822,0.509075,-0.324577,-0.007687,0.190473,-0.327525,-0.121802,0.486849,-0.432286,-0.084817,0.297204,-0.015068,1.197202,0.532711,-0.266374,0.531542,1.567596,0.000000,0.000000,0.371230,-0.259518,-0.047020,-0.152470,0.030414,0.000000,0.000000
-0.277314,3.534249,0.844923,-0.036085,-0.039656,0.728429,0.683020,-0.422526,0.126664,0.302764,0.402801,-0.246024,-0.005667,0.207245,-0.332710,-0.138393,0.456401,-0.329012,-0.087458,0.327967,-0.015792,1.222253,0.525683,-0.222422,0.504802,1.567625,0.000000,0.000000,0.365596,-0.261116,-0.056330,-0.183585,0.013810,0.000000,0.000000
-0.291047,3.560759,0.845047,-0.042699,-0.037687,0.727966,0.683243,-0.424956,0.128589,0.303577,0.296670,-0.162116,-0.004347,0.224818,-0.340266,-0.163464,0.422139,-0.199710,-0.089780,0.358014,-0.016422,1.243896,0.515540,-0.181919,0.476240,1.567640,0.000000,0.000000,0.363908,-0.261040,-0.069169,-0.211770,0.012811,0.000000,0.000000
-0.305497,3.586673,0.842519,-0.048569,-0.035871,0.726221,0.684805,-0.426229,0.130660,0.305011,0.205132,-0.093311,-0.003086,0.237595,-0.351145,-0.184716,0.400307,-0.079205,-0.093122,0.386702,-0.016945,1.257491,0.501838,-0.146896,0.452890,1.567673,0.000000,0.000000,0.365878,-0.266028,-0.081769,-0.232554,0.020005,0.000000,0.000000
-0.321945,3.610700,0.838634,-0.054853,-0.034032,0.722289,0.688572,-0.425547,0.132984,0.307352,0.119054,-0.030450,-0.001886,0.240341,-0.365446,-0.192560,0.391893,0.029722,-0.098778,0.418307,-0.017417,1.268011,0.484181,-0.110125,0.432004,1.567755,0.000000,0.000000,0.371870,-0.279457,-0.090719,-0.247337,0.027524,0.000000,0.000000
-0.338863,3.636150,0.834981,-0.060630,-0.031478,0.720523,0.690058,-0.426148,0.132705,0.307280,0.055468,0.009965,-0.000841,0.243270,-0.377346,-0.186621,0.389946,0.093808,-0.104835,0.443708,-0.017695,1.270214,0.464877,-0.078867,0.417436,1.567869,0.000000,0.000000,0.378592,-0.294197,-0.096497,-0.253409,0.029769,0.000000,0.000000
-0.355384,3.662297,0.832092,-0.066289,-0.029518,0.719765,0.690414,-0.425692,0.132359,0.307490,0.003594,0.044744,-0.000042,0.246410,-0.384207,-0.168775,0.391398,0.143140,-0.110694,0.462699,-0.017801,1.269717,0.447151,-0.050106,0.400123,1.567827,0.000000,0.000000,0.385535,-0.309375,-0.102295,-0.256408,0.030852,0.000000,0.000000
-0.369757,3.689321,0.831895,-0.070130,-0.030816,0.721126,0.688556,-0.423721,0.134206,0.309766,-0.017450,0.067231,0.000385,0.252333,-0.382885,-0.154062,0.402983,0.161457,-0.113049,0.474197,-0.017724,1.270462,0.433443,-0.023309,0.385215,1.564306,0.000000,0.000000,0.394110,-0.321121,-0.105108,-0.255978,0.029581,0.000000,0.000000
-0.382889,3.716720,0.833663,-0.072602,-0.033710,0.725510,0.683540,-0.421569,0.135663,0.311584,-0.017450,0.078348,0.000255,0.262162,-0.374935,-0.143098,0.425880,0.158900,-0.112576,0.480357,-0.017497,1.271975,0.421100,0.003683,0.372112,1.559485,0.000000,0.000000,0.405514,-0.329071,-0.105658,-0.251178,0.029013,0.000000,0.000000
-0.395230,3.744157,0.834468,-0.073984,-0.038418,0.733208,0.674875,-0.419188,0.135281,0.312105,-0.017450,0.083439,-0.000251,0.277532,-0.356847,-0.131454,0.465042,0.133734,-0.108896,0.476984,-0.016972,1.275295,0.407700,0.034675,0.357442,1.548831,0.000000,0.000000,0.420979,-0.335482,-0.102182,-0.240815,0.033326,0.000000,0.000000
-0.407898,3.771538,0.836295,-0.075494,-0.042061,0.742840,0.663867,-0.418009,0.130412,0.308714,-0.009378,0.079664,-0.001026,0.294251,-0.332856,-0.120378,0.510246,0.102508,-0.103076,0.464559,-0.016383,1.273706,0.394398,0.057713,0.346705,1.534715,0.000000,0.000000,0.436986,-0.344147,-0.093815,-0.224102,0.038204,0.000000,0.000000
-0.421963,3.798085,0.840828,-0.075588,-0.044197,0.753915,0.651110,-0.417035,0.118330,0.299432,0.024772,0.075384,-0.003016,0.306418,-0.307412,-0.108344,0.575864,0.076026,-0.096605,0.446808,-0.015702,1.263786,0.380939,0.072010,0.342943,1.519127,0.000000,0.000000,0.454806,-0.356881,-0.082422,-0.199835,0.043324,0.000000,0.000000
-0.437207,3.824192,0.846141,-0.075760,-0.044027,0.766010,0.636829,-0.414823,0.100353,0.285718,0.067173,0.067094,-0.005950,0.310960,-0.281797,-0.096026,0.651560,0.059611,-0.089558,0.426954,-0.015030,1.243661,0.373225,0.074399,0.343723,1.503477,0.000000,0.000000,0.471406,-0.366661,-0.074966,-0.169559,0.046772,0.000000,0.000000
-0.453615,3.849788,0.851417,-0.076714,-0.042435,0.776265,0.624282,-0.409927,0.080810,0.271456,0.111337,0.057662,-0.009198,0.305626,-0.255142,-0.076689,0.734013,0.050808,-0.082676,0.406161,-0.014332,1.213421,0.365031,0.069822,0.350851,1.493371,0.000000,0.000000,0.485584,-0.374993,-0.065612,-0.135567,0.051746,0.000000,0.000000
-0.470280,3.875671,0.855274,-0.075206,-0.040601,0.785547,0.612872,-0.401383,0.061201,0.257725,0.159765,0.046962,-0.012628,0.299662,-0.230810,-0.057825,0.817078,0.048034,-0.076170,0.385705,-0.013574,1.178327,0.353543,0.062189,0.364998,1.487728,0.000000,0.000000,0.501638,-0.386433,-0.048792,-0.098122,0.057566,0.000000,0.000000
-0.487785,3.901961,0.857541,-0.071818,-0.038012,0.794734,0.601494,-0.388665,0.038270,0.241642,0.209361,0.028508,-0.016220,0.294844,-0.209730,-0.044048,0.900170,0.049713,-0.069468,0.365413,-0.012726,1.138766,0.338878,0.051997,0.382784,1.477090,0.000000,0.000000,0.520619,-0.399361,-0.029386,-0.055457,0.062098,0.000000,0.000000
-0.506067,3.928174,0.858155,-0.067012,-0.033152,0.804039,0.589857,-0.372111,0.010198,0.221235,0.251743,-0.010513,-0.019284,0.288373,-0.196778,-0.042578,0.981188,0.055790,-0.063139,0.346272,-0.011900,1.096908,0.326174,0.034789,0.400965,1.467327,0.000000,0.000000,0.539798,-0.411642,-0.017000,-0.009794,0.062994,0.000000,0.000000
-0.524751,3.954251,0.857880,-0.062876,-0.029560,0.812369,0.578990,-0.352135,-0.015108,0.200803,0.289353,-0.075089,-0.020682,0.278601,-0.188950,-0.049164,1.064107,0.058967,-0.057141,0.326081,-0.010922,1.054691,0.313428,0.020357,0.418155,1.461391,0.000000,0.000000,0.558146,-0.423273,-0.006597,0.036475,0.061285,0.000000,0.000000
-0.542827,3.980494,0.857327,-0.060443,-0.028688,0.822123,0.565365,-0.330808,-0.030643,0.176444,0.331968,-0.147595,-0.019180,0.266344,-0.175025,-0.060033,1.149390,0.054457,-0.049500,0.301593,-0.009815,1.012295,0.304553,0.010680,0.433367,1.454808,0.000000,0.000000,0.575845,-0.429876,0.006828,0.084261,0.058716,0.000000,0.000000
-0.561398,4.006389,0.855517,-0.058018,-0.028512,0.831242,0.552139,-0.308933,-0.043519,0.147995,0.375573,-0.219901,-0.016786,0.251959,-0.160751,-0.070861,1.235897,0.038786,-0.042339,0.274932,-0.008644,0.970971,0.295199,0.004008,0.443960,1.440163,0.000000,0.000000,0.593069,-0.435199,0.025451,0.129652,0.060137,0.000000,0.000000
-0.580594,4.031742,0.852327,-0.054973,-0.028797,0.839272,0.540158,-0.287132,-0.056079,0.119752,0.416723,-0.285496,-0.014770,0.236584,-0.152906,-0.083742,1.320680,0.017470,-0.037098,0.247418,-0.007508,0.933281,0.285761,-0.000541,0.447875,1.418591,0.000000,0.000000,0.611594,-0.440823,0.047330,0.170416,0.068486,0.000000,0.000000
-0.599761,4.057668,0.847714,-0.051407,-0.029201,0.846587,0.528956,-0.264546,-0.068726,0.098182,0.456799,-0.343739,-0.014156,0.222159,-0.148905,-0.096270,1.398178,-0.004946,-0.033250,0.221677,-0.006390,0.898241,0.279767,-0.006638,0.447910,1.412295,0.000000,0.000000,0.632033,-0.441700,0.066780,0.210050,0.073164,0.000000,0.000000
-0.618487,4.083311,0.841816,-0.047834,-0.030003,0.854244,0.516796,-0.240356,-0.080878,0.083904,0.494770,-0.396983,-0.014795,0.205473,-0.143801,-0.106880,1.474311,-0.035531,-0.029819,0.193196,-0.005269,0.861727,0.275902,-0.015182,0.450033,1.421456,0.000000,0.000000,0.651261,-0.441194,0.086598,0.250826,0.074089,0.000000,0.000000
-0.637215,4.108663,0.835317,-0.044291,-0.031141,0.860206,0.507065,-0.213500,-0.091046,0.075729,0.527158,-0.442306,-0.016163,0.186032,-0.140032,-0.110466,1.546111,-0.069152,-0.027589,0.165757,-0.004181,0.821664,0.267915,-0.025114,0.451894,1.423678,0.000000,0.000000,0.669481,-0.442532,0.112529,0.291031,0.073380,0.000000,0.000000
-0.656846,4.133373,0.828711,-0.040609,-0.032424,0.866370,0.496691,-0.182484,-0.100694,0.066286,0.551116,-0.482923,-0.017359,0.164575,-0.138179,-0.113363,1.612523,-0.098962,-0.025839,0.137666,-0.003002,0.777310,0.258574,-0.036815,0.452596,1.408860,0.000000,0.000000,0.688391,-0.442039,0.140487,0.333140,0.072597,0.000000,0.000000
-0.677179,4.157427,0.823175,-0.036924,-0.032929,0.873551,0.484211,-0.146807,-0.110491,0.049697,0.560571,-0.517934,-0.017505,0.140402,-0.137458,-0.118798,1.672151,-0.126199,-0.024118,0.105372,-0.001668,0.728303,0.259717,-0.054320,0.455896,1.438711,0.000000,0.000000,0.705832,-0.441525,0.165066,0.375908,0.065433,0.000000,0.000000
-0.698957,4.181695,0.818152,-0.032992,-0.034314,0.880865,0.470969,-0.108380,-0.118345,0.025321,0.564270,-0.544807,-0.016183,0.118313,-0.138591,-0.123613,1.717727,-0.143243,-0.022879,0.075450,-0.000416,0.679127,0.255902,-0.070039,0.457385,1.438379,0.000000,0.000000,0.728823,-0.439213,0.188975,0.410335,0.068184,0.000000,0.000000
-0.721760,4.205636,0.813616,-0.028666,-0.037086,0.889849,0.453840,-0.066765,-0.123278,-0.007636,0.563585,-0.566453,-0.013043,0.099148,-0.143403,-0.135486,1.754087,-0.154641,-0.021668,0.040659,0.000971,0.632029,0.263168,-0.094402,0.456544,1.445323,0.000000,0.000000,0.758071,-0.435081,0.212357,0.438017,0.083708,0.000000,0.000000
-0.740262,4.231169,0.811111,-0.026383,-0.041754,0.897892,0.437437,-0.027250,-0.114911,-0.038360,0.557423,-0.584362,-0.007115,0.074694,-0.126755,-0.137547,1.774646,-0.175411,-0.017996,0.003538,0.002364,0.588314,0.276138,-0.113168,0.446647,1.452624,0.000000,0.000000,0.785202,-0.436031,0.232049,0.452844,0.093856,0.000000,0.000000
-0.756303,4.255137,0.809291,-0.024363,-0.047873,0.905845,0.420190,0.006993,-0.098663,-0.065674,0.554770,-0.600190,0.000337,0.047454,-0.106846,-0.150806,1.784684,-0.172932,-0.012163,-0.033620,0.003690,0.551618,0.296879,-0.127322,0.432064,1.476313,0.000000,0.000000,0.813850,-0.431963,0.242826,0.461555,0.094044,0.000000,0.000000
-0.773813,4.275371,0.805955,-0.022915,-0.053695,0.912459,0.404982,0.033966,-0.086442,-0.089793,0.559874,-0.612815,0.006620,0.017893,-0.100913,-0.162590,1.784889,-0.191948,-0.008846,-0.066171,0.004732,0.518260,0.306291,-0.130199,0.407848,1.485485,0.000000,0.000000,0.842806,-0.422727,0.251024,0.468734,0.097893,0.000000,0.000000
-0.788308,4.290918,0.803490,-0.022719,-0.057455,0.919218,0.388871,0.053562,-0.077089,-0.116491,0.561543,-0.613425,0.012875,-0.024507,-0.101797,-0.180866,1.786030,-0.222012,-0.005083,-0.101789,0.005893,0.486908,0.316275,-0.133426,0.375802,1.488889,0.000000,0.000000,0.873536,-0.415928,0.255100,0.467850,0.095549,0.000000,0.000000
-0.799457,4.303952,0.801624,-0.023695,-0.059281,0.926004,0.372077,0.062891,-0.067723,-0.138178,0.570110,-0.606007,0.018661,-0.075725,-0.105327,-0.202933,1.778606,-0.240221,-0.000036,-0.136437,0.007055,0.455061,0.327884,-0.140488,0.336774,1.492857,0.000000,0.000000,0.903665,-0.411461,0.251737,0.460889,0.085298,0.000000,0.000000
-0.808187,4.316239,0.803851,-0.024929,-0.059043,0.931166,0.358919,0.066940,-0.059889,-0.152476,0.581689,-0.595214,0.023124,-0.134411,-0.113653,-0.219765,1.762969,-0.256026,0.004528,-0.169165,0.008180,0.423123,0.335000,-0.146505,0.296299,1.498701,0.000000,0.000000,0.931705,-0.411351,0.248035,0.451948,0.066663,0.000000,0.000000
-0.817685,4.332096,0.807988,-0.025616,-0.058067,0.934995,0.348935,0.073106,-0.050969,-0.158371,0.594492,-0.585703,0.026682,-0.187936,-0.120243,-0.229523,1.730868,-0.267614,0.008561,-0.198635,0.009257,0.394264,0.338673,-0.150177,0.257059,1.495296,0.000000,0.000000,0.955333,-0.413920,0.244579,0.442170,0.055100,0.000000,0.000000
-0.826214,4.349216,0.811010,-0.028831,-0.052492,0.939056,0.338507,0.077172,-0.045518,-0.170168,0.596105,-0.564308,0.030385,-0.248636,-0.128488,-0.240064,1.690361,-0.268970,0.013485,-0.231773,0.010500,0.364884,0.341828,-0.151432,0.211409,1.492058,0.000000,0.000000,0.978448,-0.419183,0.228517,0.424014,0.048872,0.000000,0.000000
-0.838214,4.369781,0.816928,-0.032033,-0.045653,0.943712,0.326034,0.083826,-0.042880,-0.188959,0.595495,-0.534090,0.034731,-0.299254,-0.140392,-0.254106,1.635698,-0.265126,0.018139,-0.265273,0.011711,0.338673,0.346687,-0.153658,0.164852,1.497748,0.000000,0.000000,1.001480,-0.422176,0.205072,0.405970,0.053971,0.000000,0.000000
-0.852562,4.393165,0.828181,-0.034608,-0.039523,0.948442,0.312566,0.094876,-0.037551,-0.205124,0.591791,-0.493751,0.039648,-0.340192,-0.151100,-0.270865,1.567901,-0.259952,0.023297,-0.297281,0.012881,0.315977,0.351636,-0.155774,0.114523,1.501098,0.000000,0.000000,1.026394,-0.425546,0.177624,0.388182,0.059777,0.000000,0.000000
-0.868021,4.419721,0.830894,-0.036480,-0.035421,0.951395,0.303747,0.110601,-0.026976,-0.209777,0.583836,-0.446937,0.044219,-0.371741,-0.152597,-0.279523,1.488133,-0.251895,0.027579,-0.323357,0.013974,0.298906,0.372250,-0.158134,0.066007,1.502562,0.000000,0.000000,1.048975,-0.430359,0.157382,0.376150,0.064277,0.000000,0.000000
-0.886355,4.448037,0.833411,-0.038291,-0.032520,0.952205,0.301299,0.132388,-0.018641,-0.211257,0.565585,-0.379767,0.047728,-0.395720,-0.150679,-0.283030,1.399904,-0.239076,0.030146,-0.338543,0.014496,0.286529,0.387099,-0.152824,0.015866,1.481027,0.000000,0.000000,1.068875,-0.429049,0.142870,0.368776,0.063460,0.000000,0.000000
-0.904735,4.477348,0.835964,-0.038591,-0.030425,0.951919,0.302382,0.157041,-0.012219,-0.211032,0.547854,-0.297048,0.050388,-0.413972,-0.143858,-0.278226,1.304299,-0.221593,0.030504,-0.352078,0.014992,0.282684,0.402807,-0.148448,-0.033649,1.475853,0.000000,0.000000,1.087058,-0.428932,0.128079,0.362247,0.060084,0.000000,0.000000
-0.923625,4.505502,0.838260,-0.038872,-0.028061,0.952704,0.300095,0.179910,-0.005036,-0.210643,0.530822,-0.204728,0.053053,-0.427906,-0.141645,-0.277841,1.208027,-0.199248,0.030278,-0.366532,0.015361,0.282759,0.409238,-0.143802,-0.081037,1.485456,0.000000,0.000000,1.104688,-0.420467,0.111721,0.356659,0.051094,0.000000,0.000000
-0.941821,4.532793,0.840432,-0.039104,-0.025371,0.953832,0.296700,0.200284,0.003096,-0.210367,0.514632,-0.114640,0.055682,-0.439268,-0.140758,-0.279144,1.105759,-0.171005,0.029677,-0.381354,0.015710,0.282406,0.412139,-0.134878,-0.125999,1.489394,0.000000,0.000000,1.120829,-0.414970,0.098310,0.349391,0.049862,0.000000,0.000000
-0.959493,4.559540,0.842634,-0.040058,-0.021810,0.956138,0.289345,0.215161,0.014849,-0.211328,0.503654,-0.047611,0.059475,-0.448223,-0.142352,-0.285359,1.004042,-0.140909,0.029425,-0.399346,0.016173,0.279942,0.416837,-0.129009,-0.165514,1.485346,0.000000,0.000000,1.132892,-0.411004,0.083024,0.345498,0.047723,0.000000,0.000000
-0.977838,4.585896,0.845765,-0.042087,-0.016591,0.959488,0.278093,0.226950,0.030193,-0.212994,0.487220,0.020462,0.064383,-0.452917,-0.149650,-0.298901,0.893205,-0.102315,0.029030,-0.416797,0.016601,0.277265,0.428041,-0.126021,-0.209723,1.477095,0.000000,0.000000,1.143340,-0.399152,0.062049,0.341942,0.045343,0.000000,0.000000
-0.994697,4.613111,0.840240,-0.042380,-0.010780,0.961563,0.271082,0.233189,0.042122,-0.213826,0.493864,0.068665,0.067873,-0.455083,-0.154659,-0.303879,0.781772,-0.065204,0.026339,-0.431773,0.016912,0.272042,0.437320,-0.122499,-0.248661,1.468232,0.000000,0.000000,1.150319,-0.387879,0.043336,0.341618,0.045522,0.000000,0.000000
-1.012117,4.640440,0.832488,-0.043459,-0.005302,0.963686,0.263425,0.237967,0.055110,-0.214954,0.503753,0.108634,0.071602,-0.454236,-0.160437,-0.309272,0.669227,-0.026658,0.023277,-0.448099,0.017224,0.268430,0.439975,-0.120042,-0.286421,1.445381,0.000000,0.000000,1.152404,-0.378231,0.028205,0.338028,0.044097,0.000000,0.000000
-1.029689,4.667947,0.832842,-0.043780,0.000498,0.965481,0.256766,0.243727,0.065415,-0.215756,0.516255,0.118523,0.074599,-0.452671,-0.166175,-0.314775,0.561840,0.006166,0.019990,-0.463032,0.017628,0.264498,0.446226,-0.117146,-0.316529,1.433318,0.000000,0.000000,1.152732,-0.372560,0.015052,0.334262,0.038653,0.000000,0.000000
-1.047369,4.695281,0.839883,-0.044518,0.005853,0.967077,0.250492,0.249815,0.077220,-0.211856,0.528598,0.109997,0.077533,-0.445190,-0.169910,-0.321214,0.437227,0.046191,0.016556,-0.478715,0.018077,0.263328,0.456513,-0.113231,-0.348833,1.424554,0.000000,0.000000,1.151779,-0.365395,0.001665,0.329904,0.030460,0.000000,0.000000
-1.065525,4.722716,0.842721,-0.045045,0.009716,0.968035,0.246545,0.257451,0.089782,-0.201106,0.542257,0.090502,0.079806,-0.435826,-0.169950,-0.325942,0.318665,0.081302,0.013469,-0.489752,0.018270,0.264749,0.461847,-0.115037,-0.378009,1.402271,0.000000,0.000000,1.147898,-0.360020,-0.006302,0.324335,0.025879,0.000000,0.000000
-1.084423,4.750162,0.841197,-0.045727,0.012810,0.968430,0.244721,0.266548,0.102234,-0.185659,0.557355,0.066218,0.081282,-0.425019,-0.167501,-0.329586,0.202254,0.113920,0.010500,-0.494351,0.018442,0.267058,0.468101,-0.119204,-0.402041,1.381863,0.000000,0.000000,1.143211,-0.362791,-0.010463,0.319998,0.007285,0.000000,0.000000
-1.103577,4.777867,0.837674,-0.049068,0.019011,0.968419,0.243714,0.271168,0.112457,-0.165163,0.568079,0.048686,0.081061,-0.417476,-0.166518,-0.333212,0.092772,0.141707,0.007153,-0.496766,0.018669,0.264781,0.474183,-0.122052,-0.419664,1.369414,0.000000,0.000000,1.133657,-0.368698,-0.015166,0.318032,-0.016092,0.000000,0.000000
-1.122410,4.805459,0.835643,-0.049202,0.025242,0.968040,0.244624,0.274166,0.119273,-0.141833,0.593024,0.029857,0.079142,-0.408396,-0.165709,-0.337367,-0.004049,0.169313,0.004538,-0.497439,0.018780,0.264370,0.476017,-0.124018,-0.430181,1.358753,0.000000,0.000000,1.122196,-0.364260,-0.023389,0.315174,-0.011421,0.000000,0.000000
-1.141062,4.832901,0.836825,-0.046917,0.030264,0.966866,0.249105,0.275139,0.120377,-0.132495,0.606209,0.021061,0.077994,-0.404197,-0.164565,-0.338151,-0.017450,0.178438,0.004383,-0.494970,0.018680,0.265162,0.475486,-0.125229,-0.431994,1.354466,0.000000,0.000000,1.118935,-0.364269,-0.026887,0.313621,-0.010943,0.000000,0.000000
-1.159534,4.860148,0.837281,-0.044116,0.035187,0.965588,0.253880,0.276993,0.121597,-0.113462,0.639760,0.002665,0.075205,-0.396258,-0.162628,-0.339649,-0.017450,0.192151,0.004424,-0.488483,0.018405,0.267737,0.474520,-0.128141,-0.432919,1.344774,0.000000,0.000000,1.111809,-0.362164,-0.039747,0.312548,-0.008781,0.000000,0.000000
-1.177910,4.887509,0.840204,-0.039569,0.040105,0.964028,0.259761,0.278977,0.120116,-0.091416,0.694205,-0.021758,0.070692,-0.385397,-0.160286,-0.341892,-0.017450,0.204610,0.004847,-0.475629,0.017949,0.273104,0.473898,-0.135984,-0.429178,1.330546,0.000000,0.000000,1.102028,-0.356084,-0.064710,0.315884,-0.012352,0.000000,0.000000
-1.196291,4.914934,0.843052,-0.034138,0.043979,0.962287,0.266277,0.280390,0.116197,-0.072155,0.758074,-0.044107,0.065543,-0.373962,-0.157481,-0.344103,-0.017450,0.212693,0.005621,-0.457451,0.017509,0.279653,0.475441,-0.150058,-0.419825,1.315153,0.000000,0.000000,1.093303,-0.352196,-0.087766,0.320202,-0.019205,0.000000,0.000000
-1.214946,4.942333,0.845419,-0.028210,0.046550,0.960268,0.273721,0.281370,0.110229,-0.053998,0.833105,-0.064064,0.059618,-0.361156,-0.153343,-0.345952,-0.017450,0.217870,0.006771,-0.431866,0.016912,0.285836,0.473851,-0.159997,-0.400867,1.303526,0.000000,0.000000,1.085100,-0.345513,-0.108870,0.323659,-0.022716,0.000000,0.000000
-1.234092,4.969285,0.847146,-0.021707,0.048409,0.958052,0.281641,0.281716,0.102156,-0.039128,0.908576,-0.079357,0.053492,-0.348588,-0.149102,-0.347718,-0.017450,0.219310,0.007990,-0.405058,0.016325,0.293375,0.474733,-0.174192,-0.378698,1.294267,0.000000,0.000000,1.077836,-0.341793,-0.123029,0.326480,-0.024504,0.000000,0.000000
-1.253589,4.996350,0.848359,-0.015759,0.048374,0.955831,0.289481,0.281790,0.094939,-0.026316,0.983417,-0.093231,0.047963,-0.335624,-0.143014,-0.348046,-0.017450,0.217616,0.009463,-0.378980,0.015791,0.303912,0.482514,-0.190496,-0.351937,1.292747,0.000000,0.000000,1.070016,-0.339904,-0.134304,0.328890,-0.023620,0.000000,0.000000
-1.273710,5.022704,0.849017,-0.009642,0.046823,0.954329,0.294907,0.281554,0.088976,-0.017006,1.057374,-0.105691,0.043401,-0.321540,-0.137838,-0.349517,-0.017450,0.211512,0.010869,-0.352349,0.015238,0.314445,0.495017,-0.200817,-0.318134,1.316435,0.000000,0.000000,1.062271,-0.331810,-0.144614,0.332251,-0.017600,0.000000,0.000000
-1.294082,5.049325,0.849443,-0.004866,0.042844,0.952682,0.300894,0.281169,0.083592,-0.011163,1.128914,-0.113684,0.039583,-0.306457,-0.129427,-0.348284,-0.017450,0.203119,0.012629,-0.328122,0.014352,0.331945,0.499602,-0.225947,-0.283707,1.334456,0.000000,0.000000,1.052063,-0.325061,-0.145193,0.336029,-0.014434,0.000000,0.000000
-1.314230,5.076855,0.849771,-0.001485,0.035792,0.950939,0.307299,0.281084,0.084780,-0.002729,1.198183,-0.127589,0.037307,-0.289090,-0.114262,-0.341039,-0.017450,0.192139,0.014963,-0.301218,0.013420,0.352473,0.497531,-0.243308,-0.239225,1.365302,0.000000,0.000000,1.038594,-0.322959,-0.131634,0.344265,-0.017387,0.000000,0.000000
-1.334190,5.104438,0.849946,0.000914,0.026659,0.949351,0.313084,0.279395,0.093302,0.009205,1.264143,-0.139796,0.036650,-0.270049,-0.094684,-0.329336,-0.016460,0.151590,0.016812,-0.277523,0.012577,0.374201,0.494680,-0.253521,-0.189670,1.389819,0.000000,0.000000,1.020429,-0.327876,-0.104376,0.354876,-0.008324,0.000000,0.000000
-1.352615,5.131934,0.853951,0.001692,0.017055,0.946966,0.320876,0.270011,0.106949,0.028271,1.334161,-0.156738,0.036550,-0.252321,-0.071319,-0.312389,0.028025,0.046885,0.017499,-0.260746,0.011732,0.398334,0.485274,-0.256948,-0.140306,1.345062,0.000000,0.000000,0.991822,-0.337703,-0.065902,0.367792,0.010461,0.000000,0.000000
-1.370681,5.158727,0.857972,0.003682,0.011557,0.945872,0.324313,0.257021,0.115329,0.037586,1.398485,-0.172609,0.036487,-0.240024,-0.058147,-0.303200,0.090355,-0.051528,0.017613,-0.248752,0.011501,0.417935,0.501933,-0.258713,-0.101465,1.392052,0.000000,0.000000,0.964644,-0.343847,-0.044994,0.375108,0.021256,0.000000,0.000000
-1.389080,5.185000,0.860389,0.007906,0.006358,0.943294,0.331805,0.245833,0.117692,0.049936,1.460435,-0.186143,0.034543,-0.228935,-0.048701,-0.292778,0.165229,-0.133765,0.017720,-0.235191,0.010718,0.444308,0.505941,-0.258891,-0.059294,1.429962,0.000000,0.000000,0.939775,-0.355776,-0.021927,0.382058,0.020117,0.000000,0.000000
-1.408079,5.209653,0.861196,0.014272,0.003733,0.942052,0.335141,0.231818,0.114231,0.054121,1.521529,-0.200252,0.032129,-0.218639,-0.052355,-0.281475,0.252220,-0.205215,0.015800,-0.221703,0.009919,0.475700,0.509280,-0.277718,-0.009213,1.463441,0.000000,0.000000,0.916391,-0.366307,-0.000802,0.393336,0.010988,0.000000,0.000000
-1.425196,5.234645,0.859482,0.021465,0.000814,0.939935,0.340677,0.216679,0.112081,0.059496,1.580948,-0.218189,0.030012,-0.207856,-0.054272,-0.256768,0.337580,-0.264162,0.012702,-0.205109,0.009063,0.500204,0.496498,-0.284267,0.041193,1.477439,0.000000,0.000000,0.890249,-0.377056,0.025124,0.404931,0.005659,0.000000,0.000000
-1.441105,5.260071,0.855978,0.028461,-0.001742,0.935769,0.351460,0.200573,0.106573,0.070357,1.635664,-0.235173,0.026734,-0.195518,-0.050705,-0.222619,0.413733,-0.320067,0.009164,-0.186564,0.008228,0.524822,0.475208,-0.280415,0.095457,1.489692,0.000000,0.000000,0.856916,-0.390540,0.059236,0.417644,0.002317,0.000000,0.000000
-1.456633,5.286264,0.851949,0.032159,-0.003710,0.930619,0.364554,0.181557,0.102084,0.087019,1.678130,-0.251325,0.023297,-0.181165,-0.040857,-0.183223,0.470631,-0.371724,0.005715,-0.168052,0.007457,0.550953,0.451952,-0.269831,0.154104,1.500266,0.000000,0.000000,0.814719,-0.406355,0.099383,0.429203,-0.004719,0.000000,0.000000
-1.471056,5.311366,0.847855,0.035120,-0.005499,0.923225,0.382611,0.159452,0.096134,0.113196,1.712694,-0.267685,0.018667,-0.164410,-0.028964,-0.143646,0.512320,-0.420807,0.002346,-0.143125,0.006391,0.576834,0.426307,-0.242833,0.210878,1.525105,0.000000,0.000000,0.760140,-0.421068,0.149891,0.448342,-0.012233,0.000000,0.000000
-1.484982,5.336409,0.844534,0.036106,-0.008243,0.917809,0.395290,0.134378,0.094487,0.126049,1.734733,-0.277763,0.016291,-0.143307,-0.013173,-0.106242,0.533749,-0.456753,0.000077,-0.120973,0.005240,0.605399,0.407382,-0.237633,0.285295,1.541807,0.000000,0.000000,0.701581,-0.428986,0.200776,0.468717,-0.011692,0.000000,0.000000
-1.500024,5.359996,0.841820,0.039713,-0.009282,0.912442,0.407169,0.109412,0.083940,0.132075,1.744126,-0.288024,0.012836,-0.117818,-0.007388,-0.085938,0.549265,-0.489898,-0.001724,-0.091359,0.003831,0.624419,0.394226,-0.240671,0.353254,1.559823,0.000000,0.000000,0.650000,-0.433320,0.240661,0.482743,-0.002820,0.000000,0.000000
-1.515430,5.384231,0.839041,0.043500,-0.008715,0.908454,0.415625,0.085250,0.072971,0.130253,1.739464,-0.296487,0.010166,-0.091204,-0.007517,-0.076081,0.562727,-0.519648,-0.003197,-0.062295,0.002525,0.641791,0.390565,-0.250583,0.407160,1.570800,0.000000,0.000000,0.608131,-0.434313,0.264351,0.486075,0.007967,0.000000,0.000000
-1.530386,5.408344,0.836217,0.048004,-0.007518,0.905646,0.421242,0.060122,0.062439,0.123153,1.725776,-0.307000,0.008209,-0.062346,-0.010779,-0.072716,0.573151,-0.544184,-0.004370,-0.035435,0.001199,0.655517,0.399727,-0.270620,0.453165,1.570800,0.000000,0.000000,0.568225,-0.434201,0.285034,0.491441,0.023421,0.000000,0.000000
-1.545960,5.431027,0.833431,0.051722,-0.005956,0.903430,0.425564,0.033398,0.048752,0.116847,1.700012,-0.316297,0.005334,-0.034123,-0.016873,-0.073025,0.579768,-0.561178,-0.005676,-0.008212,-0.000206,0.675697,0.400088,-0.284088,0.486698,1.570800,0.000000,0.000000,0.532589,-0.435078,0.293512,0.473817,0.038509,0.000000,0.000000
-1.560582,5.454076,0.830959,0.054150,-0.002848,0.901244,0.429905,0.004112,0.037550,0.107797,1.664277,-0.337046,0.003336,-0.008606,-0.023928,-0.074253,0.581768,-0.576307,-0.007131,0.017642,-0.001457,0.701115,0.396193,-0.282194,0.506570,1.570800,0.000000,0.000000,0.504092,-0.431754,0.285408,0.442846,0.053030,0.000000,0.000000
-1.574321,5.474754,0.833589,0.056064,0.000363,0.898660,0.435048,-0.028997,0.026314,0.104978,1.622576,-0.351114,0.000137,0.013629,-0.032262,-0.074835,0.579090,-0.582664,-0.009068,0.043224,-0.002633,0.733947,0.388095,-0.269399,0.500564,1.526781,0.000000,0.000000,0.482637,-0.426085,0.268195,0.401045,0.065945,0.000000,0.000000
-1.586305,5.494153,0.838270,0.056620,0.003591,0.895585,0.441258,-0.064791,0.020633,0.109653,1.573697,-0.363310,-0.003184,0.030360,-0.040210,-0.077414,0.579007,-0.583259,-0.010651,0.069560,-0.003826,0.770910,0.388224,-0.257026,0.486752,1.486281,0.000000,0.000000,0.463237,-0.422990,0.254591,0.356699,0.071266,0.000000,0.000000
-1.597485,5.512331,0.845067,0.056223,0.005759,0.892877,0.446740,-0.101479,0.018546,0.114882,1.516156,-0.371929,-0.005767,0.043908,-0.045549,-0.078697,0.581815,-0.581255,-0.011844,0.095445,-0.005003,0.804658,0.394943,-0.248587,0.480171,1.479455,0.000000,0.000000,0.442777,-0.418695,0.246210,0.316163,0.075531,0.000000,0.000000
-1.607288,5.528780,0.851733,0.052551,0.007301,0.889809,0.453238,-0.143916,0.020576,0.121907,1.452045,-0.378476,-0.007730,0.053155,-0.045688,-0.073563,0.577794,-0.567642,-0.012831,0.120548,-0.006244,0.829996,0.414188,-0.242486,0.470996,1.505102,0.000000,0.000000,0.419436,-0.413595,0.240512,0.273917,0.104252,0.000000,0.000000
-1.618628,5.545820,0.860560,0.047224,0.008537,0.884635,0.463809,-0.183586,0.024234,0.133211,1.375360,-0.379760,-0.010136,0.060314,-0.045812,-0.060366,0.573621,-0.544744,-0.015240,0.150649,-0.007756,0.859038,0.422444,-0.220949,0.446583,1.485173,0.000000,0.000000,0.391491,-0.413708,0.244713,0.229575,0.097358,0.000000,0.000000
-1.633213,5.563179,0.868677,0.040656,0.009293,0.879737,0.473627,-0.217853,0.023635,0.144843,1.287016,-0.372425,-0.013576,0.068261,-0.048584,-0.049610,0.567021,-0.517513,-0.018015,0.179091,-0.009072,0.888131,0.434010,-0.201843,0.429184,1.491752,0.000000,0.000000,0.368373,-0.406547,0.243999,0.183942,0.103102,0.000000,0.000000
-1.647725,5.583390,0.872030,0.033710,0.009447,0.875435,0.482066,-0.246011,0.029454,0.156012,1.191448,-0.351451,-0.014680,0.079266,-0.047786,-0.038767,0.555750,-0.480096,-0.019986,0.207762,-0.010349,0.911843,0.442320,-0.187768,0.419615,1.511059,0.000000,0.000000,0.348698,-0.396217,0.240228,0.137825,0.107544,0.000000,0.000000
-1.662675,5.604355,0.875798,0.026571,0.009542,0.870309,0.491696,-0.269527,0.035210,0.172517,1.081390,-0.352386,-0.016412,0.091520,-0.046970,-0.028986,0.539865,-0.430969,-0.021897,0.238364,-0.011737,0.933225,0.449338,-0.178023,0.412645,1.522746,0.000000,0.000000,0.330424,-0.390805,0.236660,0.089525,0.105886,0.000000,0.000000
-1.676915,5.627729,0.880060,0.018296,0.009312,0.864926,0.501480,-0.286462,0.049188,0.202400,0.971129,-0.328992,-0.018638,0.105076,-0.043950,-0.021775,0.518060,-0.369831,-0.022812,0.268871,-0.012841,0.950832,0.444887,-0.153737,0.406164,1.540130,0.000000,0.000000,0.316375,-0.385229,0.228416,0.036765,0.104670,0.000000,0.000000
-1.694615,5.648458,0.884281,0.012006,0.009657,0.860702,0.508876,-0.299283,0.049511,0.214662,0.856359,-0.299941,-0.019806,0.117920,-0.048783,-0.016645,0.503463,-0.318837,-0.025574,0.293263,-0.013829,0.968810,0.447248,-0.143506,0.395217,1.524072,0.000000,0.000000,0.301834,-0.384119,0.225286,-0.009753,0.107743,0.000000,0.000000
-1.713281,5.669553,0.888777,0.007749,0.010618,0.857510,0.514299,-0.305931,0.045639,0.217657,0.736605,-0.255252,-0.019642,0.133343,-0.057445,-0.016347,0.487022,-0.253082,-0.028742,0.317410,-0.014655,0.987855,0.444600,-0.129353,0.380641,1.502423,0.000000,0.000000,0.295014,-0.381555,0.219021,-0.055944,0.102131,0.000000,0.000000
-1.731621,5.691541,0.892708,0.001821,0.011378,0.855599,0.517510,-0.311572,0.045000,0.217986,0.612619,-0.207291,-0.017800,0.147797,-0.063914,-0.021074,0.470908,-0.181231,-0.030382,0.336498,-0.015341,1.006316,0.450121,-0.121589,0.368611,1.501046,0.000000,0.000000,0.290611,-0.380280,0.209098,-0.106049,0.102429,0.000000,0.000000
-1.750963,5.712958,0.896210,-0.002911,0.011881,0.853611,0.520768,-0.315579,0.042727,0.210958,0.496630,-0.153511,-0.015146,0.161182,-0.073177,-0.026150,0.461238,-0.124700,-0.032762,0.354308,-0.016015,1.021776,0.454616,-0.113139,0.359590,1.501383,0.000000,0.000000,0.284887,-0.379239,0.203197,-0.151276,0.103641,0.000000,0.000000
-1.770046,5.734908,0.894838,-0.007516,0.012187,0.850587,0.525640,-0.315188,0.041379,0.213060,0.377560,-0.080802,-0.014483,0.175144,-0.085864,-0.036365,0.450923,-0.046346,-0.035345,0.371773,-0.016608,1.039306,0.451407,-0.099120,0.345436,1.499284,0.000000,0.000000,0.282553,-0.381150,0.197013,-0.200489,0.103140,0.000000,0.000000
-1.788755,5.756921,0.898792,-0.011762,0.012431,0.845801,0.533225,-0.312662,0.041304,0.216997,0.264504,-0.008771,-0.013992,0.187280,-0.098349,-0.035188,0.441815,0.018209,-0.039904,0.386044,-0.017004,1.057657,0.437679,-0.082836,0.331521,1.499788,0.000000,0.000000,0.279091,-0.387758,0.197970,-0.247765,0.102774,0.000000,0.000000
-1.807546,5.779265,0.905152,-0.016377,0.011522,0.844360,0.535402,-0.311371,0.041138,0.219135,0.162080,0.055386,-0.013210,0.199928,-0.107339,-0.037890,0.439930,0.062959,-0.042549,0.393953,-0.017286,1.074300,0.438527,-0.065071,0.316188,1.497120,0.000000,0.000000,0.270353,-0.398647,0.196019,-0.291480,0.113323,0.000000,0.000000
-1.826860,5.801896,0.906913,-0.020762,0.010655,0.842796,0.537727,-0.309173,0.041725,0.217559,0.063968,0.116059,-0.011667,0.212008,-0.116225,-0.040758,0.444018,0.103890,-0.045054,0.400133,-0.017545,1.091089,0.436525,-0.049967,0.301727,1.496711,0.000000,0.000000,0.262602,-0.409831,0.194336,-0.336645,0.121770,0.000000,0.000000
-1.847017,5.824523,0.908210,-0.023754,0.009401,0.840558,0.541119,-0.306179,0.042529,0.217616,-0.017450,0.172045,-0.010691,0.222550,-0.126860,-0.040920,0.459002,0.139864,-0.048495,0.406904,-0.017690,1.113724,0.422771,-0.036317,0.287732,1.498954,0.000000,0.000000,0.261013,-0.417874,0.194702,-0.380554,0.127782,0.000000,0.000000
-1.866589,5.846908,0.908589,-0.025265,0.007324,0.839068,0.543390,-0.305614,0.043367,0.220972,-0.017450,0.195092,-0.010838,0.231137,-0.134396,-0.038577,0.481820,0.155639,-0.051307,0.410480,-0.017800,1.130375,0.416007,-0.022775,0.276100,1.489267,0.000000,0.000000,0.253207,-0.430443,0.201070,-0.412159,0.136172,0.000000,0.000000
-1.884867,5.871011,0.909596,-0.026758,0.007357,0.837332,0.545989,-0.302279,0.046116,0.223056,-0.017450,0.217108,-0.010700,0.240778,-0.144458,-0.035903,0.516680,0.164193,-0.054780,0.396609,-0.016943,1.157638,0.406440,0.011666,0.245932,1.460916,0.000000,0.000000,0.253857,-0.402152,0.125774,-0.473064,0.103152,0.000000,0.000000
-1.903477,5.894197,0.908690,-0.028535,0.006293,0.837496,0.545661,-0.302679,0.044613,0.227959,-0.017450,0.225113,-0.011758,0.248672,-0.150764,-0.037531,0.548533,0.159006,-0.056378,0.394903,-0.016807,1.173289,0.404112,0.026997,0.231227,1.455505,0.000000,0.000000,0.258399,-0.383309,0.089944,-0.502829,0.093615,0.000000,0.000000
-1.921796,5.917157,0.907312,-0.029660,0.003958,0.838386,0.544255,-0.302900,0.039395,0.241208,-0.017450,0.225501,-0.014606,0.257854,-0.155680,-0.039378,0.590852,0.144315,-0.057426,0.396265,-0.016881,1.189636,0.402508,0.038705,0.217062,1.452291,0.000000,0.000000,0.265244,-0.372471,0.070354,-0.530981,0.093464,0.000000,0.000000
-1.939684,5.940361,0.905967,-0.030639,0.002363,0.839378,0.542678,-0.302329,0.036556,0.248055,-0.017450,0.228325,-0.016089,0.264541,-0.159154,-0.040667,0.626301,0.131396,-0.058147,0.395930,-0.016978,1.200505,0.402837,0.044035,0.205624,1.444533,0.000000,0.000000,0.267077,-0.369237,0.059178,-0.552407,0.093700,0.000000,0.000000
-1.959301,5.962878,0.903482,-0.033157,-0.001836,0.842185,0.538164,-0.302166,0.033898,0.250839,-0.017450,0.238197,-0.017165,0.269983,-0.159352,-0.042426,0.656295,0.121693,-0.057834,0.391467,-0.016815,1.208788,0.404345,0.048131,0.197190,1.440901,0.000000,0.000000,0.268202,-0.364279,0.048572,-0.567551,0.095869,0.000000,0.000000
-1.977743,5.985993,0.901708,-0.033503,-0.003129,0.844114,0.535108,-0.301724,0.031358,0.252182,-0.017450,0.249032,-0.018087,0.276863,-0.160359,-0.042053,0.699119,0.110394,-0.057945,0.385016,-0.016612,1.219699,0.406250,0.050559,0.186406,1.440473,0.000000,0.000000,0.274626,-0.357863,0.038607,-0.580912,0.099144,0.000000,0.000000
-1.997362,6.008841,0.896163,-0.034617,-0.005753,0.847066,0.530328,-0.300780,0.028056,0.251319,-0.017450,0.262127,-0.019037,0.283394,-0.160179,-0.041753,0.744370,0.102130,-0.057522,0.376869,-0.016355,1.228731,0.405870,0.053840,0.177467,1.443256,0.000000,0.000000,0.283231,-0.351175,0.028840,-0.587933,0.099971,0.000000,0.000000
-2.015813,6.031784,0.890364,-0.036065,-0.007506,0.848858,0.527336,-0.299021,0.025170,0.250057,-0.017450,0.276929,-0.019964,0.287294,-0.159552,-0.040664,0.800746,0.099096,-0.056691,0.366629,-0.016051,1.234556,0.402370,0.060113,0.168480,1.445815,0.000000,0.000000,0.291988,-0.343199,0.018245,-0.590737,0.099005,0.000000,0.000000
-2.034784,6.054459,0.884076,-0.036794,-0.010198,0.850647,0.524349,-0.295728,0.022421,0.248597,-0.017450,0.289278,-0.020909,0.289079,-0.160485,-0.041556,0.863101,0.096285,-0.055561,0.353492,-0.015725,1.240569,0.404891,0.065091,0.156035,1.442664,0.000000,0.000000,0.301920,-0.336911,0.009873,-0.585856,0.101459,0.000000,0.000000
-2.054736,6.077087,0.877492,-0.036391,-0.012002,0.852100,0.521975,-0.291425,0.018726,0.246149,-0.017450,0.296869,-0.021887,0.289860,-0.164890,-0.044558,0.917754,0.092703,-0.055092,0.343843,-0.015492,1.244242,0.406021,0.067652,0.146782,1.438599,0.000000,0.000000,0.312994,-0.332404,0.002617,-0.575652,0.101407,0.000000,0.000000
-2.075190,6.099489,0.871562,-0.033598,-0.012491,0.852269,0.521874,-0.283814,0.012694,0.241949,-0.017450,0.301378,-0.023176,0.291299,-0.179188,-0.052547,0.985550,0.092343,-0.055882,0.334561,-0.015356,1.246970,0.408477,0.063821,0.138964,1.435690,0.000000,0.000000,0.330074,-0.330258,-0.000939,-0.557728,0.096235,0.000000,0.000000
-2.095811,6.121805,0.865836,-0.031321,-0.013600,0.853668,0.519697,-0.276190,0.006123,0.236984,-0.017450,0.306576,-0.024394,0.291845,-0.188341,-0.054505,1.042667,0.092833,-0.056172,0.327372,-0.015301,1.247589,0.414248,0.052855,0.137791,1.437269,0.000000,0.000000,0.346806,-0.334822,-0.003181,-0.537887,0.092637,0.000000,0.000000
-2.117384,6.143720,0.860440,-0.028061,-0.013300,0.854389,0.518705,-0.266623,-0.003192,0.229373,-0.017450,0.310061,-0.025855,0.292765,-0.203236,-0.056401,1.102729,0.092249,-0.057283,0.321031,-0.015050,1.244926,0.411983,0.041387,0.139767,1.449101,0.000000,0.000000,0.368299,-0.335448,-0.007029,-0.512497,0.081202,0.000000,0.000000
-2.138167,6.166254,0.856092,-0.024907,-0.012815,0.855549,0.516964,-0.256035,-0.013405,0.220590,-0.017450,0.308302,-0.027174,0.293408,-0.216147,-0.054827,1.160796,0.089589,-0.057944,0.311759,-0.014637,1.237606,0.410219,0.030601,0.140012,1.465321,0.000000,0.000000,0.389677,-0.335786,-0.014649,-0.487340,0.066795,0.000000,0.000000
-2.158758,6.189011,0.854376,-0.021073,-0.012851,0.857306,0.514214,-0.244184,-0.023865,0.211254,-0.017450,0.302531,-0.028329,0.293975,-0.227362,-0.053286,1.218832,0.087191,-0.057767,0.301183,-0.014137,1.228647,0.408036,0.020024,0.146538,1.476689,0.000000,0.000000,0.411719,-0.334103,-0.027673,-0.460516,0.047646,0.000000,0.000000
-2.179016,6.211887,0.854732,-0.016837,-0.013471,0.859253,0.511095,-0.230134,-0.034497,0.201587,-0.017450,0.290143,-0.029335,0.293818,-0.238271,-0.055326,1.279133,0.076870,-0.056850,0.289064,-0.013535,1.216712,0.405905,0.011328,0.153942,1.486922,0.000000,0.000000,0.436299,-0.332383,-0.038479,-0.428107,0.027380,0.000000,0.000000
-2.199402,6.234218,0.855348,-0.012318,-0.013861,0.860775,0.508648,-0.213820,-0.046235,0.180177,-0.017450,0.246053,-0.027736,0.291257,-0.249221,-0.055954,1.344465,0.060146,-0.055547,0.277696,-0.012908,1.202157,0.409794,-0.000671,0.157736,1.496857,0.000000,0.000000,0.462817,-0.333783,-0.048522,-0.388959,0.008283,0.000000,0.000000
-2.220742,6.255299,0.855931,-0.009529,-0.015243,0.861068,0.508171,-0.200199,-0.055132,0.159417,-0.017450,0.165114,-0.024455,0.286859,-0.268860,-0.061831,1.403694,0.060395,-0.054743,0.267376,-0.012366,1.187146,0.417352,-0.014681,0.157455,1.504982,0.000000,0.000000,0.485375,-0.338849,-0.049224,-0.352076,0.000073,0.000000,0.000000
-2.238936,6.277542,0.855259,-0.005216,-0.015518,0.864230,0.502831,-0.190380,-0.062276,0.140208,-0.017450,0.077565,-0.021089,0.281318,-0.268758,-0.062268,1.455808,0.052631,-0.051892,0.249462,-0.011892,1.181250,0.442858,-0.030045,0.149537,1.489747,0.000000,0.000000,0.506613,-0.346239,-0.040972,-0.307654,-0.007095,0.000000,0.000000
-2.256543,6.299907,0.858727,-0.002028,-0.017561,0.866820,0.498308,-0.183727,-0.063241,0.123221,0.040497,-0.008222,-0.017595,0.272472,-0.259448,-0.059785,1.506125,0.025999,-0.048994,0.233056,-0.011439,1.169788,0.453628,-0.037407,0.147099,1.473774,0.000000,0.000000,0.521057,-0.354550,-0.031156,-0.259301,-0.009283,0.000000,0.000000
-2.275607,6.321453,0.861473,0.000739,-0.020739,0.869717,0.493115,-0.177823,-0.066160,0.116003,0.117118,-0.088982,-0.016825,0.260209,-0.246488,-0.055607,1.560159,-0.009081,-0.046137,0.212369,-0.010715,1.153880,0.451503,-0.040889,0.155580,1.463052,0.000000,0.000000,0.535556,-0.363642,-0.020137,-0.203096,-0.016230,0.000000,0.000000
-2.292392,6.343547,0.862746,0.004863,-0.024461,0.872770,0.487494,-0.170172,-0.062343,0.098567,0.197173,-0.163990,-0.013537,0.242617,-0.222895,-0.046450,1.618748,-0.057045,-0.042665,0.184452,-0.009673,1.130249,0.445742,-0.046446,0.175273,1.458665,0.000000,0.000000,0.552432,-0.374812,0.000558,-0.136279,-0.034165,0.000000,0.000000
-2.305646,6.363459,0.861822,0.006859,-0.028806,0.877182,0.479243,-0.166007,-0.059284,0.082286,0.274840,-0.240727,-0.010621,0.216236,-0.180330,-0.049112,1.678358,-0.266985,-0.042652,0.154007,-0.008589,1.075757,0.450292,-0.069091,0.221022,1.455649,0.000000,0.000000,0.550522,-0.389786,-0.008290,-0.021051,-0.091057,0.000000,0.000000
-2.322559,6.378948,0.858069,0.015163,-0.029637,0.885025,0.464352,-0.156738,-0.073130,0.056089,0.338706,-0.294203,-0.010048,0.198213,-0.172564,-0.066318,1.733778,-0.335670,-0.041464,0.142292,-0.007882,1.013820,0.479292,-0.179837,0.275999,1.442740,0.000000,0.000000,0.563088,-0.383007,0.039829,0.081950,-0.024435,0.000000,0.000000
-2.341444,6.395398,0.854407,0.021456,-0.029064,0.891294,0.451985,-0.142529,-0.087278,0.029249,0.386634,-0.334458,-0.009483,0.180811,-0.177056,-0.080779,1.769551,-0.331698,-0.039859,0.118996,-0.006921,0.956980,0.491821,-0.263393,0.305737,1.431974,0.000000,0.000000,0.571259,-0.361540,0.080770,0.158419,0.075506,0.000000,0.000000
-2.361241,6.411558,0.850325,0.027032,-0.027525,0.897071,0.440199,-0.124385,-0.104858,0.004232,0.423835,-0.366073,-0.010041,0.162016,-0.185448,-0.093530,1.794062,-0.343695,-0.039748,0.096196,-0.006033,0.889082,0.500713,-0.320779,0.345432,1.440129,0.000000,0.000000,0.580038,-0.377018,0.092667,0.316507,-0.086064,0.000000,0.000000
-2.381161,6.428737,0.846836,0.030193,-0.027697,0.901562,0.430705,-0.104737,-0.115163,-0.010625,0.450414,-0.398098,-0.010484,0.144605,-0.191511,-0.100767,1.806357,-0.349201,-0.039979,0.073171,-0.004781,0.832888,0.515242,-0.327375,0.354831,1.462445,0.000000,0.000000,0.595044,-0.404988,0.123545,0.329153,-0.211379,0.000000,0.000000
-2.398909,6.448431,0.844042,0.033436,-0.029653,0.904999,0.423059,-0.081274,-0.118035,-0.020927,0.470031,-0.424490,-0.010024,0.125391,-0.180722,-0.100077,1.806536,-0.386840,-0.038895,0.050301,-0.003497,0.780977,0.516473,-0.334712,0.377132,1.485925,0.000000,0.000000,0.611526,-0.401307,0.130096,0.397948,-0.300934,0.000000,0.000000
-2.415498,6.470439,0.842565,0.036356,-0.031575,0.906897,0.418593,-0.053407,-0.112232,-0.024064,0.476907,-0.458698,-0.008578,0.103378,-0.162196,-0.087806,1.797499,-0.428135,-0.037893,0.027527,-0.002042,0.727777,0.501324,-0.364772,0.410052,1.488963,0.000000,0.000000,0.637370,-0.329258,0.112811,0.443725,0.018977,0.000000,0.000000
-2.431164,6.490104,0.840944,0.040443,-0.035229,0.907246,0.417166,-0.029465,-0.106026,-0.019818,0.485862,-0.476660,-0.008208,0.081882,-0.146711,-0.082900,1.782525,-0.422738,-0.035066,0.011906,-0.001529,0.688199,0.517911,-0.416356,0.395058,1.565925,0.000000,0.000000,0.649969,-0.324975,0.128014,0.506558,0.034851,0.000000,0.000000
-2.444141,6.510072,0.838902,0.044662,-0.039052,0.908797,0.412999,-0.006264,-0.093195,-0.008967,0.500806,-0.486418,-0.007402,0.057547,-0.122202,-0.080309,1.760994,-0.422888,-0.029673,-0.010209,-0.000564,0.631009,0.548613,-0.478049,0.459330,1.570800,0.000000,0.000000,0.672183,-0.312062,0.133274,0.571962,0.011045,0.000000,0.000000
-2.457055,6.527762,0.836319,0.046839,-0.041778,0.910884,0.407862,0.012886,-0.083526,-0.007053,0.515777,-0.492451,-0.005793,0.031576,-0.100345,-0.073102,1.733515,-0.405996,-0.025244,-0.024511,0.000039,0.585023,0.544223,-0.487384,0.472495,1.570800,0.000000,0.000000,0.689436,-0.298260,0.133347,0.622029,-0.002472,0.000000,0.000000
-2.471514,6.542906,0.835543,0.047068,-0.042021,0.913377,0.402195,0.030269,-0.080818,-0.018714,0.528401,-0.516414,-0.003498,0.002695,-0.093139,-0.063784,1.699449,-0.410349,-0.025161,-0.045127,0.001039,0.548316,0.537490,-0.471165,0.466156,1.570800,0.000000,0.000000,0.703015,-0.291512,0.133131,0.664883,-0.009172,0.000000,0.000000
-2.489308,6.552734,0.838133,0.046542,-0.041046,0.916568,0.395035,0.042012,-0.099227,-0.067213,0.546373,-0.512063,-0.000538,-0.028374,-0.105683,-0.057321,1.666388,-0.397286,-0.029685,-0.068873,0.002171,0.508387,0.533241,-0.443800,0.444030,1.570800,0.000000,0.000000,0.715371,-0.295549,0.142302,0.698960,-0.006959,0.000000,0.000000
-2.499155,6.567497,0.845473,0.047104,-0.039686,0.919634,0.387916,0.050010,-0.097981,-0.079908,0.565301,-0.514515,0.001703,-0.062383,-0.097528,-0.063819,1.620279,-0.391684,-0.026376,-0.087688,0.003224,0.471714,0.532664,-0.424527,0.423320,1.570800,0.000000,0.000000,0.747330,-0.301610,0.145056,0.712786,-0.028819,0.000000,0.000000
-2.508494,6.583779,0.856973,0.047770,-0.038273,0.921954,0.382431,0.056432,-0.092590,-0.085711,0.586903,-0.516324,0.003939,-0.096219,-0.084446,-0.069056,1.560296,-0.382031,-0.021834,-0.103024,0.004097,0.439114,0.522522,-0.396930,0.402628,1.570800,0.000000,0.000000,0.773363,-0.298322,0.134487,0.732377,-0.026548,0.000000,0.000000
-2.520265,6.600349,0.867524,0.047863,-0.037579,0.923393,0.379001,0.062737,-0.087284,-0.085582,0.608123,-0.509513,0.005200,-0.126836,-0.075619,-0.070764,1.486108,-0.395975,-0.019257,-0.119798,0.004923,0.418439,0.513357,-0.378594,0.394626,1.570800,0.000000,0.000000,0.795190,-0.299908,0.128750,0.750657,-0.029060,0.000000,0.000000
