0.000000,0.000000,0.872037,0.025631,-0.017570,0.775780,0.630238,0.056979,0.050273,0.005438,0.140693,-0.166269,0.025361,-0.020010,-0.051984,0.032845,0.175710,-0.157392,-0.031240,0.022986,0.000182,-0.102065,0.250868,-0.622421,1.243651,1.562123,0.000000,0.000000,-0.078015,-0.244683,0.494641,1.225360,0.163004,0.000000,0.000000
0.000089,-0.002194,0.871950,0.025361,-0.015979,0.777434,0.628250,0.054742,0.049450,0.003306,0.142409,-0.166922,0.025483,-0.021635,-0.053223,0.030665,0.176692,-0.157795,-0.031206,0.021271,-0.000041,-0.105091,0.249417,-0.623936,1.249439,1.565856,0.000000,0.000000,-0.080264,-0.244992,0.497137,1.229878,0.163960,0.000000,0.000000
0.000252,-0.003275,0.871867,0.025071,-0.015318,0.777941,0.627650,0.052644,0.048811,0.001743,0.143799,-0.167377,0.025560,-0.023165,-0.054108,0.028897,0.177356,-0.157997,-0.031134,0.020066,-0.000166,-0.107276,0.248364,-0.624781,1.252588,1.567699,0.000000,0.000000,-0.082007,-0.245298,0.498643,1.232382,0.164066,0.000000,0.000000
0.000334,-0.003765,0.871817,0.024873,-0.014932,0.778030,0.627557,0.051605,0.048510,0.001063,0.144465,-0.167583,0.025587,-0.023927,-0.054501,0.028091,0.177584,-0.158071,-0.031096,0.019582,-0.000197,-0.108162,0.247927,-0.625137,1.253747,1.568365,0.000000,0.000000,-0.082844,-0.245445,0.499236,1.233385,0.163997,0.000000,0.000000
0.000339,-0.003963,0.871789,0.024741,-0.014649,0.777959,0.627657,0.051078,0.048351,0.000741,0.144807,-0.167691,0.025594,-0.024304,-0.054701,0.027702,0.177639,-0.158102,-0.031080,0.019369,-0.000208,-0.108532,0.247723,-0.625314,1.254240,1.568649,0.000000,0.000000,-0.083285,-0.245520,0.499502,1.233868,0.163948,0.000000,0.000000
0.000269,-0.004043,0.871768,0.024704,-0.014397,0.777797,0.627864,0.050555,0.048163,0.000405,0.145172,-0.167807,0.025597,-0.024664,-0.054923,0.027376,0.177634,-0.158145,-0.031079,0.019170,-0.000227,-0.108836,0.247542,-0.625519,1.254696,1.568904,0.000000,0.000000,-0.083750,-0.245611,0.499789,1.234337,0.163748,0.000000,0.000000
0.000176,-0.004042,0.871732,0.024712,-0.014204,0.777640,0.628063,0.050055,0.047953,0.000061,0.145554,-0.167946,0.025595,-0.024999,-0.055164,0.027118,0.177594,-0.158212,-0.031092,0.018982,-0.000240,-0.109062,0.247379,-0.625752,1.255109,1.569134,0.000000,0.000000,-0.084211,-0.245718,0.500098,1.234775,0.163420,0.000000,0.000000
0.000086,-0.003989,0.871679,0.024763,-0.014094,0.777510,0.628224,0.049587,0.047729,-0.000290,0.145963,-0.168139,0.025592,-0.025307,-0.055411,0.026932,0.177565,-0.158320,-0.031119,0.018796,-0.000248,-0.109204,0.247236,-0.626010,1.255471,1.569340,0.000000,0.000000,-0.084650,-0.245841,0.500440,1.235160,0.163011,0.000000,0.000000
0.000006,-0.003928,0.871638,0.024777,-0.014037,0.777361,0.628410,0.049155,0.047505,-0.000644,0.146392,-0.168383,0.025589,-0.025589,-0.055650,0.026794,0.177544,-0.158462,-0.031152,0.018611,-0.000265,-0.109257,0.247110,-0.626289,1.255791,1.569526,0.000000,0.000000,-0.085054,-0.245980,0.500833,1.235490,0.162528,0.000000,0.000000
-0.000069,-0.003867,0.871602,0.024764,-0.014011,0.777202,0.628607,0.048759,0.047286,-0.000999,0.146835,-0.168674,0.025587,-0.025846,-0.055872,0.026693,0.177527,-0.158631,-0.031185,0.018422,-0.000267,-0.109226,0.246998,-0.626581,1.256065,1.569693,0.000000,0.000000,-0.085421,-0.246135,0.501285,1.235770,0.161976,0.000000,0.000000
-0.000145,-0.003801,0.871548,0.024734,-0.014001,0.776912,0.628967,0.048410,0.047075,-0.001306,0.147261,-0.169018,0.025580,-0.026089,-0.056066,0.026574,0.177536,-0.158851,-0.031209,0.018221,-0.000283,-0.109070,0.246898,-0.626854,1.256277,1.569844,0.000000,0.000000,-0.085751,-0.246285,0.501838,1.235969,0.161364,0.000000,0.000000
-0.000231,-0.003759,0.871491,0.024707,-0.014006,0.776634,0.629312,0.048107,0.046871,-0.001564,0.147656,-0.169401,0.025567,-0.026330,-0.056237,0.026441,0.177592,-0.159125,-0.031224,0.018000,-0.000295,-0.108799,0.246815,-0.627102,1.256412,1.569977,0.000000,0.000000,-0.086048,-0.246441,0.502477,1.236091,0.160680,0.000000,0.000000
-0.000325,-0.003755,0.871441,0.024686,-0.014035,0.776388,0.629615,0.047854,0.046677,-0.001770,0.147998,-0.169808,0.025549,-0.026570,-0.056385,0.026294,0.177712,-0.159452,-0.031231,0.017761,-0.000310,-0.108426,0.246754,-0.627326,1.256452,1.570097,0.000000,0.000000,-0.086310,-0.246601,0.503175,1.236148,0.159894,0.000000,0.000000
-0.000371,-0.003781,0.871380,0.024551,-0.014045,0.776136,0.629931,0.047467,0.046349,-0.002038,0.148472,-0.170616,0.025508,-0.027044,-0.056599,0.025998,0.178009,-0.160169,-0.031222,0.017260,-0.000314,-0.107549,0.246701,-0.627734,1.256350,1.570299,0.000000,0.000000,-0.086739,-0.246908,0.504578,1.236085,0.158299,0.000000,0.000000
-0.000385,-0.003840,0.871317,0.024359,-0.014051,0.775877,0.630257,0.047322,0.046223,-0.002097,0.148585,-0.171012,0.025484,-0.027287,-0.056662,0.025852,0.178173,-0.160558,-0.031207,0.016996,-0.000313,-0.107049,0.246709,-0.627924,1.256217,1.570385,0.000000,0.000000,-0.086905,-0.247055,0.505285,1.235959,0.157511,0.000000,0.000000
-0.000360,-0.003944,0.871254,0.024292,-0.014110,0.775386,0.630863,0.047166,0.046021,-0.002077,0.148595,-0.171717,0.025429,-0.027802,-0.056718,0.025616,0.178640,-0.161347,-0.031167,0.016383,-0.000319,-0.105898,0.246841,-0.628304,1.255863,1.570534,0.000000,0.000000,-0.087297,-0.247332,0.506591,1.235639,0.155988,0.000000,0.000000
-0.000264,-0.004055,0.871205,0.024236,-0.014244,0.774889,0.631472,0.047147,0.045962,-0.002001,0.148506,-0.172021,0.025402,-0.028086,-0.056698,0.025535,0.178982,-0.161746,-0.031141,0.016041,-0.000306,-0.105254,0.246967,-0.628478,1.255671,1.570596,0.000000,0.000000,-0.087514,-0.247453,0.507195,1.235466,0.155292,0.000000,0.000000
-0.000049,-0.004180,0.871170,0.024189,-0.014502,0.774411,0.632054,0.047228,0.045972,-0.001753,0.148203,-0.172529,0.025367,-0.028709,-0.056531,0.025442,0.179941,-0.162497,-0.031070,0.015306,-0.000292,-0.103891,0.247341,-0.628746,1.255380,1.570705,0.000000,0.000000,-0.087946,-0.247633,0.508310,1.235152,0.154188,0.000000,0.000000
0.000315,-0.004367,0.871173,0.024064,-0.014784,0.773914,0.632661,0.047322,0.046060,-0.001571,0.147952,-0.172691,0.025362,-0.029061,-0.056358,0.025433,0.180555,-0.162811,-0.031018,0.014910,-0.000275,-0.103177,0.247587,-0.628828,1.255328,1.570752,0.000000,0.000000,-0.088169,-0.247669,0.508802,1.235019,0.153794,0.000000,0.000000
0.000821,-0.004572,0.871222,0.023887,-0.015093,0.773397,0.633292,0.047724,0.046562,-0.000896,0.146951,-0.172862,0.025386,-0.030203,-0.055593,0.025491,0.182664,-0.163518,-0.030823,0.013721,-0.000213,-0.101092,0.248446,-0.628929,1.255461,1.570800,0.000000,0.000000,-0.088826,-0.247598,0.510002,1.234713,0.153079,0.000000,0.000000
0.001582,-0.004586,0.871293,0.023672,-0.015480,0.772428,0.634472,0.048254,0.047322,0.000083,0.145915,-0.172735,0.025429,-0.031395,-0.054533,0.025410,0.185099,-0.163873,-0.030541,0.012646,-0.000152,-0.098821,0.249413,-0.628165,1.255990,1.570800,0.000000,0.000000,-0.089146,-0.247291,0.510644,1.234049,0.153592,0.000000,0.000000
0.002559,-0.004609,0.871372,0.023430,-0.015927,0.771436,0.635676,0.049284,0.048901,0.001901,0.144102,-0.172136,0.025548,-0.033417,-0.052472,0.025260,0.189538,-0.164068,-0.030021,0.011053,-0.000067,-0.095178,0.251085,-0.626121,1.257362,1.570800,0.000000,0.000000,-0.089349,-0.246379,0.510901,1.232903,0.155849,0.000000,0.000000
0.003826,-0.004655,0.871455,0.023148,-0.016465,0.770436,0.636884,0.050634,0.051033,0.003903,0.141704,-0.171054,0.025773,-0.035797,-0.049833,0.025351,0.195156,-0.163979,-0.029424,0.009358,-0.000019,-0.091478,0.253064,-0.623671,1.259569,1.570800,0.000000,0.000000,-0.089596,-0.244646,0.510218,1.232354,0.159488,0.000000,0.000000
0.005639,-0.004568,0.871640,0.022678,-0.017500,0.768845,0.638793,0.052583,0.054554,0.006748,0.138772,-0.169257,0.026219,-0.039040,-0.045665,0.026296,0.203707,-0.163737,-0.028633,0.007533,0.000039,-0.086877,0.255902,-0.620258,1.263050,1.570800,0.000000,0.000000,-0.089873,-0.241378,0.508683,1.232291,0.165085,0.000000,0.000000
0.007804,-0.004357,0.871885,0.022182,-0.018740,0.767093,0.640878,0.054731,0.058951,0.009823,0.136235,-0.167397,0.026848,-0.042560,-0.040927,0.027799,0.214690,-0.164284,-0.027825,0.005737,0.000020,-0.081980,0.259098,-0.616519,1.267104,1.570800,0.000000,0.000000,-0.089985,-0.237250,0.506603,1.232472,0.171349,0.000000,0.000000
0.010112,-0.003821,0.871993,0.022316,-0.019988,0.765822,0.642354,0.057302,0.063359,0.012223,0.134239,-0.165650,0.027595,-0.045823,-0.037426,0.031759,0.230320,-0.169176,-0.027733,0.003017,0.000002,-0.077098,0.262883,-0.612664,1.271664,1.570800,0.000000,0.000000,-0.090419,-0.232511,0.504574,1.233813,0.174781,0.000000,0.000000
0.012833,-0.003456,0.872412,0.021988,-0.021518,0.764202,0.644243,0.059953,0.068771,0.014947,0.132378,-0.163451,0.028554,-0.049139,-0.035343,0.035632,0.251984,-0.178241,-0.027997,0.000106,-0.000018,-0.071936,0.267396,-0.608319,1.276960,1.570800,0.000000,0.000000,-0.090162,-0.226478,0.502465,1.234612,0.180181,0.000000,0.000000
0.015660,-0.003384,0.873321,0.020989,-0.023340,0.762309,0.646451,0.062072,0.075334,0.017921,0.131080,-0.160697,0.029767,-0.052453,-0.036217,0.035749,0.280409,-0.189942,-0.028426,-0.002537,-0.000077,-0.066800,0.272266,-0.603869,1.283388,1.570800,0.000000,0.000000,-0.087304,-0.218840,0.499735,1.232355,0.193320,0.000000,0.000000
0.018246,-0.003625,0.873910,0.020774,-0.025341,0.760769,0.648195,0.064305,0.081476,0.021196,0.130249,-0.158394,0.030830,-0.056180,-0.041851,0.028899,0.314360,-0.199033,-0.028941,-0.005711,-0.000159,-0.062168,0.278369,-0.598278,1.288291,1.570800,0.000000,0.000000,-0.083973,-0.211683,0.496733,1.230677,0.202290,0.000000,0.000000
0.021003,-0.004015,0.874216,0.020931,-0.027448,0.759491,0.649601,0.066599,0.087465,0.024545,0.129944,-0.156563,0.031857,-0.060742,-0.051503,0.017105,0.352979,-0.206009,-0.029687,-0.010020,-0.000235,-0.057548,0.285662,-0.591210,1.291639,1.570800,0.000000,0.000000,-0.080791,-0.204978,0.493705,1.230106,0.205944,0.000000,0.000000
0.025006,-0.004182,0.874590,0.020607,-0.030713,0.757452,0.651842,0.068702,0.096079,0.028270,0.132759,-0.156857,0.033509,-0.065433,-0.060763,0.006255,0.393260,-0.210314,-0.030523,-0.014867,-0.000290,-0.054267,0.293832,-0.585893,1.292585,1.570800,0.000000,0.000000,-0.072503,-0.201016,0.490950,1.229108,0.213130,0.000000,0.000000
0.029891,-0.004230,0.874792,0.020199,-0.034184,0.755637,0.653786,0.070475,0.106288,0.032393,0.136979,-0.158286,0.035499,-0.070576,-0.070336,-0.003590,0.431378,-0.211672,-0.031611,-0.020020,-0.000288,-0.052294,0.301722,-0.580987,1.291254,1.570800,0.000000,0.000000,-0.061662,-0.200353,0.488009,1.229083,0.218722,0.000000,0.000000
0.035562,-0.004174,0.874696,0.019748,-0.037703,0.754478,0.654944,0.072039,0.118059,0.036893,0.141477,-0.160202,0.037825,-0.076221,-0.080649,-0.012680,0.465824,-0.208572,-0.033009,-0.026197,-0.000222,-0.052366,0.308579,-0.575787,1.285917,1.570800,0.000000,0.000000,-0.048230,-0.205296,0.484132,1.232507,0.218545,0.000000,0.000000
0.041590,-0.004371,0.874786,0.018347,-0.040419,0.753176,0.656319,0.072346,0.129772,0.040400,0.144621,-0.160894,0.040273,-0.080748,-0.092413,-0.020470,0.492100,-0.206918,-0.034963,-0.031346,-0.000071,-0.053108,0.313441,-0.570938,1.279964,1.570800,0.000000,0.000000,-0.037021,-0.212321,0.479441,1.235281,0.219547,0.000000,0.000000
0.047984,-0.004417,0.874720,0.016523,-0.042633,0.751860,0.657735,0.072037,0.141468,0.043146,0.146790,-0.160822,0.042812,-0.083806,-0.105550,-0.027650,0.511169,-0.205188,-0.037330,-0.035437,0.000095,-0.054198,0.316953,-0.566732,1.273949,1.570800,0.000000,0.000000,-0.027627,-0.220333,0.474015,1.237571,0.222289,0.000000,0.000000
0.054892,-0.004266,0.873963,0.015326,-0.044183,0.751785,0.657748,0.071120,0.152794,0.045859,0.149005,-0.162317,0.045217,-0.086120,-0.120177,-0.035491,0.520356,-0.204283,-0.039871,-0.038576,0.000297,-0.054221,0.321229,-0.560503,1.271297,1.570800,0.000000,0.000000,-0.024290,-0.226327,0.468563,1.240477,0.221520,0.000000,0.000000
0.062175,-0.003830,0.872856,0.013773,-0.045155,0.751976,0.657498,0.069793,0.164405,0.048655,0.150240,-0.164093,0.047617,-0.087628,-0.137052,-0.043576,0.519603,-0.202152,-0.042860,-0.041417,0.000427,-0.054479,0.325265,-0.553749,1.270268,1.570800,0.000000,0.000000,-0.023458,-0.231563,0.463859,1.244139,0.219478,0.000000,0.000000
0.069754,-0.003242,0.871718,0.011453,-0.045248,0.752348,0.657111,0.067641,0.176359,0.052203,0.149361,-0.165315,0.049904,-0.087677,-0.156646,-0.050833,0.504427,-0.200774,-0.046540,-0.043217,0.000567,-0.056071,0.328331,-0.547161,1.271869,1.570800,0.000000,0.000000,-0.024546,-0.236043,0.461268,1.247898,0.217101,0.000000,0.000000
0.078199,-0.001957,0.870282,0.009656,-0.044158,0.752694,0.656816,0.064796,0.187057,0.053747,0.149228,-0.165345,0.052161,-0.085447,-0.174761,-0.053535,0.477580,-0.196579,-0.050508,-0.043225,0.000546,-0.058915,0.329674,-0.540480,1.274689,1.570057,0.000000,0.000000,-0.027152,-0.240473,0.460175,1.253322,0.212298,0.000000,0.000000
0.086966,0.000161,0.868520,0.008465,-0.042285,0.753083,0.656511,0.061811,0.196738,0.053545,0.150078,-0.164941,0.054445,-0.081120,-0.191852,-0.053135,0.440889,-0.188350,-0.054575,-0.042125,0.000519,-0.062478,0.329494,-0.534115,1.278110,1.565111,0.000000,0.000000,-0.030684,-0.245803,0.459797,1.260481,0.205157,0.000000,0.000000
0.096678,0.002795,0.866474,0.008541,-0.039028,0.754685,0.654870,0.059012,0.204323,0.052458,0.149639,-0.162018,0.056396,-0.076231,-0.206708,-0.051102,0.397176,-0.176957,-0.058179,-0.040107,0.000485,-0.068240,0.326304,-0.528016,1.283001,1.559875,0.000000,0.000000,-0.034834,-0.250212,0.460497,1.269002,0.198092,0.000000,0.000000
0.106915,0.006090,0.864251,0.008541,-0.035812,0.756116,0.653401,0.056723,0.211803,0.051343,0.148786,-0.158376,0.058376,-0.070757,-0.219779,-0.047946,0.350634,-0.163933,-0.061386,-0.037752,0.000462,-0.074972,0.322336,-0.523064,1.288751,1.554802,0.000000,0.000000,-0.039383,-0.254207,0.461298,1.277421,0.192674,0.000000,0.000000
0.118080,0.010013,0.861870,0.008106,-0.032968,0.756945,0.652597,0.054844,0.220372,0.051130,0.148870,-0.155332,0.060524,-0.065016,-0.229751,-0.042288,0.305465,-0.151591,-0.064141,-0.034592,0.000462,-0.082218,0.319238,-0.520603,1.294918,1.550256,0.000000,0.000000,-0.044029,-0.257037,0.461728,1.284195,0.191004,0.000000,0.000000
0.129651,0.014959,0.859197,0.008935,-0.030208,0.758000,0.651493,0.053904,0.228710,0.051276,0.151273,-0.153299,0.062625,-0.059537,-0.236928,-0.036012,0.270054,-0.141325,-0.066356,-0.030511,0.000414,-0.087825,0.316495,-0.517020,1.300677,1.546856,0.000000,0.000000,-0.048048,-0.259476,0.463595,1.288875,0.188856,0.000000,0.000000
0.141343,0.020458,0.856232,0.010504,-0.027393,0.759164,0.650238,0.053562,0.235996,0.051452,0.155161,-0.152081,0.064518,-0.055140,-0.241334,-0.029724,0.246221,-0.135584,-0.068012,-0.026390,0.000284,-0.091540,0.313951,-0.512102,1.305508,1.544589,0.000000,0.000000,-0.051448,-0.261830,0.466608,1.291975,0.185885,0.000000,0.000000
0.153699,0.026480,0.852883,0.011946,-0.024743,0.759916,0.649440,0.053904,0.244948,0.052410,0.160187,-0.151755,0.066761,-0.051139,-0.242712,-0.019884,0.230970,-0.136080,-0.069485,-0.021279,0.000107,-0.092083,0.312809,-0.504847,1.309944,1.542832,0.000000,0.000000,-0.055037,-0.265701,0.472604,1.291759,0.178272,0.000000,0.000000
0.166241,0.032798,0.849491,0.013480,-0.022479,0.759960,0.649442,0.055075,0.254475,0.055417,0.167178,-0.152510,0.068888,-0.047895,-0.240837,-0.007775,0.224724,-0.147441,-0.070402,-0.015921,-0.000069,-0.089466,0.312874,-0.494728,1.312748,1.540793,0.000000,0.000000,-0.057929,-0.269220,0.481339,1.288845,0.167535,0.000000,0.000000
0.178995,0.038969,0.846226,0.015286,-0.020434,0.759432,0.650087,0.056576,0.263458,0.060453,0.176713,-0.153918,0.070647,-0.046399,-0.236487,0.003394,0.228326,-0.171643,-0.070363,-0.010609,-0.000266,-0.084173,0.313395,-0.483004,1.312897,1.537456,0.000000,0.000000,-0.059263,-0.271394,0.492368,1.283268,0.155783,0.000000,0.000000
0.191647,0.044728,0.843757,0.017252,-0.018208,0.758293,0.651431,0.057972,0.272581,0.067529,0.188508,-0.150811,0.072338,-0.046337,-0.230649,0.013297,0.237663,-0.205510,-0.069483,-0.005406,-0.000493,-0.077643,0.314053,-0.468723,1.312501,1.531183,0.000000,0.000000,-0.061009,-0.273840,0.504222,1.275877,0.146297,0.000000,0.000000
0.204176,0.050193,0.845448,0.019347,-0.015816,0.756838,0.653125,0.058747,0.281186,0.075760,0.202223,-0.144032,0.073945,-0.047283,-0.223838,0.021922,0.249752,-0.244162,-0.067975,-0.000413,-0.000743,-0.070638,0.314576,-0.452963,1.312194,1.522710,0.000000,0.000000,-0.063356,-0.276762,0.516184,1.267611,0.139300,0.000000,0.000000
0.217324,0.055184,0.848029,0.022623,-0.014235,0.756082,0.653931,0.058081,0.290415,0.094551,0.226331,-0.124709,0.074635,-0.047379,-0.214930,0.025047,0.263455,-0.265044,-0.065826,0.005046,-0.000986,-0.062505,0.313508,-0.442278,1.308453,1.510751,0.000000,0.000000,-0.062733,-0.278850,0.528831,1.259568,0.138227,0.000000,0.000000
0.230682,0.059670,0.850693,0.025931,-0.012796,0.755289,0.654754,0.054979,0.298398,0.114904,0.256218,-0.107556,0.074841,-0.046712,-0.205101,0.027645,0.274138,-0.277991,-0.063835,0.011156,-0.001219,-0.055084,0.311148,-0.434598,1.304138,1.497461,0.000000,0.000000,-0.061268,-0.281345,0.540643,1.252076,0.138711,0.000000,0.000000
0.244230,0.063741,0.853373,0.029414,-0.011778,0.754504,0.655530,0.049619,0.304738,0.134968,0.292665,-0.100123,0.074385,-0.044295,-0.194609,0.031614,0.280285,-0.286478,-0.062120,0.018220,-0.001492,-0.048929,0.306594,-0.429883,1.299952,1.482529,0.000000,0.000000,-0.059127,-0.285281,0.551335,1.245114,0.139359,0.000000,0.000000
0.257011,0.067321,0.855877,0.032670,-0.011205,0.754396,0.655510,0.042525,0.305651,0.149767,0.336992,-0.097534,0.073130,-0.040029,-0.184064,0.035183,0.281813,-0.291782,-0.060396,0.026115,-0.001677,-0.043799,0.300589,-0.429434,1.294872,1.471425,0.000000,0.000000,-0.055471,-0.290263,0.557686,1.239033,0.141858,0.000000,0.000000
0.269576,0.070663,0.858237,0.035732,-0.011071,0.754703,0.655000,0.034075,0.301451,0.160465,0.387287,-0.098333,0.070908,-0.034434,-0.172964,0.038308,0.280251,-0.294981,-0.058493,0.034527,-0.001878,-0.039223,0.294151,-0.431933,1.289122,1.463347,0.000000,0.000000,-0.050406,-0.295558,0.560717,1.233353,0.145608,0.000000,0.000000
0.280694,0.073543,0.860130,0.038722,-0.012071,0.755223,0.654212,0.024200,0.289053,0.159964,0.436871,-0.104890,0.067945,-0.027794,-0.161797,0.042643,0.277417,-0.293948,-0.056882,0.042443,-0.001993,-0.038263,0.287184,-0.439127,1.284809,1.460498,0.000000,0.000000,-0.043932,-0.301659,0.561356,1.230049,0.151859,0.000000,0.000000
0.291185,0.075846,0.862438,0.041558,-0.012926,0.755588,0.653599,0.013523,0.272379,0.154992,0.484285,-0.113622,0.064254,-0.020834,-0.151236,0.045114,0.271940,-0.288802,-0.055164,0.049766,-0.002071,-0.038655,0.279719,-0.446751,1.280818,1.459205,0.000000,0.000000,-0.037561,-0.307157,0.560356,1.227840,0.158701,0.000000,0.000000
0.300697,0.077017,0.865944,0.044039,-0.013217,0.755473,0.653564,0.002288,0.250806,0.145679,0.527316,-0.125168,0.059695,-0.014257,-0.142241,0.043390,0.262102,-0.277213,-0.053177,0.056080,-0.002119,-0.040351,0.271338,-0.452917,1.276368,1.459037,0.000000,0.000000,-0.032891,-0.311199,0.557313,1.227391,0.165733,0.000000,0.000000
0.309089,0.077467,0.869929,0.044315,-0.013431,0.755749,0.653222,-0.010331,0.214177,0.127835,0.564916,-0.144150,0.052103,-0.008407,-0.131927,0.039923,0.246401,-0.258726,-0.050601,0.060578,-0.001992,-0.043106,0.261856,-0.460705,1.270643,1.467175,0.000000,0.000000,-0.027311,-0.314364,0.550360,1.225083,0.169720,0.000000,0.000000
0.316167,0.077529,0.873712,0.043332,-0.013737,0.756281,0.652665,-0.021682,0.168553,0.105428,0.591522,-0.163108,0.042837,-0.003703,-0.121547,0.035399,0.228193,-0.236902,-0.047794,0.063656,-0.001840,-0.046497,0.252203,-0.469767,1.264315,1.481537,0.000000,0.000000,-0.020677,-0.316751,0.540403,1.220698,0.170990,0.000000,0.000000
0.323046,0.077117,0.876771,0.043389,-0.013075,0.756935,0.651918,-0.028012,0.134590,0.084215,0.589634,-0.181785,0.036833,-0.001782,-0.114832,0.030006,0.216567,-0.218519,-0.045628,0.062616,-0.001622,-0.052419,0.244731,-0.477362,1.264652,1.481086,0.000000,0.000000,-0.020121,-0.317273,0.535784,1.220445,0.183893,0.000000,0.000000
0.329574,0.076764,0.879299,0.042665,-0.012899,0.757063,0.651820,-0.031322,0.101140,0.062190,0.571517,-0.196736,0.031243,-0.001097,-0.107187,0.025782,0.206201,-0.200700,-0.043384,0.059896,-0.001381,-0.058890,0.237699,-0.484467,1.266374,1.477964,0.000000,0.000000,-0.021078,-0.316639,0.531559,1.220187,0.200370,0.000000,0.000000
0.336343,0.076524,0.881291,0.040335,-0.013587,0.756347,0.652785,-0.031571,0.065928,0.039990,0.537519,-0.211883,0.025256,-0.001537,-0.096106,0.024699,0.195492,-0.183485,-0.040728,0.055363,-0.001103,-0.065470,0.231816,-0.490795,1.268809,1.474068,0.000000,0.000000,-0.022859,-0.314206,0.525310,1.217955,0.218950,0.000000,0.000000
0.343644,0.076698,0.882170,0.036758,-0.014210,0.755194,0.654315,-0.028449,0.039764,0.021126,0.490711,-0.224208,0.021300,-0.003454,-0.083103,0.024804,0.185313,-0.171120,-0.037655,0.050847,-0.000898,-0.071937,0.228354,-0.496554,1.273999,1.470847,0.000000,0.000000,-0.027731,-0.309580,0.520098,1.218270,0.233890,0.000000,0.000000
0.350879,0.076859,0.882003,0.032461,-0.014642,0.753716,0.656235,-0.022068,0.021010,0.004001,0.432065,-0.231832,0.019085,-0.006261,-0.069263,0.025583,0.174927,-0.161508,-0.034395,0.046343,-0.000727,-0.078771,0.226212,-0.501743,1.281113,1.468054,0.000000,0.000000,-0.035086,-0.303549,0.516046,1.220626,0.246424,0.000000,0.000000
0.358478,0.076476,0.881248,0.026758,-0.012827,0.749565,0.661265,-0.012754,0.004471,-0.015990,0.349744,-0.228428,0.017894,-0.011942,-0.055667,0.029246,0.159170,-0.154403,-0.031513,0.040646,-0.000549,-0.088586,0.227145,-0.516035,1.295231,1.478658,0.000000,0.000000,-0.048637,-0.293834,0.516104,1.224690,0.250838,0.000000,0.000000
0.365724,0.076822,0.879958,0.021508,-0.011703,0.745836,0.665680,-0.002722,-0.004408,-0.030929,0.280382,-0.220394,0.017854,-0.016749,-0.042807,0.034433,0.146932,-0.151073,-0.029056,0.036349,-0.000516,-0.095579,0.228899,-0.527847,1.306681,1.490055,0.000000,0.000000,-0.059045,-0.284157,0.516887,1.228030,0.251467,0.000000,0.000000
0.372725,0.078159,0.878437,0.017256,-0.011802,0.743555,0.668348,0.005568,-0.004621,-0.036877,0.241055,-0.207622,0.018664,-0.020180,-0.031256,0.040456,0.142183,-0.153119,-0.027102,0.033541,-0.000490,-0.097071,0.230846,-0.533298,1.311519,1.499599,0.000000,0.000000,-0.062725,-0.276016,0.518163,1.229546,0.247504,0.000000,0.000000
0.379799,0.079250,0.876179,0.013545,-0.011823,0.740492,0.671825,0.013569,-0.000981,-0.037535,0.208398,-0.197493,0.019582,-0.024578,-0.019339,0.047478,0.140935,-0.157499,-0.025243,0.030142,-0.000492,-0.097899,0.234393,-0.536206,1.315534,1.507660,0.000000,0.000000,-0.065891,-0.267964,0.521180,1.229019,0.242817,0.000000,0.000000
0.386687,0.080270,0.874412,0.010169,-0.011805,0.736981,0.675734,0.021119,0.005560,-0.034426,0.179515,-0.189666,0.020608,-0.030216,-0.007547,0.055272,0.143451,-0.164333,-0.023567,0.026236,-0.000474,-0.098491,0.239092,-0.537500,1.319357,1.514656,0.000000,0.000000,-0.068962,-0.259944,0.525556,1.227050,0.237917,0.000000,0.000000
0.393556,0.081849,0.874991,0.009054,-0.012891,0.734786,0.678116,0.028537,0.014055,-0.029202,0.160086,-0.180174,0.021835,-0.035384,0.002524,0.062926,0.156439,-0.160587,-0.022474,0.022354,-0.000502,-0.096861,0.243772,-0.535913,1.323073,1.523294,0.000000,0.000000,-0.068748,-0.252818,0.526550,1.228445,0.232803,0.000000,0.000000
0.400217,0.083405,0.876191,0.008361,-0.014244,0.732122,0.680973,0.036042,0.024110,-0.022357,0.144415,-0.170989,0.023220,-0.041281,0.011842,0.068164,0.178937,-0.157477,-0.021290,0.018427,-0.000534,-0.093776,0.249119,-0.533723,1.326238,1.532472,0.000000,0.000000,-0.066828,-0.245976,0.526613,1.229586,0.229888,0.000000,0.000000
0.406724,0.084619,0.876766,0.008326,-0.016046,0.728500,0.684807,0.043203,0.033724,-0.014348,0.133633,-0.163872,0.024349,-0.047436,0.019123,0.066886,0.210959,-0.159116,-0.019584,0.015060,-0.000577,-0.089327,0.255103,-0.531918,1.327701,1.540218,0.000000,0.000000,-0.063244,-0.240525,0.526344,1.228335,0.233076,0.000000,0.000000
0.413031,0.085262,0.877264,0.009343,-0.018747,0.725726,0.687664,0.050500,0.043551,-0.007097,0.127297,-0.158212,0.025688,-0.054579,0.023046,0.059177,0.255281,-0.162225,-0.017711,0.011034,-0.000613,-0.083478,0.261323,-0.530371,1.328650,1.547597,0.000000,0.000000,-0.057262,-0.234788,0.525017,1.226887,0.238491,0.000000,0.000000
0.419503,0.085406,0.877908,0.010866,-0.021983,0.723448,0.689944,0.056766,0.053284,-0.001311,0.125557,-0.154268,0.027273,-0.063328,0.023517,0.047280,0.307846,-0.166942,-0.015949,0.006510,-0.000643,-0.076978,0.267278,-0.529095,1.329320,1.554336,0.000000,0.000000,-0.049853,-0.228956,0.522941,1.225693,0.244426,0.000000,0.000000
0.426046,0.085071,0.878988,0.013826,-0.026814,0.721668,0.691581,0.063132,0.063938,0.005123,0.131032,-0.150695,0.029093,-0.074161,0.021228,0.026301,0.377991,-0.162139,-0.013251,-0.000732,-0.000573,-0.066650,0.276216,-0.527792,1.325729,1.558945,0.000000,0.000000,-0.039954,-0.223168,0.520249,1.222089,0.247001,0.000000,0.000000
0.432791,0.083989,0.879989,0.016195,-0.031381,0.720686,0.692362,0.067646,0.074756,0.011083,0.137016,-0.147289,0.031069,-0.085839,0.015009,0.004922,0.445081,-0.156035,-0.011263,-0.008667,-0.000514,-0.057092,0.285330,-0.526783,1.320201,1.562584,0.000000,0.000000,-0.031053,-0.218595,0.516803,1.218235,0.249148,0.000000,0.000000
0.439399,0.083149,0.881073,0.017640,-0.035783,0.721047,0.691737,0.071584,0.086229,0.017133,0.140621,-0.144793,0.033190,-0.094767,0.004017,-0.013985,0.499358,-0.148063,-0.010799,-0.016850,-0.000363,-0.049800,0.294176,-0.526890,1.313324,1.565417,0.000000,0.000000,-0.023652,-0.215527,0.511590,1.214901,0.252173,0.000000,0.000000
0.446070,0.081506,0.881873,0.018412,-0.040014,0.721345,0.691174,0.073920,0.097879,0.023035,0.143826,-0.142406,0.035363,-0.103359,-0.011157,-0.029485,0.544042,-0.145110,-0.012022,-0.025463,-0.000177,-0.043717,0.302378,-0.528444,1.306070,1.566983,0.000000,0.000000,-0.018197,-0.213488,0.505760,1.214325,0.254829,0.000000,0.000000
0.453079,0.079810,0.882108,0.018873,-0.043920,0.721630,0.690627,0.075209,0.110247,0.029123,0.147938,-0.140846,0.037673,-0.110688,-0.030802,-0.042862,0.581716,-0.143705,-0.014833,-0.034663,0.000044,-0.038471,0.310191,-0.531213,1.298658,1.567691,0.000000,0.000000,-0.014193,-0.212045,0.499314,1.215984,0.257365,0.000000,0.000000
0.459982,0.078336,0.881559,0.018355,-0.046140,0.722691,0.689385,0.074235,0.121165,0.031553,0.151193,-0.141967,0.040105,-0.115190,-0.054355,-0.049378,0.600982,-0.151246,-0.020117,-0.040886,0.000194,-0.036187,0.317153,-0.532040,1.293101,1.564830,0.000000,0.000000,-0.012968,-0.212485,0.495391,1.219084,0.257318,0.000000,0.000000
0.467353,0.077651,0.880758,0.017809,-0.047836,0.723828,0.688090,0.072842,0.132247,0.032717,0.154797,-0.144283,0.042738,-0.117467,-0.080453,-0.054958,0.609357,-0.159280,-0.026180,-0.046646,0.000308,-0.034835,0.323441,-0.532551,1.288020,1.560253,0.000000,0.000000,-0.012711,-0.213570,0.492273,1.222694,0.256390,0.000000,0.000000
0.475176,0.077715,0.880073,0.017044,-0.048930,0.724885,0.686919,0.071309,0.143260,0.032648,0.158275,-0.146452,0.045532,-0.118311,-0.106751,-0.060730,0.605409,-0.166945,-0.032134,-0.051298,0.000438,-0.034306,0.328552,-0.532743,1.283704,1.554085,0.000000,0.000000,-0.012987,-0.214781,0.490383,1.225991,0.254645,0.000000,0.000000
0.483632,0.078686,0.878786,0.016240,-0.048627,0.726102,0.685673,0.069019,0.153862,0.029918,0.161880,-0.148976,0.048604,-0.116709,-0.135278,-0.062224,0.585677,-0.170665,-0.039420,-0.054034,0.000485,-0.035581,0.332579,-0.530303,1.282695,1.547556,0.000000,0.000000,-0.014280,-0.217196,0.489568,1.231768,0.250957,0.000000,0.000000
0.492578,0.080544,0.876760,0.015567,-0.047403,0.727385,0.684413,0.066380,0.163704,0.025420,0.165748,-0.152231,0.051730,-0.111607,-0.164912,-0.060748,0.551596,-0.169028,-0.047412,-0.055364,0.000488,-0.038342,0.335232,-0.525816,1.284468,1.541227,0.000000,0.000000,-0.016655,-0.220845,0.489560,1.239741,0.245854,0.000000,0.000000
0.503075,0.082743,0.874153,0.014410,-0.044766,0.728774,0.683138,0.062671,0.173769,0.022900,0.168240,-0.156704,0.054495,-0.104177,-0.189944,-0.060717,0.504067,-0.167585,-0.053551,-0.054786,0.000513,-0.043752,0.336663,-0.521439,1.285930,1.536636,0.000000,0.000000,-0.022383,-0.224703,0.488916,1.245872,0.238360,0.000000,0.000000
0.514085,0.085747,0.871372,0.013834,-0.041740,0.730746,0.681231,0.059215,0.183259,0.019702,0.170389,-0.160275,0.057193,-0.095402,-0.212282,-0.058699,0.448051,-0.161308,-0.059079,-0.053239,0.000489,-0.051368,0.336767,-0.517883,1.288667,1.532857,0.000000,0.000000,-0.028372,-0.228739,0.487485,1.253192,0.230646,0.000000,0.000000
0.525848,0.089632,0.868657,0.014390,-0.038279,0.733673,0.678271,0.056407,0.191740,0.014455,0.172498,-0.160651,0.060055,-0.085967,-0.232211,-0.050606,0.384818,-0.148448,-0.064803,-0.050363,0.000459,-0.062434,0.334837,-0.515730,1.294579,1.529789,0.000000,0.000000,-0.033598,-0.232650,0.485501,1.264087,0.224188,0.000000,0.000000
0.538359,0.094695,0.865779,0.015990,-0.034893,0.736169,0.675709,0.054628,0.199689,0.011342,0.177290,-0.160286,0.062593,-0.076032,-0.248126,-0.043006,0.327686,-0.132828,-0.069356,-0.046544,0.000425,-0.073345,0.332925,-0.514401,1.301841,1.527549,0.000000,0.000000,-0.038209,-0.236151,0.483222,1.274615,0.219609,0.000000,0.000000
0.551239,0.100401,0.862684,0.018052,-0.031532,0.738324,0.673467,0.053221,0.207053,0.010041,0.184175,-0.160093,0.064784,-0.066624,-0.259978,-0.036019,0.279917,-0.119272,-0.072818,-0.042051,0.000361,-0.083392,0.331415,-0.513397,1.309197,1.525900,0.000000,0.000000,-0.042361,-0.239331,0.480833,1.284134,0.216312,0.000000,0.000000
0.564874,0.106866,0.859325,0.020448,-0.027966,0.740864,0.670761,0.052316,0.214577,0.008392,0.191500,-0.159576,0.067148,-0.057877,-0.268030,-0.025932,0.244802,-0.110626,-0.075931,-0.036163,0.000209,-0.090526,0.329996,-0.510028,1.316684,1.522354,0.000000,0.000000,-0.046335,-0.243524,0.481434,1.289665,0.213730,0.000000,0.000000
0.578470,0.114251,0.856073,0.022761,-0.024563,0.742989,0.668465,0.052314,0.221739,0.008205,0.198504,-0.158764,0.069239,-0.049175,-0.272088,-0.014590,0.220352,-0.109955,-0.078301,-0.030382,0.000021,-0.094698,0.329216,-0.504909,1.323005,1.518294,0.000000,0.000000,-0.049819,-0.248067,0.484832,1.293009,0.209475,0.000000,0.000000
0.592639,0.121632,0.852700,0.024464,-0.021282,0.744231,0.667135,0.052821,0.230146,0.011761,0.205022,-0.156380,0.071128,-0.042484,-0.271023,-0.001999,0.209762,-0.119365,-0.079502,-0.024258,-0.000165,-0.093859,0.330521,-0.496335,1.325772,1.514876,0.000000,0.000000,-0.052857,-0.252895,0.493070,1.293272,0.200315,0.000000,0.000000
0.606819,0.128834,0.847976,0.026315,-0.018206,0.745080,0.666207,0.053574,0.239303,0.019751,0.213414,-0.155453,0.072488,-0.038536,-0.266394,0.008551,0.211180,-0.144985,-0.079153,-0.017977,-0.000388,-0.089159,0.332898,-0.482442,1.326418,1.512259,0.000000,0.000000,-0.055412,-0.257255,0.503223,1.289398,0.189762,0.000000,0.000000
0.621008,0.135627,0.844898,0.028124,-0.015214,0.745729,0.665482,0.054136,0.248833,0.030586,0.223775,-0.156273,0.073485,-0.037086,-0.259299,0.017131,0.220824,-0.182547,-0.077568,-0.011836,-0.000632,-0.082240,0.335791,-0.464666,1.326126,1.510225,0.000000,0.000000,-0.057764,-0.261073,0.514278,1.282605,0.179024,0.000000,0.000000
0.635308,0.141693,0.846913,0.028684,-0.012893,0.745222,0.666074,0.054818,0.259137,0.042231,0.234186,-0.140125,0.075051,-0.038098,-0.248608,0.024780,0.233617,-0.214864,-0.075135,-0.006289,-0.000923,-0.075218,0.337887,-0.446552,1.323193,1.498961,0.000000,0.000000,-0.058301,-0.264990,0.523662,1.274775,0.174271,0.000000,0.000000
0.649926,0.147257,0.849504,0.029541,-0.010950,0.744651,0.666710,0.054807,0.269912,0.057508,0.247904,-0.120619,0.076433,-0.039483,-0.235770,0.031758,0.246382,-0.242033,-0.072374,-0.000313,-0.001190,-0.068093,0.338742,-0.429821,1.319985,1.484791,0.000000,0.000000,-0.058296,-0.269739,0.533435,1.266185,0.172141,0.000000,0.000000
0.665085,0.152312,0.852248,0.031217,-0.009690,0.744199,0.667157,0.053261,0.280604,0.078766,0.268883,-0.105370,0.076815,-0.039692,-0.222013,0.036569,0.256305,-0.258316,-0.069566,0.006016,-0.001452,-0.061329,0.336811,-0.417707,1.317352,1.470415,0.000000,0.000000,-0.057813,-0.276146,0.543730,1.257289,0.172978,0.000000,0.000000
0.679485,0.156881,0.854645,0.033138,-0.009289,0.743947,0.667352,0.049097,0.286228,0.096891,0.293399,-0.097143,0.076081,-0.038297,-0.208363,0.041419,0.263280,-0.270089,-0.067062,0.012903,-0.001699,-0.055708,0.332774,-0.412732,1.314338,1.458938,0.000000,0.000000,-0.055511,-0.283886,0.552145,1.249007,0.175559,0.000000,0.000000
0.693633,0.161078,0.856862,0.035167,-0.009476,0.743810,0.667398,0.042533,0.287222,0.112788,0.322384,-0.094360,0.074221,-0.035524,-0.193861,0.046737,0.268256,-0.279961,-0.064570,0.020696,-0.001870,-0.050666,0.327578,-0.412378,1.310945,1.449000,0.000000,0.000000,-0.051476,-0.292567,0.559113,1.240615,0.179071,0.000000,0.000000
0.706559,0.164545,0.858900,0.037417,-0.010279,0.743738,0.667344,0.034902,0.281448,0.121876,0.356846,-0.100015,0.071406,-0.031404,-0.180377,0.048843,0.269563,-0.282973,-0.061970,0.028725,-0.002081,-0.047850,0.319861,-0.412392,1.308931,1.442468,0.000000,0.000000,-0.046578,-0.300589,0.561442,1.235614,0.182358,0.000000,0.000000
0.719153,0.167304,0.860835,0.039221,-0.011452,0.743880,0.667063,0.025632,0.269239,0.127080,0.394995,-0.110704,0.067279,-0.026382,-0.165638,0.050647,0.267805,-0.282100,-0.059118,0.036410,-0.002140,-0.046493,0.311268,-0.414357,1.306549,1.438562,0.000000,0.000000,-0.040712,-0.308567,0.561377,1.231769,0.186384,0.000000,0.000000
0.730706,0.169192,0.862944,0.040250,-0.013084,0.744235,0.666576,0.015645,0.249706,0.126171,0.429772,-0.124764,0.061922,-0.021154,-0.150751,0.053148,0.262437,-0.277173,-0.056361,0.042348,-0.002129,-0.047691,0.302902,-0.420354,1.302703,1.439956,0.000000,0.000000,-0.034238,-0.315809,0.557868,1.229837,0.191788,0.000000,0.000000
0.740956,0.170485,0.866199,0.040613,-0.013551,0.743956,0.666856,0.005420,0.220916,0.117435,0.462834,-0.142028,0.055235,-0.016127,-0.136890,0.051692,0.251453,-0.264784,-0.053242,0.047258,-0.002027,-0.049742,0.292500,-0.426363,1.300652,1.444112,0.000000,0.000000,-0.027845,-0.320694,0.550684,1.229411,0.199280,0.000000,0.000000
0.750459,0.171295,0.870099,0.040469,-0.013490,0.743442,0.667439,-0.003437,0.186770,0.104176,0.490225,-0.158388,0.047858,-0.011671,-0.124524,0.046890,0.236630,-0.247300,-0.049915,0.050740,-0.001886,-0.052156,0.281345,-0.431246,1.300474,1.449479,0.000000,0.000000,-0.022313,-0.323208,0.541813,1.229968,0.207764,0.000000,0.000000
0.758616,0.171501,0.874243,0.038787,-0.013186,0.742315,0.668798,-0.010470,0.144353,0.079028,0.496489,-0.180554,0.040188,-0.009283,-0.112555,0.042297,0.219110,-0.222552,-0.046718,0.051814,-0.001691,-0.056278,0.268028,-0.439999,1.300639,1.452653,0.000000,0.000000,-0.017089,-0.324012,0.533425,1.229934,0.221098,0.000000,0.000000
0.766453,0.171889,0.877659,0.036889,-0.013359,0.741189,0.670148,-0.014217,0.106151,0.055372,0.488977,-0.197698,0.033585,-0.007739,-0.101079,0.039073,0.204194,-0.200601,-0.043768,0.051351,-0.001450,-0.060107,0.255874,-0.449343,1.302815,1.452966,0.000000,0.000000,-0.012630,-0.323438,0.525139,1.229095,0.236122,0.000000,0.000000
0.774207,0.172287,0.879893,0.034788,-0.014007,0.740110,0.671440,-0.014927,0.074198,0.034941,0.468273,-0.212150,0.028243,-0.007205,-0.088909,0.038132,0.192851,-0.183383,-0.040914,0.048701,-0.001165,-0.063552,0.244486,-0.459802,1.308932,1.448381,0.000000,0.000000,-0.009631,-0.321267,0.515823,1.227201,0.254610,0.000000,0.000000
0.781944,0.172396,0.881480,0.031454,-0.014095,0.738942,0.672887,-0.012305,0.046653,0.016534,0.430818,-0.220522,0.023806,-0.008789,-0.076011,0.039577,0.182335,-0.169116,-0.038134,0.043967,-0.000849,-0.068085,0.235249,-0.470578,1.315603,1.447814,0.000000,0.000000,-0.010673,-0.317012,0.507751,1.226792,0.268142,0.000000,0.000000
0.789374,0.172522,0.882190,0.027407,-0.013968,0.737591,0.674547,-0.006414,0.022679,-0.001188,0.380317,-0.223919,0.020277,-0.011669,-0.062541,0.042738,0.172222,-0.156617,-0.035424,0.038090,-0.000558,-0.073260,0.227562,-0.481388,1.322356,1.450477,0.000000,0.000000,-0.014489,-0.311040,0.500627,1.227604,0.278236,0.000000,0.000000
0.797273,0.173021,0.881899,0.022664,-0.014453,0.735528,0.676961,0.000315,0.009148,-0.012664,0.332528,-0.215465,0.018555,-0.015206,-0.047986,0.049095,0.164928,-0.152109,-0.032829,0.033858,-0.000365,-0.077168,0.222850,-0.493974,1.329143,1.461325,0.000000,0.000000,-0.019259,-0.303494,0.500535,1.232167,0.272919,0.000000,0.000000
0.804882,0.173619,0.879957,0.017930,-0.014730,0.733341,0.679465,0.007293,0.002698,-0.019874,0.291216,-0.206773,0.017988,-0.018954,-0.034182,0.056009,0.158590,-0.151175,-0.030472,0.030230,-0.000214,-0.080360,0.219651,-0.505548,1.334857,1.472820,0.000000,0.000000,-0.023677,-0.295538,0.502074,1.236195,0.264240,0.000000,0.000000
0.812741,0.174337,0.876998,0.013375,-0.014679,0.731220,0.681853,0.014265,0.004181,-0.020227,0.259557,-0.198196,0.018366,-0.023002,-0.021030,0.063316,0.152721,-0.154854,-0.028301,0.026676,-0.000124,-0.082500,0.218565,-0.515232,1.338508,1.483893,0.000000,0.000000,-0.026790,-0.287135,0.505326,1.237992,0.252223,0.000000,0.000000
0.820976,0.175398,0.875676,0.010241,-0.015187,0.728868,0.684409,0.021250,0.011347,-0.017178,0.234694,-0.193468,0.019640,-0.027409,-0.009612,0.073992,0.152925,-0.153364,-0.027194,0.023003,-0.000032,-0.082602,0.219096,-0.521492,1.340031,1.493307,0.000000,0.000000,-0.027774,-0.278486,0.508492,1.242502,0.244146,0.000000,0.000000
0.829537,0.176757,0.875874,0.007858,-0.016104,0.726372,0.687068,0.028222,0.022799,-0.011905,0.213447,-0.191376,0.021618,-0.032592,0.000519,0.087305,0.159209,-0.148803,-0.026925,0.019203,0.000050,-0.081058,0.220770,-0.525714,1.340113,1.501914,0.000000,0.000000,-0.027193,-0.269328,0.511526,1.249354,0.239058,0.000000,0.000000
0.837403,0.177633,0.877176,0.006870,-0.018165,0.724256,0.689258,0.034783,0.034231,-0.003401,0.199582,-0.187065,0.023092,-0.037146,0.006592,0.088154,0.174640,-0.148703,-0.025741,0.015633,0.000080,-0.077502,0.223971,-0.527345,1.336178,1.511357,0.000000,0.000000,-0.023594,-0.262672,0.513016,1.249604,0.238353,0.000000,0.000000
0.845421,0.178342,0.878356,0.006515,-0.020666,0.721995,0.691559,0.041835,0.046840,0.006402,0.188394,-0.182168,0.024684,-0.042962,0.010229,0.083257,0.199867,-0.153475,-0.024299,0.011959,0.000106,-0.072244,0.228527,-0.528388,1.331175,1.521850,0.000000,0.000000,-0.018091,-0.255571,0.513800,1.248901,0.239616,0.000000,0.000000
0.853156,0.178587,0.878785,0.007513,-0.023618,0.719842,0.693695,0.048897,0.058737,0.014884,0.181603,-0.178399,0.026341,-0.050127,0.009054,0.071101,0.236210,-0.164368,-0.022906,0.007775,0.000156,-0.065717,0.233967,-0.529756,1.327418,1.531829,0.000000,0.000000,-0.010967,-0.247778,0.513468,1.249878,0.243421,0.000000,0.000000
0.861007,0.178055,0.879355,0.008902,-0.026884,0.718708,0.694735,0.054881,0.070550,0.022492,0.178106,-0.174778,0.028162,-0.058494,0.002283,0.055050,0.278142,-0.174871,-0.022257,0.002278,0.000166,-0.059098,0.240174,-0.530900,1.321920,1.537605,0.000000,0.000000,-0.003033,-0.241090,0.512446,1.248982,0.250409,0.000000,0.000000
0.869168,0.176789,0.879904,0.010424,-0.030130,0.718216,0.695090,0.059608,0.082458,0.029367,0.176376,-0.170821,0.030163,-0.066948,-0.009513,0.036979,0.320790,-0.183156,-0.022478,-0.004364,0.000234,-0.052733,0.246762,-0.531912,1.314724,1.540051,0.000000,0.000000,0.005051,-0.235630,0.511040,1.246297,0.259506,0.000000,0.000000
0.877048,0.174735,0.880143,0.010515,-0.032273,0.719316,0.693853,0.061405,0.093735,0.034922,0.172960,-0.167022,0.032181,-0.073566,-0.024363,0.022428,0.351633,-0.190322,-0.023948,-0.010169,0.000328,-0.050020,0.254130,-0.532301,1.310618,1.543850,0.000000,0.000000,0.010965,-0.232368,0.507671,1.245539,0.260312,0.000000,0.000000
0.885289,0.172687,0.880201,0.010853,-0.034404,0.720444,0.692575,0.062343,0.105849,0.039021,0.170653,-0.163279,0.034640,-0.079012,-0.044291,0.008758,0.379723,-0.196817,-0.026805,-0.016585,0.000445,-0.048409,0.262514,-0.532743,1.306408,1.547222,0.000000,0.000000,0.016192,-0.229863,0.504402,1.245583,0.258799,0.000000,0.000000
0.893799,0.170950,0.880120,0.011802,-0.036773,0.721377,0.691465,0.062946,0.117508,0.039745,0.171544,-0.160219,0.037546,-0.083050,-0.068750,-0.001537,0.403554,-0.202132,-0.031370,-0.023498,0.000566,-0.047440,0.271861,-0.532829,1.301017,1.548088,0.000000,0.000000,0.019861,-0.228958,0.503846,1.246646,0.256434,0.000000,0.000000
0.902919,0.169531,0.879824,0.012331,-0.039104,0.722119,0.690553,0.063024,0.129752,0.039369,0.173812,-0.157354,0.040816,-0.086006,-0.093368,-0.010558,0.416505,-0.203187,-0.036124,-0.029006,0.000637,-0.046844,0.281239,-0.533124,1.295921,1.548301,0.000000,0.000000,0.021527,-0.229046,0.505811,1.248360,0.253116,0.000000,0.000000
0.912545,0.168457,0.879129,0.012574,-0.041317,0.722757,0.689751,0.062942,0.143136,0.038682,0.176559,-0.154456,0.044452,-0.087612,-0.118831,-0.019526,0.420315,-0.199638,-0.041049,-0.033592,0.000684,-0.046702,0.290896,-0.533754,1.291034,1.548400,0.000000,0.000000,0.021816,-0.229645,0.509202,1.250560,0.249068,0.000000,0.000000
0.922790,0.167804,0.877728,0.012009,-0.041796,0.723379,0.689081,0.062000,0.156128,0.035541,0.176959,-0.152877,0.048301,-0.087599,-0.145587,-0.023702,0.413960,-0.196818,-0.047043,-0.037901,0.000774,-0.047704,0.300557,-0.532862,1.288846,1.547385,0.000000,0.000000,0.020747,-0.231292,0.508158,1.255878,0.243571,0.000000,0.000000
0.933566,0.167812,0.875913,0.011737,-0.041782,0.723907,0.688531,0.060900,0.168689,0.032155,0.177572,-0.151686,0.052052,-0.085424,-0.171973,-0.025861,0.399382,-0.191078,-0.053167,-0.041049,0.000792,-0.049710,0.309450,-0.530711,1.288339,1.545035,0.000000,0.000000,0.018662,-0.233351,0.505770,1.262175,0.238130,0.000000,0.000000
0.945098,0.168569,0.873896,0.011912,-0.041160,0.724218,0.688238,0.059579,0.180798,0.029468,0.179852,-0.150202,0.055592,-0.081504,-0.196367,-0.025758,0.375337,-0.179645,-0.059085,-0.042164,0.000774,-0.052819,0.317339,-0.525872,1.289979,1.540366,0.000000,0.000000,0.015162,-0.235426,0.503187,1.268965,0.234055,0.000000,0.000000
0.957327,0.170228,0.871287,0.012536,-0.039825,0.725012,0.687469,0.058193,0.192295,0.025424,0.183098,-0.149681,0.059206,-0.076284,-0.219103,-0.022106,0.345095,-0.165868,-0.065108,-0.042577,0.000715,-0.057837,0.323647,-0.520880,1.294318,1.535780,0.000000,0.000000,0.010525,-0.237895,0.500077,1.277294,0.230388,0.000000,0.000000
0.969899,0.172677,0.868125,0.013462,-0.038016,0.726104,0.686401,0.057049,0.202729,0.020283,0.186686,-0.150191,0.062729,-0.070290,-0.239527,-0.016466,0.312947,-0.152274,-0.070795,-0.042586,0.000668,-0.064210,0.328338,-0.516523,1.300486,1.531779,0.000000,0.000000,0.005325,-0.240761,0.496448,1.286505,0.226919,0.000000,0.000000
0.983635,0.175935,0.864731,0.013895,-0.035762,0.727090,0.685469,0.056112,0.213827,0.015186,0.189797,-0.151345,0.066405,-0.064377,-0.254554,-0.010334,0.281689,-0.140075,-0.075105,-0.040292,0.000555,-0.069863,0.332159,-0.511327,1.307405,1.529420,0.000000,0.000000,0.000584,-0.244429,0.494548,1.292970,0.220621,0.000000,0.000000
0.997462,0.180015,0.860876,0.014899,-0.033262,0.727977,0.684632,0.055519,0.224772,0.010085,0.194236,-0.153423,0.070054,-0.058036,-0.266145,-0.002764,0.253597,-0.130944,-0.078748,-0.036835,0.000429,-0.075515,0.335762,-0.506016,1.314682,1.528353,0.000000,0.000000,-0.004293,-0.248777,0.493630,1.298224,0.212917,0.000000,0.000000
1.011568,0.185010,0.856489,0.017068,-0.030379,0.728856,0.683780,0.055345,0.234132,0.005176,0.201099,-0.156531,0.073313,-0.051808,-0.273574,0.006876,0.234244,-0.127832,-0.081761,-0.032634,0.000272,-0.080977,0.339017,-0.501766,1.321704,1.529148,0.000000,0.000000,-0.009416,-0.253525,0.494570,1.302088,0.204884,0.000000,0.000000
1.026026,0.190588,0.851942,0.019284,-0.027514,0.729271,0.683399,0.055849,0.243674,0.001501,0.208651,-0.159374,0.076516,-0.046299,-0.277090,0.017941,0.222913,-0.130379,-0.084063,-0.027512,0.000075,-0.084470,0.341812,-0.493417,1.330581,1.529172,0.000000,0.000000,-0.014417,-0.259181,0.497209,1.303469,0.195586,0.000000,0.000000
1.040636,0.196607,0.847287,0.021465,-0.024789,0.729146,0.683573,0.057827,0.253797,-0.000419,0.215614,-0.161547,0.079693,-0.041593,-0.276330,0.031338,0.219192,-0.139725,-0.085655,-0.022314,-0.000155,-0.085705,0.344497,-0.479446,1.341750,1.528225,0.000000,0.000000,-0.019547,-0.265581,0.502346,1.302509,0.184154,0.000000,0.000000
1.055603,0.202179,0.842249,0.022689,-0.021499,0.729288,0.683493,0.060640,0.264405,0.001477,0.217498,-0.162646,0.082292,-0.040124,-0.270240,0.044707,0.225480,-0.167149,-0.085452,-0.018502,-0.000332,-0.083458,0.347124,-0.466733,1.348765,1.526398,0.000000,0.000000,-0.023372,-0.270685,0.508861,1.299129,0.173332,0.000000,0.000000
1.070712,0.206955,0.839610,0.023641,-0.018329,0.728836,0.684034,0.063616,0.274670,0.006909,0.217990,-0.158660,0.084324,-0.040891,-0.260832,0.056800,0.236271,-0.202080,-0.083908,-0.014788,-0.000516,-0.079992,0.349329,-0.453763,1.354481,1.523692,0.000000,0.000000,-0.026974,-0.275099,0.515608,1.294889,0.164794,0.000000,0.000000
1.085948,0.210934,0.842691,0.024368,-0.015498,0.727482,0.685519,0.066125,0.284732,0.017996,0.220030,-0.144377,0.085722,-0.043042,-0.249006,0.065604,0.247462,-0.241098,-0.080966,-0.010719,-0.000694,-0.075582,0.350244,-0.439235,1.360178,1.519387,0.000000,0.000000,-0.030431,-0.279084,0.522208,1.289987,0.161069,0.000000,0.000000
1.101138,0.214466,0.846105,0.026335,-0.012874,0.726685,0.686346,0.067016,0.293175,0.034291,0.226409,-0.125071,0.086133,-0.044692,-0.237192,0.069936,0.257847,-0.265813,-0.077870,-0.005757,-0.000939,-0.070213,0.348844,-0.427054,1.361429,1.508616,0.000000,0.000000,-0.031424,-0.283158,0.529122,1.284363,0.160526,0.000000,0.000000
1.116639,0.217578,0.849700,0.028879,-0.010459,0.726132,0.686869,0.065218,0.299222,0.054236,0.238016,-0.102842,0.085510,-0.045554,-0.224655,0.071897,0.266445,-0.278352,-0.074878,0.000321,-0.001178,-0.063899,0.345962,-0.416535,1.359299,1.492225,0.000000,0.000000,-0.030321,-0.287512,0.536396,1.277827,0.161576,0.000000,0.000000
1.131590,0.220170,0.852790,0.030786,-0.009234,0.725080,0.687915,0.060443,0.297240,0.064550,0.251448,-0.097815,0.083785,-0.044543,-0.212200,0.074635,0.267388,-0.281727,-0.072426,0.006211,-0.001459,-0.059629,0.337927,-0.409270,1.355986,1.474486,0.000000,0.000000,-0.028559,-0.293957,0.540832,1.271824,0.165310,0.000000,0.000000
1.146111,0.222506,0.855886,0.032841,-0.008344,0.724686,0.688245,0.053509,0.289227,0.071503,0.267713,-0.098293,0.080673,-0.041895,-0.199090,0.077236,0.265007,-0.280565,-0.069981,0.012087,-0.001619,-0.056049,0.327625,-0.405476,1.351033,1.458170,0.000000,0.000000,-0.025002,-0.300959,0.543788,1.265925,0.171099,0.000000,0.000000
1.159327,0.224474,0.858835,0.035139,-0.007670,0.725500,0.687282,0.045012,0.274226,0.074363,0.285851,-0.102827,0.076164,-0.037800,-0.186294,0.078687,0.260736,-0.274570,-0.067634,0.017501,-0.001623,-0.053730,0.314945,-0.408833,1.342433,1.448054,0.000000,0.000000,-0.018643,-0.307701,0.544267,1.261184,0.180114,0.000000,0.000000
1.171818,0.226477,0.861473,0.037120,-0.007678,0.726220,0.686416,0.035539,0.253099,0.073767,0.311446,-0.112342,0.070529,-0.031984,-0.173246,0.079831,0.253065,-0.264734,-0.065310,0.022828,-0.001527,-0.053314,0.301734,-0.416034,1.335014,1.445292,0.000000,0.000000,-0.010864,-0.313828,0.543161,1.258051,0.188631,0.000000,0.000000
1.183915,0.228191,0.865002,0.038695,-0.008115,0.726926,0.685576,0.025505,0.227147,0.071154,0.343360,-0.126056,0.063946,-0.025230,-0.159482,0.081015,0.242473,-0.252048,-0.062830,0.027887,-0.001366,-0.054419,0.288857,-0.424909,1.329325,1.447342,0.000000,0.000000,-0.002643,-0.319039,0.541333,1.255993,0.196108,0.000000,0.000000
1.194219,0.229271,0.869329,0.039359,-0.007907,0.727599,0.684827,0.015576,0.191941,0.057242,0.370265,-0.144175,0.056646,-0.019218,-0.146828,0.080029,0.228875,-0.231497,-0.060334,0.030874,-0.001113,-0.056924,0.276140,-0.438340,1.322433,1.451867,0.000000,0.000000,0.006946,-0.321886,0.533413,1.255108,0.208294,0.000000,0.000000
1.203806,0.230285,0.874089,0.039689,-0.007738,0.728210,0.684160,0.007198,0.153472,0.039584,0.391324,-0.161394,0.049133,-0.013936,-0.134941,0.076641,0.214751,-0.208878,-0.057583,0.032747,-0.000816,-0.059530,0.263741,-0.452225,1.316457,1.454544,0.000000,0.000000,0.016633,-0.323250,0.523192,1.254145,0.223175,0.000000,0.000000
1.212265,0.231438,0.878973,0.039552,-0.007545,0.728387,0.683982,0.000610,0.113241,0.018423,0.404674,-0.176171,0.041791,-0.009525,-0.124263,0.069709,0.201146,-0.185542,-0.054462,0.033748,-0.000608,-0.061512,0.251207,-0.465197,1.312521,1.452390,0.000000,0.000000,0.025963,-0.322873,0.511007,1.252882,0.242300,0.000000,0.000000
1.220139,0.232415,0.882678,0.038802,-0.007680,0.728851,0.683529,-0.003546,0.078339,0.001525,0.406378,-0.186647,0.035182,-0.006586,-0.113820,0.064431,0.190664,-0.168221,-0.051463,0.032521,-0.000376,-0.062436,0.239224,-0.478163,1.309622,1.452000,0.000000,0.000000,0.031928,-0.321287,0.500386,1.253314,0.258037,0.000000,0.000000
1.227393,0.233339,0.884792,0.037539,-0.008124,0.729273,0.683144,-0.005209,0.047590,-0.012458,0.397747,-0.192367,0.029227,-0.004839,-0.103275,0.060716,0.182863,-0.155194,-0.048550,0.030124,-0.000094,-0.062573,0.227790,-0.491272,1.307065,1.453213,0.000000,0.000000,0.035633,-0.318487,0.490905,1.255070,0.271666,0.000000,0.000000
1.234963,0.234068,0.885627,0.034386,-0.009355,0.729152,0.683423,-0.004787,0.024753,-0.022173,0.378613,-0.193202,0.024686,-0.005358,-0.089964,0.058573,0.177354,-0.149399,-0.044983,0.026926,0.000202,-0.065051,0.221653,-0.505448,1.306509,1.461819,0.000000,0.000000,0.035920,-0.314780,0.483513,1.256429,0.277951,0.000000,0.000000
1.241973,0.234704,0.885388,0.031144,-0.010402,0.728515,0.684243,-0.002391,0.007392,-0.030297,0.355032,-0.191238,0.021365,-0.007024,-0.076965,0.057961,0.173495,-0.146489,-0.041672,0.023960,0.000433,-0.068084,0.217130,-0.518924,1.307412,1.472475,0.000000,0.000000,0.034747,-0.309943,0.479131,1.258132,0.278885,0.000000,0.000000
1.248607,0.235230,0.884493,0.028116,-0.010912,0.727163,0.685802,0.001517,-0.003893,-0.036889,0.329840,-0.187621,0.019428,-0.009744,-0.065291,0.059629,0.171249,-0.146410,-0.039004,0.021146,0.000591,-0.071415,0.213534,-0.530728,1.310679,1.485054,0.000000,0.000000,0.031807,-0.303820,0.480337,1.260598,0.270995,0.000000,0.000000
1.255205,0.236001,0.882846,0.025363,-0.011902,0.725678,0.687464,0.005636,-0.008564,-0.039790,0.308246,-0.182927,0.018642,-0.012655,-0.054247,0.063062,0.171964,-0.150031,-0.036754,0.019411,0.000684,-0.073352,0.210785,-0.540069,1.315683,1.498261,0.000000,0.000000,0.029809,-0.296593,0.484199,1.263411,0.263205,0.000000,0.000000
1.261662,0.236822,0.880354,0.022664,-0.013173,0.724090,0.689207,0.010381,-0.008533,-0.040510,0.287323,-0.177520,0.018734,-0.016276,-0.042859,0.067780,0.175673,-0.156945,-0.034620,0.018380,0.000760,-0.074518,0.208485,-0.548790,1.322104,1.512942,0.000000,0.000000,0.028378,-0.287899,0.489679,1.266702,0.255679,0.000000,0.000000
1.269449,0.237556,0.877202,0.019498,-0.014821,0.722336,0.691109,0.016900,-0.000928,-0.037534,0.266174,-0.177045,0.020176,-0.021520,-0.029265,0.075231,0.184012,-0.164660,-0.032417,0.016847,0.000730,-0.074685,0.207930,-0.554262,1.329356,1.526405,0.000000,0.000000,0.026162,-0.277814,0.496545,1.270972,0.246791,0.000000,0.000000
1.277240,0.238228,0.875968,0.017220,-0.016798,0.720325,0.693220,0.024065,0.009586,-0.031807,0.248007,-0.176758,0.021887,-0.027233,-0.016713,0.081521,0.199588,-0.170141,-0.030429,0.015011,0.000676,-0.073327,0.208625,-0.557459,1.335681,1.537717,0.000000,0.000000,0.025083,-0.268421,0.503041,1.274728,0.241029,0.000000,0.000000
1.285138,0.238834,0.877732,0.016773,-0.019284,0.718005,0.695569,0.031560,0.021229,-0.022090,0.234892,-0.173392,0.023241,-0.033104,-0.005875,0.083844,0.227268,-0.168273,-0.028469,0.012342,0.000606,-0.069242,0.210800,-0.558065,1.340264,1.546193,0.000000,0.000000,0.026881,-0.260638,0.508476,1.277090,0.242443,0.000000,0.000000
1.292616,0.238891,0.880076,0.017609,-0.022558,0.715406,0.698122,0.038882,0.032707,-0.012795,0.227018,-0.168973,0.024671,-0.039785,0.000739,0.077799,0.265439,-0.167918,-0.026288,0.009510,0.000531,-0.063124,0.214206,-0.556673,1.342523,1.553645,0.000000,0.000000,0.031646,-0.253106,0.513657,1.274280,0.245373,0.000000,0.000000
1.300149,0.238267,0.880581,0.019034,-0.026157,0.712762,0.700659,0.045570,0.044027,-0.004783,0.222602,-0.164247,0.026331,-0.047603,0.003089,0.066030,0.309338,-0.169957,-0.024170,0.006543,0.000470,-0.056172,0.218152,-0.554215,1.343246,1.560553,0.000000,0.000000,0.037981,-0.245830,0.518606,1.267908,0.248290,0.000000,0.000000
1.307306,0.237207,0.881499,0.020566,-0.029367,0.711574,0.701695,0.051860,0.054834,0.001624,0.218016,-0.160425,0.028145,-0.055413,-0.000517,0.048826,0.354293,-0.171701,-0.022576,0.002197,0.000435,-0.048625,0.221769,-0.549708,1.342746,1.564498,0.000000,0.000000,0.045753,-0.239118,0.520000,1.261406,0.251321,0.000000,0.000000
1.315202,0.235174,0.882308,0.021913,-0.032877,0.710453,0.702635,0.057145,0.066433,0.007460,0.213793,-0.155478,0.030292,-0.064075,-0.007379,0.030107,0.398455,-0.173039,-0.021409,-0.002753,0.000424,-0.041793,0.227005,-0.545100,1.340161,1.567280,0.000000,0.000000,0.053007,-0.233485,0.520109,1.255551,0.255080,0.000000,0.000000
1.323690,0.232371,0.883096,0.023037,-0.036900,0.709445,0.703417,0.061145,0.079427,0.013076,0.211433,-0.149629,0.032876,-0.072981,-0.017112,0.010218,0.439855,-0.172738,-0.020655,-0.008140,0.000476,-0.036818,0.235639,-0.541664,1.334067,1.568632,0.000000,0.000000,0.058594,-0.229547,0.518513,1.251589,0.260572,0.000000,0.000000
1.332462,0.229132,0.883804,0.023153,-0.040708,0.708935,0.703717,0.063554,0.093452,0.018824,0.208948,-0.143372,0.035723,-0.081301,-0.029711,-0.008298,0.474424,-0.170885,-0.020793,-0.013750,0.000539,-0.032371,0.244964,-0.538843,1.326140,1.569750,0.000000,0.000000,0.062484,-0.226033,0.517188,1.248171,0.261667,0.000000,0.000000
1.341656,0.225889,0.884296,0.022765,-0.044340,0.708735,0.703712,0.065150,0.108790,0.024813,0.206217,-0.136869,0.038875,-0.089001,-0.045495,-0.026331,0.504387,-0.167012,-0.021792,-0.019822,0.000590,-0.027908,0.254746,-0.536237,1.316956,1.570584,0.000000,0.000000,0.065468,-0.222570,0.516019,1.244812,0.259264,0.000000,0.000000
1.350813,0.222966,0.884606,0.022463,-0.047703,0.709435,0.702796,0.065744,0.124238,0.029415,0.204988,-0.130694,0.042285,-0.095831,-0.065581,-0.042021,0.528285,-0.165907,-0.024341,-0.025964,0.000621,-0.023933,0.266169,-0.534184,1.306589,1.570800,0.000000,0.000000,0.066668,-0.220486,0.515929,1.244785,0.251825,0.000000,0.000000
1.360358,0.220640,0.884151,0.022386,-0.050369,0.710200,0.701839,0.065766,0.138545,0.032214,0.204977,-0.125821,0.045696,-0.101174,-0.087274,-0.055340,0.544687,-0.165138,-0.027707,-0.031629,0.000694,-0.021547,0.277094,-0.530619,1.297069,1.570800,0.000000,0.000000,0.066667,-0.220018,0.516242,1.245614,0.244035,0.000000,0.000000
1.370229,0.218961,0.882997,0.022638,-0.051970,0.710827,0.701079,0.065324,0.151617,0.032584,0.205888,-0.122299,0.049168,-0.105011,-0.110811,-0.065621,0.551729,-0.165273,-0.032095,-0.036316,0.000711,-0.022411,0.287803,-0.524248,1.289533,1.567778,0.000000,0.000000,0.065362,-0.222087,0.517372,1.246336,0.237613,0.000000,0.000000
1.380591,0.218235,0.881278,0.023192,-0.052175,0.712012,0.699842,0.064218,0.163206,0.030837,0.207318,-0.120014,0.052573,-0.106642,-0.135433,-0.071029,0.547005,-0.164255,-0.037649,-0.040113,0.000721,-0.023906,0.297205,-0.517295,1.284254,1.561467,0.000000,0.000000,0.063759,-0.225545,0.518355,1.248684,0.230981,0.000000,0.000000
1.391399,0.218576,0.878921,0.024017,-0.051572,0.713499,0.698343,0.062832,0.173818,0.027803,0.209657,-0.119166,0.055913,-0.105308,-0.160784,-0.073361,0.532072,-0.161067,-0.043921,-0.043185,0.000728,-0.025476,0.305352,-0.510334,1.280395,1.553564,0.000000,0.000000,0.062065,-0.229936,0.518830,1.252405,0.223820,0.000000,0.000000
1.403527,0.220123,0.875939,0.024541,-0.049392,0.714363,0.697598,0.060596,0.183885,0.023241,0.213474,-0.121048,0.059302,-0.101538,-0.185420,-0.071347,0.506138,-0.156636,-0.050699,-0.044460,0.000729,-0.028246,0.313229,-0.502977,1.279033,1.546240,0.000000,0.000000,0.058800,-0.234939,0.518623,1.256988,0.217856,0.000000,0.000000
1.416225,0.222664,0.872416,0.025081,-0.046602,0.715517,0.696588,0.058034,0.194011,0.018328,0.218098,-0.124577,0.062719,-0.095032,-0.209787,-0.066225,0.472395,-0.151620,-0.057803,-0.044577,0.000710,-0.032630,0.320136,-0.496103,1.279366,1.539891,0.000000,0.000000,0.054895,-0.240455,0.517435,1.262722,0.211978,0.000000,0.000000
1.429593,0.226218,0.868503,0.025676,-0.042871,0.717420,0.694846,0.055292,0.203600,0.013310,0.222157,-0.128291,0.065966,-0.086491,-0.231868,-0.056647,0.433799,-0.148393,-0.064895,-0.043371,0.000664,-0.039211,0.324794,-0.491073,1.281969,1.535960,0.000000,0.000000,0.051226,-0.246138,0.514309,1.269914,0.205856,0.000000,0.000000
1.443696,0.230912,0.864365,0.027175,-0.038854,0.719577,0.692792,0.053031,0.212306,0.007949,0.227716,-0.131518,0.069102,-0.076950,-0.250428,-0.045959,0.395689,-0.145354,-0.071090,-0.040615,0.000580,-0.046859,0.328069,-0.486412,1.286183,1.532293,0.000000,0.000000,0.047323,-0.252629,0.509785,1.275972,0.201149,0.000000,0.000000
1.458158,0.236347,0.859805,0.029140,-0.034671,0.721831,0.690586,0.050930,0.220604,0.002015,0.234879,-0.134651,0.072293,-0.066461,-0.266602,-0.034550,0.358449,-0.143650,-0.076606,-0.036756,0.000526,-0.055271,0.330705,-0.481640,1.291444,1.528228,0.000000,0.000000,0.043217,-0.260094,0.504308,1.281152,0.197438,0.000000,0.000000
1.473837,0.242347,0.854358,0.030699,-0.030521,0.723641,0.688818,0.049410,0.229804,-0.001673,0.241792,-0.138915,0.075342,-0.056596,-0.276535,-0.020042,0.331601,-0.145704,-0.081098,-0.032752,0.000453,-0.061708,0.333014,-0.476689,1.299034,1.526970,0.000000,0.000000,0.037899,-0.265590,0.498197,1.287741,0.193932,0.000000,0.000000
1.489634,0.248627,0.848639,0.032452,-0.026360,0.725104,0.687369,0.048425,0.239630,-0.003317,0.248904,-0.143536,0.078225,-0.046967,-0.282261,-0.003453,0.311106,-0.153648,-0.084742,-0.027673,0.000315,-0.067418,0.335032,-0.470607,1.308191,1.526237,0.000000,0.000000,0.031907,-0.270679,0.492968,1.294667,0.189684,0.000000,0.000000
1.505745,0.255816,0.842078,0.034782,-0.022378,0.726242,0.686193,0.049092,0.249684,-0.001272,0.255844,-0.148213,0.080589,-0.037748,-0.282228,0.014184,0.299152,-0.169840,-0.086994,-0.021878,0.000151,-0.071259,0.336238,-0.462662,1.319141,1.524801,0.000000,0.000000,0.026355,-0.275316,0.491039,1.300217,0.183855,0.000000,0.000000
1.522242,0.262191,0.838521,0.036091,-0.019070,0.726258,0.686210,0.051506,0.261765,0.003009,0.260190,-0.150252,0.083206,-0.032548,-0.276805,0.030695,0.298068,-0.201171,-0.087186,-0.015911,-0.000057,-0.071866,0.339208,-0.449982,1.328748,1.523821,0.000000,0.000000,0.021251,-0.280506,0.491610,1.301478,0.177412,0.000000,0.000000
1.538943,0.267910,0.840977,0.036726,-0.016112,0.725561,0.686988,0.054887,0.275122,0.008906,0.262157,-0.149625,0.085947,-0.031578,-0.266653,0.046025,0.305745,-0.244276,-0.085545,-0.010035,-0.000282,-0.069918,0.343913,-0.433500,1.336754,1.523530,0.000000,0.000000,0.016144,-0.285794,0.494065,1.299489,0.170668,0.000000,0.000000
1.555169,0.272466,0.843939,0.038151,-0.013314,0.724039,0.688575,0.057941,0.286640,0.022043,0.265879,-0.124518,0.087751,-0.033025,-0.254648,0.052659,0.316839,-0.278245,-0.082335,-0.003430,-0.000565,-0.066373,0.347015,-0.416588,1.344121,1.517469,0.000000,0.000000,0.012724,-0.290599,0.501083,1.294437,0.166991,0.000000,0.000000
1.571827,0.276260,0.847087,0.039616,-0.010580,0.722319,0.690344,0.059395,0.297102,0.038551,0.270842,-0.095548,0.089024,-0.035662,-0.240681,0.057028,0.327444,-0.304717,-0.078634,0.003447,-0.000898,-0.062261,0.348638,-0.399268,1.349788,1.507807,0.000000,0.000000,0.009929,-0.296093,0.509990,1.287713,0.164721,0.000000,0.000000
1.589308,0.279411,0.850248,0.041274,-0.008357,0.720270,0.692414,0.059079,0.306114,0.057145,0.278316,-0.076893,0.089253,-0.037940,-0.226165,0.060260,0.334657,-0.318282,-0.075209,0.010109,-0.001223,-0.057522,0.347856,-0.383318,1.350763,1.494482,0.000000,0.000000,0.008979,-0.302442,0.519249,1.279380,0.164005,0.000000,0.000000
1.605899,0.281939,0.853082,0.042864,-0.006965,0.718720,0.693942,0.056307,0.309506,0.070199,0.287256,-0.066363,0.088478,-0.038548,-0.212065,0.063495,0.337503,-0.324455,-0.072240,0.016840,-0.001514,-0.052669,0.342835,-0.374015,1.350327,1.483148,0.000000,0.000000,0.008988,-0.307553,0.526594,1.274299,0.165382,0.000000,0.000000
1.622019,0.284044,0.855899,0.044497,-0.006052,0.717567,0.695041,0.051267,0.307715,0.080040,0.298695,-0.060206,0.086589,-0.037475,-0.196941,0.066960,0.336917,-0.326592,-0.069258,0.024410,-0.001753,-0.047667,0.334479,-0.369008,1.349546,1.472538,0.000000,0.000000,0.009715,-0.312208,0.532750,1.271319,0.168207,0.000000,0.000000
1.636677,0.285824,0.858877,0.046477,-0.004704,0.717521,0.694969,0.043994,0.297672,0.086936,0.313056,-0.064399,0.082539,-0.034324,-0.183518,0.067878,0.331364,-0.323982,-0.066407,0.030981,-0.001935,-0.043606,0.322675,-0.371297,1.346647,1.467785,0.000000,0.000000,0.011531,-0.317732,0.536803,1.267375,0.173721,0.000000,0.000000
1.650801,0.287235,0.861696,0.048042,-0.003795,0.717361,0.695033,0.035405,0.281264,0.089759,0.331951,-0.075329,0.077250,-0.029883,-0.169609,0.068636,0.321830,-0.317070,-0.063476,0.037128,-0.001961,-0.040532,0.309110,-0.376975,1.343653,1.466199,0.000000,0.000000,0.014171,-0.322795,0.539577,1.264013,0.180617,0.000000,0.000000
1.663850,0.288283,0.864149,0.048810,-0.003766,0.716640,0.695723,0.026582,0.259055,0.084936,0.355234,-0.092016,0.071634,-0.024762,-0.154849,0.070972,0.308825,-0.305010,-0.060675,0.042654,-0.001926,-0.039113,0.294687,-0.385480,1.341750,1.468682,0.000000,0.000000,0.017327,-0.325383,0.540932,1.263547,0.188679,0.000000,0.000000
1.675637,0.289118,0.866397,0.049397,-0.003623,0.716751,0.695568,0.017704,0.231514,0.074467,0.377835,-0.111685,0.065515,-0.019275,-0.141042,0.070586,0.294374,-0.288673,-0.057726,0.047542,-0.001799,-0.038814,0.280666,-0.395605,1.339399,1.473995,0.000000,0.000000,0.021208,-0.326969,0.540281,1.262250,0.195450,0.000000,0.000000
1.686581,0.289744,0.868386,0.049826,-0.003385,0.717431,0.694838,0.009169,0.199729,0.060885,0.398901,-0.132613,0.058799,-0.013948,-0.128143,0.067653,0.279580,-0.269934,-0.054591,0.051756,-0.001692,-0.039096,0.267155,-0.406576,1.336455,1.480883,0.000000,0.000000,0.025556,-0.328137,0.538128,1.259766,0.200930,0.000000,0.000000
1.695798,0.290291,0.869980,0.049699,-0.003239,0.719190,0.693026,0.000742,0.160748,0.040141,0.418084,-0.153722,0.051467,-0.008858,-0.116265,0.063819,0.264486,-0.246976,-0.051624,0.052898,-0.001467,-0.039209,0.252696,-0.418357,1.330309,1.484870,0.000000,0.000000,0.030985,-0.327321,0.531038,1.257944,0.211170,0.000000,0.000000
1.704436,0.290620,0.871330,0.048726,-0.003026,0.720707,0.691518,-0.005570,0.121311,0.018836,0.430729,-0.172416,0.044237,-0.004986,-0.105103,0.059891,0.249451,-0.225252,-0.048678,0.052424,-0.001243,-0.039591,0.240117,-0.429387,1.324302,1.486149,0.000000,0.000000,0.035000,-0.325764,0.523414,1.256576,0.223531,0.000000,0.000000
1.712309,0.290857,0.873460,0.046379,-0.002604,0.721361,0.690999,-0.009479,0.082413,-0.002826,0.432843,-0.187593,0.037294,-0.002626,-0.093857,0.056579,0.233202,-0.206008,-0.045620,0.050709,-0.000979,-0.040502,0.230205,-0.439412,1.319317,1.483240,0.000000,0.000000,0.036303,-0.323703,0.515966,1.255972,0.239472,0.000000,0.000000
1.719906,0.290979,0.874850,0.044193,-0.002508,0.721811,0.690673,-0.011956,0.049483,-0.019976,0.427038,-0.199231,0.031229,-0.000878,-0.082765,0.053635,0.219118,-0.192161,-0.042523,0.047627,-0.000733,-0.042436,0.220607,-0.449638,1.319456,1.480889,0.000000,0.000000,0.034650,-0.320061,0.510725,1.257094,0.249554,0.000000,0.000000
1.726975,0.290983,0.875465,0.041923,-0.002554,0.722104,0.690508,-0.013135,0.020671,-0.034507,0.413297,-0.206473,0.025874,0.000162,-0.071814,0.050853,0.206861,-0.181756,-0.039413,0.043772,-0.000498,-0.045205,0.210888,-0.460323,1.322944,1.479164,0.000000,0.000000,0.030934,-0.315116,0.506748,1.259450,0.255781,0.000000,0.000000
1.734228,0.290694,0.875488,0.037630,-0.002414,0.723246,0.689560,-0.012158,-0.001466,-0.043716,0.383491,-0.209054,0.021396,-0.001349,-0.058809,0.049928,0.196090,-0.174707,-0.035992,0.039164,-0.000208,-0.050346,0.203712,-0.475968,1.327770,1.487879,0.000000,0.000000,0.024736,-0.309927,0.505047,1.262765,0.257389,0.000000,0.000000
1.741013,0.290601,0.875181,0.033721,-0.002456,0.724209,0.688752,-0.009103,-0.018432,-0.049042,0.352039,-0.206166,0.017695,-0.003720,-0.046552,0.049278,0.188806,-0.170062,-0.032811,0.035103,0.000013,-0.055073,0.198216,-0.490652,1.331985,1.499167,0.000000,0.000000,0.019346,-0.303980,0.503613,1.265478,0.256280,0.000000,0.000000
1.747599,0.290655,0.874668,0.030789,-0.002721,0.725128,0.687920,-0.005102,-0.029816,-0.048939,0.327311,-0.196794,0.014624,-0.006422,-0.035761,0.048112,0.186185,-0.167762,-0.029946,0.031457,0.000185,-0.058465,0.194782,-0.501887,1.334498,1.512290,0.000000,0.000000,0.016293,-0.297021,0.502289,1.266627,0.251201,0.000000,0.000000
1.754780,0.290904,0.873711,0.027427,-0.003226,0.725436,0.687736,-0.000658,-0.034723,-0.046445,0.304476,-0.186738,0.012889,-0.009756,-0.024673,0.048550,0.185493,-0.167186,-0.027260,0.028508,0.000304,-0.061280,0.194263,-0.511163,1.337638,1.523763,0.000000,0.000000,0.013812,-0.290002,0.504044,1.267157,0.246016,0.000000,0.000000
1.762131,0.291438,0.872292,0.023938,-0.003905,0.725385,0.687916,0.004337,-0.034600,-0.042569,0.281401,-0.176515,0.012252,-0.014094,-0.012903,0.050258,0.186991,-0.168394,-0.024629,0.025853,0.000380,-0.063824,0.195618,-0.520086,1.341509,1.534805,0.000000,0.000000,0.011535,-0.282492,0.508100,1.267385,0.240741,0.000000,0.000000
1.770675,0.292651,0.870677,0.023066,-0.005479,0.725006,0.688335,0.010402,-0.028610,-0.036880,0.267199,-0.174675,0.012861,-0.018529,-0.001833,0.054931,0.197407,-0.169406,-0.022730,0.023102,0.000417,-0.060931,0.198785,-0.526530,1.341428,1.543570,0.000000,0.000000,0.013257,-0.275022,0.512686,1.266838,0.237509,0.000000,0.000000
1.779331,0.293906,0.869736,0.022593,-0.007567,0.724896,0.688446,0.017260,-0.018785,-0.029839,0.256028,-0.174554,0.014223,-0.024065,0.008224,0.059445,0.217278,-0.170073,-0.021140,0.020061,0.000401,-0.055727,0.202887,-0.531356,1.340249,1.551512,0.000000,0.000000,0.016701,-0.267768,0.517581,1.266059,0.235479,0.000000,0.000000
1.788300,0.295055,0.870156,0.022672,-0.010565,0.725377,0.687897,0.025117,-0.006208,-0.021390,0.245506,-0.171841,0.016061,-0.030639,0.016688,0.061251,0.248591,-0.166891,-0.019595,0.016464,0.000336,-0.049444,0.207699,-0.533350,1.339375,1.558048,0.000000,0.000000,0.021009,-0.261502,0.522617,1.265420,0.235311,0.000000,0.000000
1.797040,0.295924,0.871402,0.024359,-0.014418,0.725399,0.687747,0.033619,0.006681,-0.012730,0.239037,-0.168376,0.017963,-0.038714,0.021372,0.054420,0.291909,-0.170228,-0.017567,0.012559,0.000291,-0.041724,0.213947,-0.533581,1.338392,1.563151,0.000000,0.000000,0.027516,-0.255520,0.527818,1.263137,0.237161,0.000000,0.000000
1.805851,0.296833,0.872875,0.026971,-0.018648,0.725489,0.687453,0.041938,0.019644,-0.004722,0.237378,-0.166276,0.020040,-0.047461,0.021908,0.040930,0.341412,-0.177839,-0.015409,0.008056,0.000288,-0.033333,0.220763,-0.533311,1.337654,1.567189,0.000000,0.000000,0.035673,-0.249848,0.532710,1.259709,0.240109,0.000000,0.000000
1.814792,0.296608,0.872723,0.030150,-0.023467,0.725983,0.686650,0.049398,0.032992,0.001629,0.238278,-0.166979,0.022528,-0.057793,0.016594,0.021514,0.395950,-0.184292,-0.013641,0.003053,0.000247,-0.024635,0.229392,-0.531351,1.333258,1.570009,0.000000,0.000000,0.044251,-0.244722,0.534400,1.254629,0.243129,0.000000,0.000000
1.824451,0.295301,0.872411,0.032707,-0.028057,0.727016,0.685267,0.055007,0.046876,0.006297,0.238580,-0.167162,0.025464,-0.068663,0.005794,0.002534,0.445915,-0.189270,-0.013262,-0.002973,0.000304,-0.017440,0.238761,-0.528478,1.327921,1.570521,0.000000,0.000000,0.051292,-0.240621,0.534315,1.249148,0.245770,0.000000,0.000000
1.834483,0.292985,0.872427,0.034211,-0.032263,0.728863,0.683042,0.059144,0.062000,0.009060,0.235906,-0.165353,0.029046,-0.079799,-0.011643,-0.014545,0.489652,-0.192737,-0.014915,-0.011076,0.000400,-0.012584,0.249509,-0.522981,1.322007,1.569672,0.000000,0.000000,0.055932,-0.237939,0.532024,1.243080,0.248090,0.000000,0.000000
1.844656,0.290356,0.872391,0.035046,-0.035811,0.731261,0.680255,0.061795,0.077450,0.011334,0.231278,-0.161669,0.032785,-0.090139,-0.033463,-0.029329,0.523371,-0.196091,-0.018076,-0.020294,0.000538,-0.009776,0.260701,-0.519186,1.316797,1.567070,0.000000,0.000000,0.057984,-0.235392,0.528484,1.240285,0.250644,0.000000,0.000000
1.854973,0.287943,0.871980,0.035625,-0.038877,0.733964,0.677139,0.063345,0.092956,0.013345,0.226361,-0.157403,0.036569,-0.098364,-0.058252,-0.042494,0.547969,-0.198269,-0.022265,-0.029880,0.000708,-0.008380,0.271645,-0.516976,1.312324,1.564062,0.000000,0.000000,0.058272,-0.232937,0.524071,1.240203,0.253462,0.000000,0.000000
1.865317,0.286262,0.870889,0.036243,-0.040724,0.736289,0.674468,0.063279,0.106709,0.014271,0.224167,-0.154650,0.040044,-0.103359,-0.085297,-0.050960,0.561996,-0.200540,-0.027935,-0.037450,0.000807,-0.007895,0.280079,-0.515997,1.309946,1.559055,0.000000,0.000000,0.058128,-0.231531,0.522098,1.242749,0.251866,0.000000,0.000000
1.876081,0.285135,0.869362,0.036475,-0.041686,0.738355,0.672134,0.062061,0.120167,0.013682,0.223145,-0.153244,0.043659,-0.104711,-0.113964,-0.056811,0.566931,-0.201458,-0.034506,-0.043829,0.000905,-0.008875,0.287720,-0.515214,1.307769,1.552887,0.000000,0.000000,0.056689,-0.231553,0.520596,1.246084,0.248829,0.000000,0.000000
1.887384,0.284643,0.867554,0.035812,-0.041283,0.739976,0.670410,0.059615,0.133043,0.010039,0.221644,-0.152618,0.047558,-0.102506,-0.142857,-0.058982,0.559927,-0.200357,-0.041794,-0.048029,0.000952,-0.012063,0.295018,-0.514265,1.304692,1.545623,0.000000,0.000000,0.053105,-0.233916,0.519376,1.249701,0.245001,0.000000,0.000000
1.899270,0.285100,0.865370,0.035420,-0.040020,0.741648,0.668657,0.056530,0.145255,0.005183,0.221464,-0.152267,0.051462,-0.097462,-0.171711,-0.056712,0.539150,-0.198086,-0.049799,-0.050074,0.000961,-0.016723,0.301018,-0.511398,1.301666,1.538344,0.000000,0.000000,0.048702,-0.237169,0.516527,1.254686,0.240690,0.000000,0.000000
1.911300,0.286610,0.862750,0.035362,-0.038173,0.743311,0.666920,0.053223,0.156593,-0.000175,0.222984,-0.152696,0.055216,-0.089668,-0.199830,-0.051879,0.507819,-0.194286,-0.057893,-0.050616,0.000938,-0.022071,0.305680,-0.507181,1.298753,1.531343,0.000000,0.000000,0.044052,-0.241214,0.512289,1.260651,0.236006,0.000000,0.000000
1.924548,0.289153,0.859624,0.035748,-0.034870,0.744291,0.665986,0.049410,0.166835,-0.006395,0.226506,-0.153520,0.058826,-0.080054,-0.222744,-0.042512,0.469488,-0.188141,-0.065243,-0.047850,0.000876,-0.028944,0.310253,-0.499180,1.298839,1.525138,0.000000,0.000000,0.038336,-0.245745,0.509636,1.266048,0.229695,0.000000,0.000000
1.937675,0.292352,0.855467,0.036542,-0.030937,0.745589,0.664684,0.045340,0.176028,-0.012458,0.231291,-0.156516,0.062110,-0.068206,-0.242712,-0.030465,0.428329,-0.182711,-0.072127,-0.043787,0.000769,-0.037101,0.314218,-0.492860,1.301280,1.519793,0.000000,0.000000,0.031826,-0.250568,0.506551,1.272367,0.224752,0.000000,0.000000
1.950956,0.296104,0.850310,0.037947,-0.026072,0.747950,0.662156,0.040861,0.183810,-0.018713,0.236618,-0.162730,0.064963,-0.054569,-0.259522,-0.015501,0.388059,-0.180983,-0.078549,-0.038737,0.000657,-0.047531,0.317401,-0.493012,1.307399,1.515720,0.000000,0.000000,0.024505,-0.255105,0.501365,1.280818,0.223987,0.000000,0.000000
1.964515,0.300761,0.845917,0.038824,-0.021746,0.749267,0.660771,0.037413,0.192201,-0.022430,0.242000,-0.166509,0.067625,-0.041901,-0.269301,-0.003074,0.355448,-0.181316,-0.082620,-0.031838,0.000448,-0.056319,0.318396,-0.491681,1.314506,1.512964,0.000000,0.000000,0.018386,-0.259816,0.498486,1.286876,0.221343,0.000000,0.000000
1.978354,0.305774,0.842214,0.039188,-0.017912,0.749807,0.660252,0.035022,0.201188,-0.023802,0.246486,-0.167213,0.070153,-0.031778,-0.272804,0.007947,0.331321,-0.184113,-0.084822,-0.023981,0.000215,-0.063018,0.318539,-0.487496,1.321479,1.511498,0.000000,0.000000,0.013238,-0.264326,0.498070,1.290583,0.216571,0.000000,0.000000
1.992808,0.311610,0.840466,0.039076,-0.015330,0.750571,0.659456,0.034436,0.213167,-0.022778,0.249841,-0.165357,0.073191,-0.022601,-0.270703,0.023760,0.313549,-0.196758,-0.086168,-0.015423,-0.000034,-0.066401,0.319856,-0.480002,1.329859,1.510925,0.000000,0.000000,0.009148,-0.268639,0.501033,1.292064,0.210882,0.000000,0.000000
2.006851,0.316644,0.842746,0.039151,-0.012560,0.750539,0.659546,0.034963,0.224986,-0.019253,0.250418,-0.159515,0.075861,-0.017238,-0.265152,0.037891,0.304352,-0.219543,-0.086026,-0.007134,-0.000335,-0.067100,0.321502,-0.469856,1.337248,1.509255,0.000000,0.000000,0.005392,-0.272580,0.506299,1.290714,0.204522,0.000000,0.000000
2.020237,0.320763,0.845582,0.039622,-0.009455,0.749172,0.661122,0.036325,0.236152,-0.011327,0.248097,-0.147759,0.077760,-0.015323,-0.256797,0.046381,0.301577,-0.257872,-0.083566,0.000989,-0.000675,-0.065224,0.322801,-0.455639,1.343948,1.503956,0.000000,0.000000,0.001143,-0.276114,0.514501,1.284773,0.195607,0.000000,0.000000
2.033979,0.324185,0.848034,0.039774,-0.007105,0.748363,0.662058,0.037761,0.247487,0.001102,0.243917,-0.125077,0.079244,-0.016097,-0.246129,0.052183,0.303532,-0.287570,-0.080340,0.008049,-0.000990,-0.062353,0.323440,-0.440146,1.350391,1.497382,0.000000,0.000000,-0.003516,-0.280441,0.522745,1.279191,0.188285,0.000000,0.000000
2.047982,0.327124,0.850309,0.039698,-0.005204,0.747761,0.662760,0.038225,0.258787,0.016498,0.238817,-0.093927,0.080472,-0.018346,-0.233925,0.057173,0.306837,-0.307892,-0.077091,0.014711,-0.001326,-0.059155,0.323758,-0.424138,1.357009,1.490285,0.000000,0.000000,-0.008523,-0.285278,0.530801,1.274462,0.182438,0.000000,0.000000
2.062416,0.329461,0.852947,0.040267,-0.003798,0.746223,0.664467,0.036917,0.269972,0.033886,0.234789,-0.079836,0.080894,-0.019754,-0.221099,0.060097,0.306876,-0.317232,-0.073917,0.020916,-0.001595,-0.055372,0.320561,-0.414179,1.360951,1.481615,0.000000,0.000000,-0.011596,-0.290583,0.537698,1.269587,0.180293,0.000000,0.000000
2.076152,0.331387,0.855532,0.040875,-0.002347,0.745100,0.665695,0.034210,0.277061,0.049374,0.231760,-0.071966,0.080209,-0.020530,-0.208720,0.061602,0.304956,-0.321898,-0.070904,0.027001,-0.001836,-0.051988,0.315963,-0.407286,1.363681,1.473026,0.000000,0.000000,-0.012993,-0.296515,0.543558,1.264215,0.179617,0.000000,0.000000
2.088563,0.332864,0.857832,0.041625,-0.000720,0.744995,0.665770,0.030842,0.276777,0.059261,0.228961,-0.069569,0.078282,-0.020829,-0.198490,0.060783,0.302412,-0.323150,-0.068213,0.032108,-0.002035,-0.049456,0.310111,-0.404006,1.364475,1.465864,0.000000,0.000000,-0.012040,-0.303290,0.547794,1.258408,0.180371,0.000000,0.000000
2.099991,0.334058,0.860152,0.042835,0.000379,0.745586,0.665031,0.025911,0.269485,0.065817,0.230492,-0.072034,0.074916,-0.019809,-0.187804,0.058939,0.298192,-0.320612,-0.065437,0.036943,-0.002152,-0.046588,0.300759,-0.405780,1.361927,1.461205,0.000000,0.000000,-0.010009,-0.310822,0.551251,1.253737,0.182629,0.000000,0.000000
2.110742,0.334922,0.862371,0.044236,0.001166,0.746603,0.663796,0.019850,0.256113,0.069097,0.237410,-0.079585,0.070444,-0.017583,-0.177234,0.056571,0.292367,-0.314585,-0.062757,0.041044,-0.002130,-0.043504,0.289028,-0.411883,1.356572,1.459305,0.000000,0.000000,-0.007449,-0.318238,0.553839,1.250739,0.185968,0.000000,0.000000
2.120092,0.335438,0.864346,0.045462,0.002093,0.747547,0.662648,0.014057,0.237962,0.067113,0.247245,-0.090528,0.065629,-0.015087,-0.168333,0.054043,0.285358,-0.306063,-0.060510,0.043461,-0.001997,-0.041444,0.277973,-0.418598,1.350855,1.460706,0.000000,0.000000,-0.004488,-0.324370,0.554001,1.247984,0.189676,0.000000,0.000000
2.128831,0.335836,0.866129,0.046430,0.002571,0.748669,0.661311,0.008243,0.214770,0.061410,0.262403,-0.105028,0.060222,-0.012063,-0.158970,0.051176,0.277072,-0.294973,-0.058184,0.045260,-0.001758,-0.039747,0.266258,-0.426599,1.345536,1.464327,0.000000,0.000000,-0.000719,-0.329088,0.552769,1.247711,0.194972,0.000000,0.000000
2.136672,0.336153,0.867524,0.046932,0.002275,0.750024,0.659739,0.002796,0.188186,0.050907,0.283378,-0.120210,0.054919,-0.008619,-0.149409,0.048313,0.268276,-0.281469,-0.055863,0.046724,-0.001515,-0.038812,0.254581,-0.436081,1.342620,1.470611,0.000000,0.000000,0.003779,-0.330208,0.549725,1.253804,0.203153,0.000000,0.000000
2.143610,0.336121,0.868727,0.046601,0.002097,0.751399,0.658197,-0.002049,0.158386,0.034874,0.299281,-0.135097,0.049729,-0.005786,-0.140023,0.044326,0.258117,-0.265579,-0.053392,0.046921,-0.001258,-0.038893,0.242826,-0.445705,1.338046,1.474865,0.000000,0.000000,0.008324,-0.330291,0.545818,1.257914,0.209983,0.000000,0.000000
2.149749,0.335937,0.869780,0.045807,0.001957,0.752782,0.656671,-0.005594,0.127678,0.016045,0.309195,-0.148477,0.044790,-0.003232,-0.131163,0.039543,0.246790,-0.248528,-0.050867,0.045998,-0.001025,-0.039450,0.231421,-0.454779,1.332079,1.477177,0.000000,0.000000,0.012796,-0.330077,0.541755,1.259460,0.215200,0.000000,0.000000
2.155340,0.335528,0.870709,0.044547,0.001751,0.753426,0.656020,-0.007807,0.098754,-0.000916,0.318276,-0.159561,0.040082,-0.000967,-0.122667,0.035457,0.233745,-0.233093,-0.048431,0.043423,-0.000701,-0.041530,0.221474,-0.464806,1.329209,1.477608,0.000000,0.000000,0.014769,-0.326823,0.532810,1.260541,0.227171,0.000000,0.000000
2.160212,0.334808,0.871378,0.042885,0.001572,0.754475,0.654924,-0.008458,0.072167,-0.015824,0.319410,-0.168311,0.035619,0.000269,-0.114629,0.032520,0.221967,-0.220481,-0.046164,0.040111,-0.000401,-0.045009,0.212139,-0.475636,1.328252,1.479365,0.000000,0.000000,0.014202,-0.322077,0.524365,1.263526,0.237583,0.000000,0.000000
2.164541,0.333713,0.871664,0.040612,0.001431,0.756371,0.652879,-0.007350,0.049841,-0.027232,0.306779,-0.174773,0.031586,-0.000265,-0.106922,0.031806,0.213473,-0.213330,-0.044206,0.035610,-0.000158,-0.050418,0.203611,-0.487117,1.329925,1.484839,0.000000,0.000000,0.009439,-0.315765,0.519067,1.270648,0.241772,0.000000,0.000000
2.168755,0.332627,0.871725,0.037741,0.000780,0.757517,0.651724,-0.005294,0.031815,-0.036997,0.289081,-0.177591,0.028409,-0.001490,-0.098125,0.033386,0.205307,-0.208522,-0.042270,0.031146,0.000102,-0.056585,0.196047,-0.499008,1.332073,1.488746,0.000000,0.000000,0.003407,-0.308911,0.515933,1.277174,0.245377,0.000000,0.000000
2.172509,0.331567,0.871642,0.034606,-0.000126,0.758247,0.651048,-0.003030,0.018344,-0.045470,0.270800,-0.178706,0.026215,-0.002865,-0.089370,0.036232,0.197294,-0.204991,-0.040509,0.027142,0.000315,-0.062667,0.189426,-0.510730,1.334175,1.491015,0.000000,0.000000,-0.002712,-0.302155,0.514068,1.282558,0.249010,0.000000,0.000000
2.176360,0.330570,0.871526,0.032206,-0.001195,0.759686,0.649491,-0.000908,0.010939,-0.048693,0.257374,-0.174803,0.024794,-0.003836,-0.081419,0.038119,0.191316,-0.201966,-0.038827,0.024565,0.000488,-0.067594,0.184269,-0.521247,1.336547,1.496026,0.000000,0.000000,-0.006770,-0.294123,0.510672,1.287225,0.252614,0.000000,0.000000
2.179653,0.329669,0.871426,0.030037,-0.001933,0.760793,0.648297,0.001194,0.007069,-0.050392,0.244702,-0.170703,0.024042,-0.005063,-0.074448,0.040109,0.186439,-0.199430,-0.037411,0.022638,0.000627,-0.071854,0.179418,-0.530541,1.338903,1.501288,0.000000,0.000000,-0.010196,-0.285615,0.507424,1.291402,0.256306,0.000000,0.000000
2.182839,0.329007,0.871368,0.028243,-0.002163,0.761273,0.647813,0.003168,0.006760,-0.050658,0.232925,-0.168271,0.023970,-0.006626,-0.068993,0.042568,0.183160,-0.197723,-0.036441,0.021433,0.000698,-0.074848,0.175315,-0.536505,1.340934,1.505416,0.000000,0.000000,-0.012760,-0.277339,0.505707,1.294399,0.259814,0.000000,0.000000
2.185646,0.328636,0.871377,0.027345,-0.002344,0.761675,0.647378,0.005007,0.007967,-0.048385,0.223534,-0.167116,0.023864,-0.008076,-0.064705,0.044105,0.181715,-0.197361,-0.035618,0.020409,0.000779,-0.076752,0.172129,-0.539187,1.342135,1.510658,0.000000,0.000000,-0.013682,-0.269549,0.505093,1.295572,0.262634,0.000000,0.000000
2.188102,0.328399,0.871414,0.026940,-0.002430,0.762074,0.646924,0.006708,0.010104,-0.043995,0.215907,-0.166991,0.023645,-0.009454,-0.061159,0.044778,0.181553,-0.198046,-0.034845,0.019326,0.000782,-0.077959,0.169417,-0.539549,1.342670,1.517347,0.000000,0.000000,-0.013327,-0.261831,0.505217,1.295337,0.265021,0.000000,0.000000
2.190170,0.328049,0.871541,0.026617,-0.001822,0.762506,0.646431,0.007915,0.011619,-0.041690,0.209465,-0.166203,0.023611,-0.010613,-0.059253,0.044995,0.181233,-0.198033,-0.034408,0.018708,0.000789,-0.079022,0.167489,-0.540090,1.343066,1.522067,0.000000,0.000000,-0.012956,-0.256055,0.505356,1.294517,0.266347,0.000000,0.000000
2.191887,0.327792,0.871708,0.026609,-0.001202,0.762955,0.645902,0.009075,0.012950,-0.039556,0.203050,-0.165316,0.023554,-0.011776,-0.057911,0.044933,0.181093,-0.197965,-0.034065,0.018014,0.000789,-0.080101,0.165563,-0.540760,1.343509,1.527011,0.000000,0.000000,-0.012427,-0.250207,0.505522,1.293513,0.267883,0.000000,0.000000
2.193229,0.327751,0.871882,0.027111,-0.000716,0.763291,0.645486,0.010295,0.013823,-0.036958,0.197625,-0.164546,0.023310,-0.012827,-0.057258,0.044603,0.182028,-0.198550,-0.033853,0.017217,0.000786,-0.080980,0.163882,-0.541317,1.344084,1.532552,0.000000,0.000000,-0.011686,-0.244559,0.505723,1.292838,0.270215,0.000000,0.000000
2.194437,0.327863,0.871945,0.027383,-0.000203,0.763723,0.644962,0.011670,0.014491,-0.035336,0.192254,-0.163899,0.023182,-0.014005,-0.056960,0.044279,0.184234,-0.199837,-0.033725,0.016398,0.000779,-0.081450,0.162989,-0.542057,1.344542,1.536673,0.000000,0.000000,-0.010739,-0.240047,0.506814,1.292459,0.271805,0.000000,0.000000
2.195558,0.328127,0.871872,0.027477,0.000286,0.764207,0.644385,0.014029,0.015464,-0.034260,0.184051,-0.162784,0.023211,-0.015902,-0.056710,0.043912,0.188699,-0.202471,-0.033599,0.015283,0.000776,-0.081717,0.162627,-0.543307,1.344977,1.540579,0.000000,0.000000,-0.009310,-0.234967,0.509208,1.292149,0.272957,0.000000,0.000000
