0.000000,0.000000,0.876799,0.043911,0.002226,0.754542,0.654777,0.028309,0.033549,-0.040822,0.175157,-0.078664,0.029696,0.011011,-0.050488,0.042214,0.138042,-0.142901,-0.032531,0.054950,-0.001330,-0.081137,0.169854,-0.481280,1.303305,1.507090,0.000000,0.000000,-0.015961,-0.204133,0.625714,1.222794,0.252766,0.000000,0.000000
0.000036,-0.001300,0.876831,0.043619,0.002828,0.755017,0.654246,0.028006,0.033498,-0.041036,0.175483,-0.078729,0.029723,0.010783,-0.050591,0.041990,0.138218,-0.142962,-0.032524,0.054701,-0.001368,-0.081437,0.169833,-0.481313,1.304327,1.508025,0.000000,0.000000,-0.016208,-0.204105,0.626395,1.223667,0.253207,0.000000,0.000000
0.000010,-0.001789,0.876850,0.043633,0.002977,0.755063,0.654192,0.027607,0.033414,-0.041256,0.175953,-0.078773,0.029742,0.010498,-0.050715,0.041726,0.138435,-0.143010,-0.032517,0.054464,-0.001407,-0.081811,0.169727,-0.481328,1.305363,1.508915,0.000000,0.000000,-0.016491,-0.204072,0.627086,1.224509,0.253530,0.000000,0.000000
-0.000032,-0.001997,0.876867,0.043809,0.002955,0.755127,0.654107,0.027187,0.033310,-0.041487,0.176532,-0.078814,0.029757,0.010220,-0.050852,0.041470,0.138703,-0.143075,-0.032514,0.054273,-0.001442,-0.082206,0.169579,-0.481386,1.306335,1.509744,0.000000,0.000000,-0.016751,-0.204026,0.627775,1.225300,0.253791,0.000000,0.000000
-0.000084,-0.002104,0.876884,0.044062,0.002867,0.755226,0.653976,0.026772,0.033189,-0.041740,0.177211,-0.078860,0.029771,0.009974,-0.051000,0.041234,0.139025,-0.143167,-0.032516,0.054128,-0.001480,-0.082601,0.169403,-0.481503,1.307219,1.510502,0.000000,0.000000,-0.016977,-0.203968,0.628469,1.226040,0.254026,0.000000,0.000000
-0.000163,-0.002147,0.876909,0.044299,0.002858,0.755159,0.654037,0.026363,0.033039,-0.042021,0.177988,-0.078930,0.029782,0.009761,-0.051171,0.041054,0.139357,-0.143310,-0.032532,0.054010,-0.001521,-0.082956,0.169248,-0.481573,1.307993,1.511146,0.000000,0.000000,-0.017182,-0.203937,0.629085,1.226678,0.254319,0.000000,0.000000
-0.000232,-0.002164,0.876924,0.044467,0.002848,0.755138,0.654049,0.025963,0.032874,-0.042322,0.178830,-0.079032,0.029792,0.009584,-0.051352,0.040931,0.139681,-0.143496,-0.032561,0.053915,-0.001552,-0.083275,0.169129,-0.481593,1.308645,1.511702,0.000000,0.000000,-0.017355,-0.203942,0.629636,1.227197,0.254637,0.000000,0.000000
-0.000268,-0.002159,0.876918,0.044494,0.002835,0.755216,0.653958,0.025575,0.032721,-0.042638,0.179672,-0.079182,0.029808,0.009431,-0.051523,0.040874,0.139980,-0.143716,-0.032598,0.053838,-0.001573,-0.083567,0.169067,-0.481561,1.309151,1.512211,0.000000,0.000000,-0.017478,-0.203994,0.630136,1.227559,0.254914,0.000000,0.000000
-0.000260,-0.002159,0.876901,0.044443,0.002817,0.755293,0.653872,0.025207,0.032593,-0.042986,0.180461,-0.079370,0.029837,0.009291,-0.051669,0.040877,0.140250,-0.143964,-0.032636,0.053768,-0.001600,-0.083829,0.169063,-0.481466,1.309516,1.512593,0.000000,0.000000,-0.017567,-0.204077,0.630571,1.227805,0.255193,0.000000,0.000000
-0.000221,-0.002145,0.876877,0.044347,0.002788,0.755368,0.653793,0.024862,0.032496,-0.043373,0.181177,-0.079591,0.029880,0.009163,-0.051784,0.040932,0.140489,-0.144236,-0.032674,0.053701,-0.001610,-0.084061,0.169119,-0.481308,1.309750,1.512815,0.000000,0.000000,-0.017638,-0.204177,0.630942,1.227961,0.255497,0.000000,0.000000
-0.000159,-0.002062,0.876838,0.044191,0.002706,0.755447,0.653713,0.024532,0.032448,-0.043775,0.181862,-0.079831,0.029939,0.009053,-0.051848,0.041024,0.140692,-0.144491,-0.032704,0.053644,-0.001633,-0.084232,0.169207,-0.481120,1.309851,1.513000,0.000000,0.000000,-0.017662,-0.204257,0.631239,1.228043,0.255725,0.000000,0.000000
-0.000105,-0.001966,0.876806,0.044064,0.002645,0.755515,0.653642,0.024213,0.032434,-0.044193,0.182532,-0.080086,0.030010,0.008961,-0.051877,0.041153,0.140860,-0.144734,-0.032732,0.053595,-0.001643,-0.084345,0.169324,-0.480913,1.309849,1.513144,0.000000,0.000000,-0.017650,-0.204315,0.631457,1.228082,0.255900,0.000000,0.000000
-0.000065,-0.001867,0.876790,0.043996,0.002632,0.755568,0.653586,0.023902,0.032437,-0.044625,0.183197,-0.080335,0.030088,0.008888,-0.051886,0.041319,0.140997,-0.144976,-0.032760,0.053544,-0.001660,-0.084407,0.169462,-0.480702,1.309791,1.513223,0.000000,0.000000,-0.017622,-0.204346,0.631587,1.228129,0.256065,0.000000,0.000000
0.000006,-0.001765,0.876772,0.043868,0.002662,0.755608,0.653548,0.023599,0.032461,-0.045062,0.183827,-0.080558,0.030173,0.008827,-0.051875,0.041518,0.141088,-0.145194,-0.032787,0.053497,-0.001675,-0.084426,0.169612,-0.480459,1.309691,1.513279,0.000000,0.000000,-0.017580,-0.204355,0.631648,1.228153,0.256160,0.000000,0.000000
0.000109,-0.001661,0.876754,0.043705,0.002712,0.755638,0.653524,0.023306,0.032510,-0.045498,0.184406,-0.080743,0.030264,0.008776,-0.051840,0.041747,0.141121,-0.145373,-0.032814,0.053455,-0.001684,-0.084407,0.169776,-0.480169,1.309546,1.513332,0.000000,0.000000,-0.017523,-0.204345,0.631652,1.228142,0.256161,0.000000,0.000000
0.000263,-0.001565,0.876743,0.043559,0.002781,0.755682,0.653483,0.023023,0.032580,-0.045926,0.184933,-0.080876,0.030360,0.008741,-0.051784,0.041985,0.141079,-0.145505,-0.032835,0.053415,-0.001696,-0.084373,0.169957,-0.479865,1.309379,1.513359,0.000000,0.000000,-0.017461,-0.204315,0.631600,1.228121,0.256145,0.000000,0.000000
0.000442,-0.001470,0.876740,0.043457,0.002847,0.755732,0.653431,0.022749,0.032671,-0.046348,0.185412,-0.080960,0.030460,0.008719,-0.051712,0.042225,0.140981,-0.145595,-0.032854,0.053380,-0.001698,-0.084325,0.170155,-0.479561,1.309192,1.513360,0.000000,0.000000,-0.017394,-0.204261,0.631494,1.228100,0.256148,0.000000,0.000000
0.000644,-0.001377,0.876747,0.043435,0.002903,0.755790,0.653365,0.022493,0.032773,-0.046772,0.185854,-0.081004,0.030564,0.008709,-0.051634,0.042467,0.140863,-0.145658,-0.032872,0.053350,-0.001699,-0.084265,0.170379,-0.479283,1.308991,1.513338,0.000000,0.000000,-0.017324,-0.204173,0.631325,1.228104,0.256224,0.000000,0.000000
0.000870,-0.001256,0.876762,0.043547,0.002891,0.755946,0.653177,0.022256,0.032880,-0.047188,0.186306,-0.080988,0.030668,0.008715,-0.051553,0.042684,0.140789,-0.145693,-0.032885,0.053326,-0.001704,-0.084197,0.170630,-0.479024,1.308814,1.513266,0.000000,0.000000,-0.017236,-0.204044,0.631080,1.228164,0.256406,0.000000,0.000000
0.001128,-0.001142,0.876779,0.043726,0.002851,0.756158,0.652920,0.022038,0.032991,-0.047596,0.186784,-0.080907,0.030772,0.008733,-0.051469,0.042864,0.140789,-0.145704,-0.032891,0.053307,-0.001701,-0.084127,0.170905,-0.478780,1.308676,1.513137,0.000000,0.000000,-0.017123,-0.203879,0.630758,1.228298,0.256700,0.000000,0.000000
0.001459,-0.001089,0.876799,0.043822,0.002921,0.756382,0.652654,0.021835,0.033109,-0.048034,0.187212,-0.080797,0.030883,0.008741,-0.051380,0.043027,0.140838,-0.145724,-0.032895,0.053274,-0.001698,-0.084060,0.171222,-0.478569,1.308508,1.513111,0.000000,0.000000,-0.017012,-0.203683,0.630265,1.228431,0.257004,0.000000,0.000000
0.001798,-0.001005,0.876823,0.043963,0.002996,0.756632,0.652355,0.021649,0.033225,-0.048495,0.187614,-0.080654,0.030998,0.008746,-0.051291,0.043157,0.140949,-0.145762,-0.032892,0.053236,-0.001694,-0.083993,0.171575,-0.478390,1.308332,1.513184,0.000000,0.000000,-0.016879,-0.203447,0.629613,1.228563,0.257301,0.000000,0.000000
0.002118,-0.000849,0.876858,0.044205,0.003070,0.756938,0.651983,0.021474,0.033325,-0.048961,0.188045,-0.080473,0.031110,0.008759,-0.051210,0.043224,0.141150,-0.145832,-0.032882,0.053207,-0.001695,-0.083926,0.171957,-0.478245,1.308193,1.513353,0.000000,0.000000,-0.016672,-0.203160,0.628812,1.228699,0.257569,0.000000,0.000000
0.002426,-0.000694,0.876893,0.044641,0.003071,0.757310,0.651521,0.021161,0.033463,-0.049813,0.189042,-0.080044,0.031304,0.008799,-0.051104,0.043257,0.141835,-0.146040,-0.032864,0.053163,-0.001679,-0.083813,0.172702,-0.477922,1.308010,1.513726,0.000000,0.000000,-0.016175,-0.202503,0.627069,1.229031,0.257992,0.000000,0.000000
0.002718,-0.000541,0.876929,0.045181,0.003042,0.757715,0.651013,0.020890,0.033522,-0.050535,0.190182,-0.079571,0.031459,0.008840,-0.051063,0.043214,0.142827,-0.146324,-0.032854,0.053124,-0.001665,-0.083728,0.173386,-0.477524,1.307919,1.514054,0.000000,0.000000,-0.015646,-0.201800,0.625307,1.229432,0.258285,0.000000,0.000000
0.002959,-0.000340,0.876953,0.045774,0.003067,0.758073,0.650555,0.020548,0.033451,-0.051514,0.192040,-0.078776,0.031629,0.008892,-0.051132,0.043090,0.144689,-0.146888,-0.032868,0.053035,-0.001663,-0.083592,0.174277,-0.476913,1.308056,1.514375,0.000000,0.000000,-0.014767,-0.200760,0.622747,1.230058,0.258860,0.000000,0.000000
0.003150,-0.000052,0.876962,0.046381,0.003043,0.758522,0.649988,0.020224,0.033262,-0.052385,0.194147,-0.078044,0.031753,0.008977,-0.051289,0.042881,0.146790,-0.147578,-0.032892,0.052976,-0.001667,-0.083423,0.175035,-0.476437,1.308302,1.514536,0.000000,0.000000,-0.013712,-0.199787,0.620350,1.230624,0.259626,0.000000,0.000000
0.003263,0.000344,0.876931,0.047008,0.002927,0.759158,0.649200,0.019741,0.032914,-0.053423,0.197481,-0.077355,0.031874,0.009212,-0.051558,0.042414,0.149717,-0.148625,-0.032913,0.053044,-0.001694,-0.083099,0.175878,-0.476274,1.308477,1.514572,0.000000,0.000000,-0.011848,-0.198640,0.617438,1.231151,0.261027,0.000000,0.000000
0.003235,0.000767,0.876916,0.047708,0.002880,0.759775,0.648427,0.019215,0.032382,-0.054386,0.201211,-0.076998,0.031934,0.009523,-0.051966,0.041838,0.152681,-0.149830,-0.032957,0.053146,-0.001717,-0.082680,0.176531,-0.476307,1.308646,1.514325,0.000000,0.000000,-0.009700,-0.197786,0.614823,1.231351,0.262462,0.000000,0.000000
0.003088,0.001224,0.876908,0.048451,0.002865,0.760381,0.647662,0.018616,0.031660,-0.055321,0.205382,-0.076971,0.031938,0.009898,-0.052546,0.041186,0.155692,-0.151198,-0.033030,0.053215,-0.001753,-0.082174,0.177037,-0.476374,1.308875,1.513815,0.000000,0.000000,-0.007343,-0.197202,0.612413,1.231248,0.263826,0.000000,0.000000
0.002744,0.001782,0.876856,0.049311,0.002602,0.760965,0.646911,0.017786,0.030600,-0.056313,0.211558,-0.077230,0.031880,0.010592,-0.053376,0.040211,0.159378,-0.152875,-0.033126,0.053449,-0.001782,-0.081233,0.177420,-0.476744,1.308982,1.512923,0.000000,0.000000,-0.003993,-0.196870,0.609748,1.230757,0.265274,0.000000,0.000000
0.002151,0.002444,0.876800,0.050396,0.002285,0.761522,0.646173,0.016673,0.029107,-0.057354,0.219937,-0.077857,0.031729,0.011616,-0.054550,0.038993,0.163693,-0.154864,-0.033281,0.053820,-0.001820,-0.079788,0.177493,-0.477301,1.309023,1.511930,0.000000,0.000000,0.000179,-0.196892,0.606967,1.229909,0.266735,0.000000,0.000000
0.001204,0.003201,0.876754,0.051874,0.001894,0.762024,0.645465,0.015271,0.026918,-0.058548,0.230906,-0.078659,0.031443,0.013005,-0.056276,0.037598,0.168829,-0.157272,-0.033559,0.054255,-0.001875,-0.077711,0.176944,-0.477802,1.309171,1.511322,0.000000,0.000000,0.005026,-0.197369,0.604119,1.228800,0.268265,0.000000,0.000000
-0.000066,0.004027,0.876704,0.053464,0.001480,0.762512,0.644759,0.013234,0.023770,-0.059733,0.245711,-0.078756,0.030937,0.015110,-0.058736,0.035791,0.174143,-0.159644,-0.033973,0.054892,-0.001922,-0.074828,0.175338,-0.477768,1.309513,1.511118,0.000000,0.000000,0.011188,-0.198714,0.600100,1.226918,0.270677,0.000000,0.000000
-0.001691,0.004977,0.876718,0.055176,0.001074,0.763001,0.644037,0.010728,0.020467,-0.060604,0.261504,-0.078284,0.030340,0.017655,-0.061485,0.033907,0.178065,-0.161239,-0.034446,0.055605,-0.001939,-0.071791,0.173034,-0.477203,1.309952,1.511269,0.000000,0.000000,0.017455,-0.200659,0.595573,1.224565,0.273553,0.000000,0.000000
-0.004092,0.006185,0.876784,0.057671,0.000463,0.763301,0.643463,0.007200,0.015646,-0.061796,0.283992,-0.073879,0.029472,0.021720,-0.065949,0.031949,0.182482,-0.162499,-0.035374,0.056889,-0.001963,-0.067217,0.168976,-0.475389,1.310978,1.511545,0.000000,0.000000,0.025857,-0.204231,0.588892,1.221853,0.277377,0.000000,0.000000
-0.006862,0.007560,0.876913,0.060475,-0.000160,0.763684,0.642752,0.003217,0.011029,-0.062265,0.308678,-0.069380,0.028528,0.026323,-0.070908,0.030213,0.186127,-0.163273,-0.036479,0.058300,-0.001956,-0.062332,0.164316,-0.473225,1.311628,1.511819,0.000000,0.000000,0.034303,-0.208354,0.582105,1.219402,0.281053,0.000000,0.000000
-0.009904,0.009003,0.877070,0.063675,-0.000861,0.764202,0.641826,-0.001865,0.006357,-0.061171,0.340689,-0.065895,0.027308,0.032048,-0.076855,0.028379,0.189635,-0.163733,-0.037846,0.060081,-0.001916,-0.056432,0.158356,-0.470583,1.311246,1.512040,0.000000,0.000000,0.044097,-0.213469,0.574327,1.216938,0.285122,0.000000,0.000000
-0.012713,0.010435,0.877259,0.067334,-0.001656,0.764930,0.640582,-0.007531,0.004003,-0.055272,0.379532,-0.068257,0.025816,0.037995,-0.082674,0.025927,0.193397,-0.163978,-0.039112,0.061614,-0.001824,-0.049858,0.151966,-0.467760,1.310052,1.511039,0.000000,0.000000,0.053639,-0.219032,0.565660,1.215950,0.289927,0.000000,0.000000
-0.015466,0.011725,0.877448,0.071235,-0.002389,0.765748,0.639179,-0.014845,0.003118,-0.045815,0.427911,-0.077000,0.024049,0.044039,-0.088844,0.022866,0.197886,-0.164208,-0.040389,0.063118,-0.001699,-0.042610,0.144933,-0.464791,1.308323,1.509042,0.000000,0.000000,0.063272,-0.225196,0.555864,1.216095,0.295547,0.000000,0.000000
-0.019127,0.012188,0.877509,0.075659,-0.003714,0.767079,0.637066,-0.026558,0.000965,-0.032870,0.496833,-0.080692,0.021237,0.050433,-0.096267,0.019848,0.204342,-0.164690,-0.042052,0.065182,-0.001544,-0.033086,0.137039,-0.461277,1.302832,1.503532,0.000000,0.000000,0.075531,-0.232988,0.543807,1.214520,0.303068,0.000000,0.000000
-0.023154,0.012705,0.877554,0.080050,-0.004860,0.768106,0.635281,-0.038855,-0.001151,-0.020126,0.567278,-0.080131,0.018341,0.056126,-0.103933,0.017203,0.211344,-0.165910,-0.043851,0.067581,-0.001373,-0.023690,0.130597,-0.458574,1.297290,1.498001,0.000000,0.000000,0.086743,-0.240860,0.532203,1.213349,0.311171,0.000000,0.000000
-0.027836,0.012971,0.877605,0.084452,-0.005680,0.768849,0.633803,-0.051962,-0.003615,-0.007807,0.640896,-0.071988,0.015276,0.061383,-0.113046,0.014161,0.218656,-0.167597,-0.045969,0.070392,-0.001216,-0.013924,0.126222,-0.457706,1.292397,1.493265,0.000000,0.000000,0.097219,-0.250002,0.520104,1.212845,0.321036,0.000000,0.000000
-0.032645,0.012829,0.877672,0.088643,-0.006156,0.769415,0.632538,-0.065644,-0.004705,0.004336,0.718575,-0.060509,0.012477,0.065760,-0.122878,0.010740,0.225554,-0.170245,-0.048181,0.073486,-0.001130,-0.005339,0.125653,-0.457821,1.288374,1.492334,0.000000,0.000000,0.106438,-0.259609,0.510044,1.213294,0.325484,0.000000,0.000000
-0.037673,0.012216,0.877731,0.092599,-0.006396,0.769890,0.631390,-0.080047,-0.004297,0.016712,0.798517,-0.046669,0.009908,0.069401,-0.133281,0.007099,0.232043,-0.173276,-0.050483,0.076717,-0.001030,0.002265,0.127461,-0.458361,1.284856,1.493745,0.000000,0.000000,0.114697,-0.269413,0.501283,1.214394,0.326376,0.000000,0.000000
-0.042743,0.012360,0.878055,0.096678,-0.005630,0.770105,0.630524,-0.092358,-0.003636,0.027095,0.862657,-0.039327,0.007745,0.073375,-0.144458,0.004062,0.236328,-0.175376,-0.053095,0.080426,-0.001042,0.007580,0.134168,-0.458747,1.283351,1.493785,0.000000,0.000000,0.122492,-0.278957,0.494764,1.215191,0.327989,0.000000,0.000000
-0.048083,0.011479,0.878359,0.100630,-0.004788,0.770424,0.629521,-0.105842,-0.001044,0.035750,0.921587,-0.032414,0.006479,0.076554,-0.156303,0.001118,0.240334,-0.176391,-0.055901,0.084036,-0.001075,0.011646,0.142468,-0.459425,1.282646,1.493276,0.000000,0.000000,0.129888,-0.287882,0.488648,1.216308,0.330084,0.000000,0.000000
-0.053472,0.009987,0.878624,0.104579,-0.003855,0.770682,0.628568,-0.119007,0.004326,0.040873,0.971268,-0.027228,0.006781,0.078745,-0.168506,-0.001486,0.245026,-0.176813,-0.058869,0.087344,-0.001132,0.013634,0.152161,-0.459987,1.283746,1.492332,0.000000,0.000000,0.135735,-0.294934,0.483808,1.219162,0.332776,0.000000,0.000000
-0.058760,0.008286,0.878807,0.107293,-0.002626,0.770992,0.627736,-0.130335,0.011686,0.043553,1.006844,-0.024613,0.008180,0.079685,-0.179507,-0.004329,0.248381,-0.177019,-0.061425,0.090603,-0.001199,0.014406,0.161481,-0.458846,1.284973,1.490781,0.000000,0.000000,0.140310,-0.299680,0.479714,1.221680,0.335273,0.000000,0.000000
-0.064246,0.006672,0.878945,0.109339,-0.001288,0.771242,0.627080,-0.139056,0.020401,0.044824,1.030505,-0.021484,0.010277,0.080093,-0.189753,-0.007170,0.250734,-0.177232,-0.063731,0.093945,-0.001313,0.014746,0.170501,-0.456525,1.286023,1.488984,0.000000,0.000000,0.144247,-0.303009,0.476047,1.223690,0.337500,0.000000,0.000000
-0.069700,0.005189,0.879080,0.110724,0.000709,0.771810,0.626138,-0.146166,0.031917,0.043925,1.040297,-0.021227,0.013702,0.079763,-0.199903,-0.009370,0.252636,-0.176188,-0.066113,0.096614,-0.001439,0.015584,0.177427,-0.452338,1.288335,1.482942,0.000000,0.000000,0.147367,-0.303923,0.472683,1.224821,0.339973,0.000000,0.000000
-0.075689,0.003863,0.879014,0.111553,0.002804,0.772469,0.625172,-0.151177,0.047313,0.041035,1.034278,-0.018713,0.018659,0.078891,-0.211613,-0.011421,0.254491,-0.174815,-0.068897,0.098889,-0.001578,0.016101,0.184920,-0.445800,1.291278,1.473861,0.000000,0.000000,0.149843,-0.304104,0.469073,1.225282,0.342842,0.000000,0.000000
-0.081891,0.002644,0.878816,0.111435,0.005219,0.773368,0.624065,-0.152036,0.064759,0.035945,1.003988,-0.013990,0.024768,0.077195,-0.223078,-0.012932,0.255543,-0.173701,-0.071647,0.099886,-0.001727,0.015331,0.192610,-0.436250,1.293636,1.463296,0.000000,0.000000,0.150302,-0.304145,0.465388,1.224286,0.345590,0.000000,0.000000
-0.088470,0.001839,0.878522,0.109807,0.007624,0.773948,0.623609,-0.148734,0.080893,0.030910,0.961793,-0.008326,0.030633,0.075079,-0.232357,-0.014501,0.253817,-0.171456,-0.073745,0.099499,-0.001847,0.014503,0.199175,-0.428224,1.295191,1.454728,0.000000,0.000000,0.149582,-0.304055,0.463657,1.221328,0.348168,0.000000,0.000000
-0.095193,0.001302,0.878131,0.107271,0.009840,0.774371,0.623494,-0.141660,0.096490,0.026283,0.910429,-0.001744,0.036380,0.072675,-0.240388,-0.016241,0.249989,-0.167868,-0.075408,0.098346,-0.001928,0.013675,0.205661,-0.421222,1.296424,1.447458,0.000000,0.000000,0.148343,-0.303548,0.463234,1.216860,0.350918,0.000000,0.000000
-0.102113,0.001763,0.877236,0.103283,0.011090,0.775349,0.622932,-0.128895,0.112486,0.023857,0.842945,0.004973,0.041911,0.069990,-0.245334,-0.018463,0.246888,-0.167954,-0.076064,0.094764,-0.001954,0.011323,0.212008,-0.411933,1.297673,1.444209,0.000000,0.000000,0.144749,-0.303885,0.462275,1.212738,0.350048,0.000000,0.000000
-0.109679,0.001696,0.876191,0.099285,0.012008,0.776306,0.622373,-0.114396,0.127113,0.021292,0.773030,0.010427,0.047123,0.067035,-0.249728,-0.020591,0.244721,-0.168471,-0.076563,0.089936,-0.001914,0.008364,0.218374,-0.402815,1.299203,1.443582,0.000000,0.000000,0.139397,-0.303702,0.461689,1.209408,0.347211,0.000000,0.000000
-0.117931,0.001190,0.875015,0.095329,0.012780,0.776909,0.622223,-0.098326,0.140457,0.017156,0.701621,0.013689,0.052247,0.063689,-0.254510,-0.022544,0.243136,-0.167524,-0.077231,0.083574,-0.001823,0.004383,0.225079,-0.394371,1.301167,1.445178,0.000000,0.000000,0.130710,-0.302980,0.462772,1.206872,0.342294,0.000000,0.000000
-0.126668,0.000152,0.873527,0.089982,0.013543,0.777382,0.622412,-0.080377,0.152827,0.013439,0.626303,0.014866,0.056877,0.058974,-0.258827,-0.023549,0.240019,-0.167898,-0.077784,0.074881,-0.001699,-0.000441,0.231220,-0.387743,1.302557,1.445853,0.000000,0.000000,0.120033,-0.302121,0.465135,1.203556,0.339164,0.000000,0.000000
-0.135756,-0.002577,0.871793,0.083683,0.014261,0.778085,0.622396,-0.065273,0.163724,0.010025,0.555802,0.012843,0.060733,0.052348,-0.262875,-0.024076,0.235863,-0.168212,-0.078182,0.064997,-0.001517,-0.006293,0.236893,-0.383566,1.303576,1.445539,0.000000,0.000000,0.108871,-0.301048,0.467251,1.199377,0.337750,0.000000,0.000000
-0.145608,-0.005259,0.869812,0.078236,0.014016,0.777598,0.623718,-0.050304,0.171591,0.003412,0.487767,0.016083,0.064179,0.046034,-0.267300,-0.022872,0.233425,-0.169546,-0.078968,0.055041,-0.001301,-0.011230,0.242878,-0.378154,1.304454,1.442517,0.000000,0.000000,0.097590,-0.300257,0.466408,1.197708,0.337078,0.000000,0.000000
-0.155758,-0.007618,0.867571,0.073620,0.013106,0.777001,0.625042,-0.035814,0.178126,-0.004920,0.428590,0.018403,0.067452,0.040531,-0.271927,-0.020942,0.233560,-0.171885,-0.079996,0.045796,-0.001103,-0.015283,0.249345,-0.372937,1.305735,1.438302,0.000000,0.000000,0.087619,-0.299200,0.464549,1.197841,0.337825,0.000000,0.000000
-0.166396,-0.009841,0.865028,0.070347,0.011201,0.776392,0.626212,-0.022704,0.182512,-0.015369,0.386766,0.017290,0.070501,0.036275,-0.276852,-0.018607,0.237695,-0.175243,-0.081331,0.038082,-0.000910,-0.018854,0.256052,-0.368872,1.308246,1.432922,0.000000,0.000000,0.079981,-0.298029,0.461551,1.200670,0.341418,0.000000,0.000000
-0.177400,-0.012194,0.862386,0.068745,0.008466,0.775604,0.627408,-0.011657,0.183443,-0.026359,0.360445,0.007791,0.072572,0.033632,-0.282264,-0.016775,0.245009,-0.178391,-0.082921,0.030587,-0.000730,-0.021074,0.260942,-0.369060,1.308912,1.431451,0.000000,0.000000,0.073500,-0.296674,0.456774,1.206786,0.343928,0.000000,0.000000
-0.188539,-0.014773,0.859613,0.068030,0.005383,0.774832,0.628473,-0.002738,0.180838,-0.038065,0.346098,-0.009977,0.073648,0.031897,-0.288116,-0.015500,0.254451,-0.180940,-0.084715,0.022910,-0.000564,-0.022368,0.264377,-0.372473,1.307940,1.433486,0.000000,0.000000,0.067560,-0.295211,0.450191,1.215468,0.345058,0.000000,0.000000
-0.199488,-0.017479,0.856519,0.067884,0.001815,0.775234,0.628013,0.005602,0.175766,-0.049875,0.339311,-0.048972,0.073655,0.030715,-0.294218,-0.018423,0.267265,-0.178533,-0.086240,0.014384,-0.000283,-0.025620,0.268324,-0.383002,1.306104,1.441879,0.000000,0.000000,0.064266,-0.293290,0.441102,1.226282,0.342576,0.000000,0.000000
-0.210366,-0.020768,0.853523,0.068068,-0.001811,0.775935,0.627127,0.011397,0.169453,-0.058798,0.337590,-0.087414,0.072711,0.028684,-0.300108,-0.024284,0.280391,-0.166289,-0.087605,0.005797,0.000059,-0.029496,0.272095,-0.396078,1.303868,1.451794,0.000000,0.000000,0.063526,-0.291576,0.431626,1.235525,0.339803,0.000000,0.000000
-0.221212,-0.024394,0.850591,0.069207,-0.005743,0.777001,0.625657,0.015908,0.161929,-0.063857,0.337661,-0.117793,0.070834,0.025603,-0.306486,-0.034845,0.295428,-0.136319,-0.089008,-0.003833,0.000401,-0.033036,0.275923,-0.411895,1.300330,1.462999,0.000000,0.000000,0.065578,-0.289763,0.422101,1.243516,0.338391,0.000000,0.000000
-0.232250,-0.028120,0.847222,0.069977,-0.010508,0.777804,0.624511,0.020346,0.154919,-0.066506,0.336992,-0.137513,0.068919,0.020452,-0.312499,-0.047285,0.311157,-0.105984,-0.090026,-0.014071,0.000782,-0.034443,0.279952,-0.426962,1.296668,1.472994,0.000000,0.000000,0.068558,-0.287583,0.415058,1.249904,0.337591,0.000000,0.000000
-0.243470,-0.031772,0.845109,0.070473,-0.015725,0.778432,0.623562,0.025030,0.148650,-0.067803,0.335247,-0.150457,0.067154,0.013592,-0.317581,-0.060227,0.328514,-0.079342,-0.090407,-0.024519,0.001140,-0.034326,0.284135,-0.440822,1.293070,1.481869,0.000000,0.000000,0.071616,-0.285104,0.410021,1.255383,0.337115,0.000000,0.000000
-0.254962,-0.035235,0.847806,0.071207,-0.021097,0.778774,0.622893,0.029864,0.143099,-0.065063,0.334114,-0.158902,0.065026,0.005747,-0.320858,-0.071466,0.351021,-0.076761,-0.089854,-0.034501,0.001508,-0.032414,0.291474,-0.446867,1.288695,1.487214,0.000000,0.000000,0.073550,-0.282232,0.407915,1.257784,0.334889,0.000000,0.000000
-0.266207,-0.038818,0.851817,0.071167,-0.026036,0.778974,0.622461,0.034841,0.137658,-0.061086,0.331100,-0.164831,0.062742,-0.003763,-0.320693,-0.080591,0.380426,-0.081900,-0.088408,-0.044775,0.001811,-0.029599,0.299874,-0.449776,1.283885,1.492092,0.000000,0.000000,0.074475,-0.279192,0.408161,1.258647,0.330252,0.000000,0.000000
-0.276811,-0.042248,0.855486,0.069844,-0.030302,0.779000,0.622384,0.039657,0.132937,-0.056720,0.324237,-0.166217,0.060613,-0.014828,-0.314370,-0.084349,0.415993,-0.089471,-0.086132,-0.054159,0.002006,-0.025908,0.308175,-0.448840,1.279559,1.496636,0.000000,0.000000,0.074258,-0.276384,0.412001,1.256585,0.321072,0.000000,0.000000
-0.286779,-0.044984,0.859850,0.069348,-0.034569,0.778767,0.622509,0.045284,0.127972,-0.052530,0.316953,-0.162838,0.058547,-0.028528,-0.300034,-0.080452,0.464145,-0.102434,-0.083026,-0.063575,0.002160,-0.021330,0.316649,-0.446379,1.277862,1.503002,0.000000,0.000000,0.075289,-0.272670,0.416871,1.252047,0.311069,0.000000,0.000000
-0.296507,-0.047414,0.864227,0.069404,-0.038564,0.778301,0.622851,0.051222,0.122602,-0.048769,0.310288,-0.156180,0.056544,-0.043316,-0.279285,-0.071257,0.518559,-0.119134,-0.079087,-0.071799,0.002282,-0.016825,0.324064,-0.443766,1.278619,1.510490,0.000000,0.000000,0.077463,-0.268918,0.421350,1.246173,0.302007,0.000000,0.000000
-0.304409,-0.049841,0.867426,0.067809,-0.039991,0.778449,0.622752,0.055416,0.118096,-0.044166,0.297145,-0.150041,0.054496,-0.059312,-0.248972,-0.058734,0.564366,-0.142046,-0.072762,-0.075153,0.002252,-0.016239,0.330698,-0.443053,1.278472,1.521791,0.000000,0.000000,0.079178,-0.262416,0.421274,1.238478,0.298981,0.000000,0.000000
-0.312131,-0.051790,0.869425,0.066233,-0.040247,0.778316,0.623071,0.058796,0.112605,-0.040419,0.282796,-0.144323,0.052252,-0.072972,-0.214898,-0.044665,0.597634,-0.164036,-0.065653,-0.074806,0.002087,-0.017947,0.335096,-0.443860,1.279241,1.533996,0.000000,0.000000,0.079859,-0.255868,0.420019,1.231819,0.298762,0.000000,0.000000
-0.319401,-0.052699,0.870551,0.064649,-0.038830,0.777841,0.623920,0.061070,0.105328,-0.039181,0.269200,-0.139512,0.049914,-0.082979,-0.178179,-0.027064,0.613765,-0.184694,-0.058531,-0.070799,0.001837,-0.021566,0.335909,-0.445421,1.282398,1.547003,0.000000,0.000000,0.078904,-0.249514,0.419763,1.227858,0.301797,0.000000,0.000000
-0.326827,-0.052743,0.870711,0.062318,-0.035758,0.776932,0.625471,0.061107,0.096192,-0.037889,0.258287,-0.138289,0.046992,-0.087160,-0.141662,-0.010459,0.606560,-0.203643,-0.051314,-0.062783,0.001437,-0.026054,0.332724,-0.447070,1.284035,1.555043,0.000000,0.000000,0.076754,-0.245006,0.418028,1.222487,0.310004,0.000000,0.000000
-0.334445,-0.052107,0.870167,0.059716,-0.031748,0.776012,0.627082,0.059565,0.085563,-0.036904,0.250110,-0.140484,0.043700,-0.084415,-0.106742,0.004294,0.579354,-0.218762,-0.044226,-0.052628,0.001027,-0.030855,0.326676,-0.449068,1.284169,1.559071,0.000000,0.000000,0.074210,-0.242450,0.414780,1.215587,0.321594,0.000000,0.000000
-0.342654,-0.051367,0.869480,0.056648,-0.025828,0.775401,0.628392,0.056472,0.071738,-0.036461,0.241303,-0.144951,0.039601,-0.077145,-0.075243,0.018290,0.538592,-0.231623,-0.037914,-0.040380,0.000568,-0.036703,0.316691,-0.447411,1.285049,1.552118,0.000000,0.000000,0.070715,-0.243307,0.414509,1.207412,0.328495,0.000000,0.000000
-0.350855,-0.050501,0.869446,0.053735,-0.019642,0.774989,0.629380,0.052527,0.057180,-0.037419,0.234593,-0.147826,0.035632,-0.066140,-0.050677,0.032595,0.489302,-0.238230,-0.033567,-0.029304,0.000199,-0.043914,0.305941,-0.443292,1.286560,1.541832,0.000000,0.000000,0.066671,-0.245126,0.415123,1.200959,0.335788,0.000000,0.000000
-0.359162,-0.049711,0.870536,0.051046,-0.013213,0.774731,0.630089,0.046946,0.041354,-0.040450,0.231693,-0.146367,0.031800,-0.052390,-0.035289,0.049136,0.429980,-0.236856,-0.032026,-0.019476,-0.000025,-0.054109,0.294676,-0.434791,1.289232,1.527605,0.000000,0.000000,0.061462,-0.247133,0.416720,1.198132,0.346226,0.000000,0.000000
-0.367539,-0.049019,0.869886,0.050242,-0.008479,0.775941,0.628744,0.041378,0.026221,-0.046164,0.236583,-0.146340,0.028712,-0.038852,-0.029274,0.061024,0.379229,-0.230787,-0.032161,-0.012165,-0.000199,-0.062582,0.283249,-0.429442,1.290985,1.515884,0.000000,0.000000,0.056275,-0.249107,0.419348,1.200240,0.353518,0.000000,0.000000
-0.375352,-0.048663,0.869608,0.050259,-0.004625,0.777936,0.626314,0.035219,0.011894,-0.053467,0.246959,-0.147899,0.026164,-0.027187,-0.028981,0.069774,0.336217,-0.224129,-0.033222,-0.006142,-0.000275,-0.070255,0.271472,-0.426178,1.292151,1.505590,0.000000,0.000000,0.050844,-0.250959,0.422546,1.205254,0.358789,0.000000,0.000000
-0.383719,-0.049407,0.868994,0.051954,-0.001451,0.779482,0.624265,0.029946,-0.003903,-0.062677,0.260120,-0.157461,0.023528,-0.017524,-0.036890,0.066105,0.307451,-0.225563,-0.034307,-0.002916,-0.000282,-0.076867,0.261426,-0.426668,1.293184,1.497009,0.000000,0.000000,0.046333,-0.254109,0.429004,1.209347,0.362142,0.000000,0.000000
-0.391855,-0.050034,0.870523,0.054421,0.001157,0.780785,0.622425,0.025247,-0.019213,-0.072452,0.275886,-0.165065,0.021176,-0.010156,-0.048468,0.060307,0.289789,-0.229373,-0.035980,-0.000179,-0.000221,-0.081174,0.252213,-0.429026,1.292985,1.490418,0.000000,0.000000,0.043074,-0.257280,0.436400,1.213138,0.364205,0.000000,0.000000
-0.400668,-0.050149,0.871758,0.058883,0.002920,0.782421,0.619953,0.021679,-0.035030,-0.084520,0.296370,-0.166111,0.019139,-0.003579,-0.064169,0.053937,0.284250,-0.229999,-0.038777,0.000634,-0.000087,-0.080688,0.243591,-0.434673,1.290681,1.487399,0.000000,0.000000,0.042132,-0.260615,0.444271,1.217113,0.364474,0.000000,0.000000
-0.408613,-0.050129,0.872406,0.062790,0.003675,0.784470,0.616969,0.018451,-0.047444,-0.093758,0.318915,-0.161783,0.017557,0.002680,-0.078676,0.047137,0.283381,-0.226570,-0.041379,0.000467,0.000047,-0.078422,0.236101,-0.440078,1.287983,1.486184,0.000000,0.000000,0.042576,-0.264135,0.450354,1.219517,0.362867,0.000000,0.000000
-0.416138,-0.050037,0.872754,0.066343,0.003876,0.786646,0.613817,0.015347,-0.056987,-0.100219,0.343483,-0.155365,0.016255,0.009101,-0.091919,0.040098,0.284053,-0.220332,-0.043772,0.000128,0.000222,-0.075475,0.229558,-0.445075,1.285254,1.485869,0.000000,0.000000,0.043780,-0.267579,0.454903,1.220686,0.360031,0.000000,0.000000
-0.422006,-0.049799,0.872899,0.069956,0.003324,0.789041,0.610336,0.011711,-0.058254,-0.090657,0.382746,-0.151487,0.014409,0.016112,-0.102487,0.032908,0.285529,-0.215054,-0.045547,0.000006,0.000361,-0.070961,0.224313,-0.447322,1.281861,1.487577,0.000000,0.000000,0.045735,-0.270600,0.456605,1.223259,0.355337,0.000000,0.000000
-0.427812,-0.050133,0.873531,0.073322,0.002750,0.790983,0.607423,0.006527,-0.055414,-0.076293,0.429007,-0.149295,0.012797,0.022567,-0.112341,0.026569,0.287098,-0.209967,-0.047314,0.000835,0.000488,-0.065378,0.219771,-0.449991,1.278217,1.489934,0.000000,0.000000,0.047919,-0.273001,0.457835,1.226391,0.349821,0.000000,0.000000
-0.433498,-0.050984,0.874567,0.076370,0.002078,0.792322,0.605301,0.000068,-0.049080,-0.060639,0.477162,-0.145604,0.011872,0.028156,-0.121404,0.021779,0.288034,-0.204913,-0.049130,0.002815,0.000532,-0.058272,0.215898,-0.454991,1.274762,1.492425,0.000000,0.000000,0.050676,-0.274521,0.459424,1.229751,0.343726,0.000000,0.000000
-0.439683,-0.052597,0.875498,0.079110,0.002435,0.793145,0.603868,-0.006797,-0.042449,-0.050156,0.519114,-0.142311,0.011944,0.032565,-0.131535,0.018798,0.286962,-0.200727,-0.051479,0.006023,0.000539,-0.051957,0.212768,-0.459519,1.272465,1.493123,0.000000,0.000000,0.053461,-0.275732,0.461332,1.231490,0.337405,0.000000,0.000000
-0.446625,-0.054575,0.876330,0.081846,0.003411,0.793737,0.602720,-0.013738,-0.035475,-0.043105,0.556224,-0.138537,0.012741,0.036616,-0.143154,0.016639,0.284470,-0.197146,-0.054318,0.009826,0.000468,-0.046145,0.209778,-0.463534,1.270923,1.492564,0.000000,0.000000,0.056424,-0.277159,0.463434,1.232010,0.330934,0.000000,0.000000
-0.453563,-0.056507,0.877257,0.085276,0.004444,0.795141,0.600383,-0.022015,-0.023857,-0.031690,0.595142,-0.131537,0.014034,0.041418,-0.156455,0.013268,0.282876,-0.193783,-0.057419,0.013989,0.000428,-0.039597,0.208391,-0.465270,1.267735,1.492494,0.000000,0.000000,0.063902,-0.277984,0.461596,1.229171,0.328530,0.000000,0.000000
-0.460786,-0.059218,0.877987,0.088101,0.005701,0.796361,0.598344,-0.029875,-0.008126,-0.020975,0.630055,-0.123634,0.016667,0.045261,-0.170027,0.009908,0.280697,-0.190151,-0.060569,0.018604,0.000330,-0.034043,0.207753,-0.466403,1.265470,1.492279,0.000000,0.000000,0.071736,-0.278608,0.459413,1.226139,0.325852,0.000000,0.000000
-0.467931,-0.062628,0.878406,0.089763,0.007259,0.797244,0.596901,-0.036079,0.012675,-0.013275,0.657553,-0.115420,0.021398,0.047562,-0.183168,0.007152,0.276435,-0.185856,-0.063621,0.023877,0.000211,-0.030688,0.207829,-0.467093,1.266294,1.491365,0.000000,0.000000,0.078115,-0.278834,0.458774,1.224994,0.320188,0.000000,0.000000
-0.475370,-0.065993,0.878157,0.090726,0.008690,0.797589,0.596276,-0.041067,0.034674,-0.007889,0.674773,-0.106264,0.026914,0.048991,-0.195419,0.005995,0.271426,-0.183021,-0.066624,0.028048,0.000071,-0.029253,0.209679,-0.466728,1.268218,1.487955,0.000000,0.000000,0.082704,-0.279570,0.459013,1.224259,0.317183,0.000000,0.000000
-0.483162,-0.069375,0.877390,0.091220,0.009978,0.797653,0.596095,-0.044363,0.058323,-0.003648,0.683266,-0.094284,0.033124,0.049813,-0.207640,0.005956,0.266282,-0.181433,-0.069719,0.031402,-0.000030,-0.028851,0.213014,-0.465493,1.270612,1.482629,0.000000,0.000000,0.086305,-0.280664,0.460075,1.223491,0.316543,0.000000,0.000000
-0.491482,-0.073477,0.876588,0.090418,0.011706,0.797615,0.596237,-0.044230,0.082112,-0.003853,0.676429,-0.088437,0.040271,0.048287,-0.219520,0.006295,0.261591,-0.177604,-0.072726,0.032818,-0.000149,-0.030714,0.216534,-0.461986,1.273505,1.478208,0.000000,0.000000,0.083840,-0.283601,0.461318,1.223189,0.313034,0.000000,0.000000
-0.500274,-0.077417,0.875492,0.089079,0.012971,0.797545,0.596505,-0.041484,0.106643,-0.004456,0.658637,-0.082400,0.047649,0.046016,-0.231391,0.006793,0.256992,-0.173326,-0.075726,0.033197,-0.000223,-0.032871,0.220555,-0.456840,1.275984,1.473020,0.000000,0.000000,0.079529,-0.286468,0.462674,1.222904,0.310101,0.000000,0.000000
-0.509611,-0.081249,0.874053,0.086982,0.013504,0.797460,0.596916,-0.037812,0.127842,-0.004025,0.632528,-0.077254,0.053754,0.043644,-0.241276,0.007357,0.252982,-0.169569,-0.078210,0.032385,-0.000235,-0.034243,0.224528,-0.450705,1.276615,1.466267,0.000000,0.000000,0.075259,-0.288429,0.463271,1.222006,0.310869,0.000000,0.000000
-0.519842,-0.085701,0.872236,0.083992,0.014314,0.797849,0.596806,-0.031460,0.148421,-0.006977,0.588527,-0.073378,0.060198,0.039345,-0.251921,0.007887,0.250011,-0.164484,-0.080830,0.029573,-0.000205,-0.037031,0.228722,-0.444761,1.275535,1.460370,0.000000,0.000000,0.069918,-0.290503,0.464567,1.218519,0.312843,0.000000,0.000000
-0.530651,-0.090440,0.870029,0.080438,0.015131,0.798473,0.596440,-0.022521,0.167030,-0.012573,0.531809,-0.069256,0.066380,0.033895,-0.262317,0.008232,0.248191,-0.158896,-0.083340,0.025287,-0.000121,-0.040941,0.232948,-0.439418,1.273438,1.456139,0.000000,0.000000,0.064261,-0.292406,0.466526,1.212997,0.315099,0.000000,0.000000
-0.541894,-0.095326,0.867739,0.075631,0.014809,0.798777,0.596671,-0.013424,0.184958,-0.014844,0.473098,-0.057648,0.071610,0.028726,-0.270347,0.006033,0.244264,-0.154973,-0.084707,0.019703,0.000041,-0.045260,0.237710,-0.437529,1.270242,1.451855,0.000000,0.000000,0.060030,-0.294286,0.465328,1.208533,0.323543,0.000000,0.000000
-0.553387,-0.100602,0.865262,0.070568,0.014073,0.798778,0.597307,-0.003577,0.202124,-0.017842,0.412474,-0.045318,0.076585,0.023027,-0.277859,0.004347,0.240150,-0.151908,-0.085920,0.013715,0.000193,-0.049891,0.243042,-0.436382,1.267465,1.447696,0.000000,0.000000,0.054713,-0.295080,0.463117,1.205669,0.331875,0.000000,0.000000
-0.565382,-0.106315,0.862346,0.065374,0.012877,0.798188,0.598713,0.007224,0.217139,-0.024138,0.353216,-0.037638,0.081332,0.016322,-0.285280,0.004878,0.237249,-0.150879,-0.087342,0.006868,0.000386,-0.054331,0.248318,-0.434682,1.266079,1.444379,0.000000,0.000000,0.046330,-0.294093,0.460344,1.206563,0.336073,0.000000,0.000000
-0.577885,-0.111820,0.859215,0.061209,0.010751,0.797231,0.600467,0.016698,0.227914,-0.029459,0.311005,-0.033732,0.084741,0.011465,-0.292274,0.005459,0.235277,-0.150523,-0.088766,0.000975,0.000547,-0.057731,0.253197,-0.435274,1.264464,1.441561,0.000000,0.000000,0.039807,-0.293229,0.457141,1.208541,0.338887,0.000000,0.000000
-0.590614,-0.117312,0.855973,0.057713,0.008162,0.796176,0.602251,0.024313,0.235204,-0.034291,0.282929,-0.034384,0.087144,0.007945,-0.298891,0.005842,0.233590,-0.149956,-0.090151,-0.004204,0.000701,-0.060450,0.257732,-0.437730,1.262551,1.438841,0.000000,0.000000,0.035278,-0.292894,0.453311,1.210451,0.341374,0.000000,0.000000
-0.604078,-0.123210,0.852327,0.055473,0.004559,0.794879,0.604209,0.031919,0.238558,-0.045765,0.265300,-0.050914,0.089404,0.005029,-0.306155,0.007297,0.234299,-0.150338,-0.091950,-0.009410,0.000843,-0.065490,0.262057,-0.444187,1.264188,1.442787,0.000000,0.000000,0.029847,-0.293721,0.449647,1.216190,0.336698,0.000000,0.000000
-0.617313,-0.128923,0.848408,0.053856,0.000315,0.794046,0.605467,0.038342,0.238516,-0.059155,0.255589,-0.081320,0.090685,0.003027,-0.313067,0.007693,0.236619,-0.149038,-0.093653,-0.015077,0.001037,-0.071625,0.265656,-0.455465,1.267341,1.450410,0.000000,0.000000,0.025824,-0.294208,0.443751,1.224901,0.331515,0.000000,0.000000
-0.630262,-0.134456,0.844395,0.053248,-0.005109,0.794190,0.605311,0.042429,0.234976,-0.071333,0.254547,-0.131202,0.090099,0.003168,-0.318645,0.003840,0.239982,-0.140956,-0.094808,-0.019948,0.001275,-0.079037,0.267522,-0.477795,1.271127,1.461183,0.000000,0.000000,0.026486,-0.293151,0.431289,1.237670,0.332560,0.000000,0.000000
-0.642909,-0.140576,0.841012,0.053596,-0.010530,0.794556,0.604730,0.043919,0.228289,-0.075867,0.260028,-0.169121,0.087631,0.003682,-0.323228,-0.004067,0.241648,-0.115931,-0.095767,-0.024463,0.001523,-0.084757,0.267779,-0.498545,1.275225,1.471726,0.000000,0.000000,0.031170,-0.290556,0.417962,1.248549,0.336916,0.000000,0.000000
-0.655651,-0.147023,0.838091,0.054479,-0.015783,0.795072,0.603857,0.044332,0.219286,-0.075793,0.267785,-0.196652,0.084216,0.003339,-0.326943,-0.014734,0.242642,-0.078640,-0.096591,-0.029269,0.001779,-0.089268,0.266789,-0.516994,1.279654,1.482380,0.000000,0.000000,0.037582,-0.287165,0.404728,1.258273,0.342569,0.000000,0.000000
-0.669018,-0.153593,0.840621,0.055472,-0.020377,0.796359,0.601931,0.044393,0.210622,-0.075638,0.272408,-0.206728,0.081531,0.001761,-0.328682,-0.021673,0.245789,-0.069443,-0.096545,-0.032445,0.001957,-0.090875,0.267532,-0.528699,1.279788,1.491604,0.000000,0.000000,0.044347,-0.284920,0.397282,1.262064,0.343269,0.000000,0.000000
-0.682456,-0.160048,0.844635,0.056473,-0.024502,0.797187,0.600586,0.044853,0.200200,-0.075482,0.276032,-0.213193,0.078599,-0.000777,-0.327641,-0.027437,0.257335,-0.068709,-0.095722,-0.036155,0.002092,-0.090367,0.269178,-0.538918,1.278356,1.500681,0.000000,0.000000,0.051889,-0.283122,0.391898,1.264337,0.342557,0.000000,0.000000
-0.695594,-0.166166,0.848441,0.057351,-0.027921,0.797059,0.600523,0.046015,0.187313,-0.075045,0.278633,-0.216634,0.075149,-0.004461,-0.321512,-0.029937,0.284598,-0.074516,-0.094278,-0.040689,0.002256,-0.085836,0.272539,-0.545990,1.275327,1.507475,0.000000,0.000000,0.059619,-0.282090,0.391139,1.264590,0.340328,0.000000,0.000000
-0.708207,-0.171998,0.852834,0.057828,-0.030686,0.797056,0.600347,0.047543,0.174556,-0.074545,0.277560,-0.213851,0.071882,-0.009154,-0.309311,-0.026493,0.323948,-0.087126,-0.092376,-0.044325,0.002321,-0.080050,0.276500,-0.548123,1.272933,1.513483,0.000000,0.000000,0.065927,-0.281294,0.395954,1.262824,0.336703,0.000000,0.000000
-0.720557,-0.177548,0.857878,0.058071,-0.033045,0.797060,0.600192,0.049779,0.161950,-0.073934,0.272551,-0.205998,0.068711,-0.015153,-0.291830,-0.018677,0.372221,-0.105084,-0.089895,-0.047039,0.002326,-0.074164,0.280535,-0.547047,1.271509,1.519664,0.000000,0.000000,0.070985,-0.280506,0.404389,1.259937,0.332203,0.000000,0.000000
-0.731607,-0.182258,0.863403,0.057269,-0.035204,0.796999,0.600228,0.053094,0.151531,-0.074102,0.261823,-0.194079,0.066269,-0.024034,-0.266316,-0.004289,0.425135,-0.130128,-0.086169,-0.049575,0.002299,-0.068087,0.283867,-0.545151,1.268480,1.527301,0.000000,0.000000,0.074887,-0.279325,0.413077,1.252903,0.324898,0.000000,0.000000
-0.742030,-0.186683,0.867985,0.056300,-0.037033,0.796586,0.600758,0.057482,0.141982,-0.073090,0.247142,-0.181907,0.063756,-0.035827,-0.233179,0.013611,0.482723,-0.160261,-0.080842,-0.051314,0.002279,-0.061544,0.287554,-0.543130,1.263672,1.537672,0.000000,0.000000,0.077782,-0.277707,0.420505,1.243387,0.315822,0.000000,0.000000
-0.750982,-0.190681,0.870842,0.055065,-0.038172,0.795725,0.601941,0.062150,0.134336,-0.069579,0.229917,-0.173644,0.061123,-0.049463,-0.192307,0.033777,0.538579,-0.192752,-0.073635,-0.051745,0.002199,-0.054333,0.292106,-0.541509,1.255771,1.552695,0.000000,0.000000,0.078711,-0.275434,0.424431,1.231281,0.304952,0.000000,0.000000
-0.759374,-0.194509,0.873382,0.052380,-0.037440,0.794693,0.603588,0.064340,0.126770,-0.064337,0.211983,-0.165228,0.058070,-0.060987,-0.153094,0.048945,0.570926,-0.220574,-0.065630,-0.048045,0.001960,-0.049430,0.292321,-0.536996,1.249523,1.559164,0.000000,0.000000,0.078360,-0.273172,0.426981,1.218127,0.304280,0.000000,0.000000
-0.767508,-0.197666,0.875326,0.049099,-0.035544,0.793831,0.605110,0.065092,0.118455,-0.058667,0.193499,-0.156723,0.054685,-0.069201,-0.115064,0.060211,0.583153,-0.241227,-0.057114,-0.042321,0.001700,-0.046197,0.289058,-0.530811,1.244620,1.559696,0.000000,0.000000,0.077248,-0.271587,0.429198,1.203992,0.310637,0.000000,0.000000
-0.775522,-0.200451,0.875876,0.046105,-0.032423,0.792192,0.607663,0.064893,0.108468,-0.052089,0.176624,-0.152490,0.050668,-0.074768,-0.079634,0.065956,0.577577,-0.253635,-0.048235,-0.035164,0.001387,-0.042117,0.283735,-0.524808,1.239942,1.554011,0.000000,0.000000,0.073468,-0.269575,0.433156,1.190121,0.316216,0.000000,0.000000
-0.783382,-0.202706,0.876020,0.043254,-0.028690,0.790873,0.609775,0.063712,0.097583,-0.045605,0.161906,-0.149616,0.046459,-0.076470,-0.048040,0.070455,0.557709,-0.260277,-0.040215,-0.027691,0.001058,-0.039072,0.277233,-0.519487,1.235879,1.547763,0.000000,0.000000,0.068095,-0.268387,0.438329,1.178425,0.321068,0.000000,0.000000
-0.791159,-0.204686,0.876428,0.040434,-0.024148,0.790020,0.611269,0.060805,0.085242,-0.039137,0.149914,-0.146726,0.041942,-0.073782,-0.022189,0.075580,0.520781,-0.263522,-0.033863,-0.019369,0.000747,-0.038639,0.269437,-0.515468,1.233434,1.542619,0.000000,0.000000,0.060099,-0.268201,0.445704,1.171177,0.324789,0.000000,0.000000
-0.798642,-0.206164,0.876125,0.037575,-0.019387,0.789117,0.612786,0.056706,0.072873,-0.034772,0.141942,-0.147455,0.037817,-0.067602,-0.003037,0.082896,0.469703,-0.260967,-0.029675,-0.011234,0.000472,-0.041319,0.260338,-0.510198,1.234660,1.536639,0.000000,0.000000,0.050622,-0.267719,0.456118,1.165500,0.328743,0.000000,0.000000
-0.805505,-0.207044,0.875292,0.034775,-0.014615,0.788245,0.614205,0.051482,0.061147,-0.031863,0.138053,-0.151711,0.034146,-0.059124,0.010338,0.091731,0.409389,-0.254177,-0.027232,-0.003528,0.000224,-0.045495,0.250497,-0.503810,1.238050,1.529946,0.000000,0.000000,0.040672,-0.266894,0.468547,1.160342,0.333005,0.000000,0.000000
-0.812701,-0.208351,0.875087,0.034188,-0.011307,0.787766,0.614922,0.045878,0.049095,-0.032491,0.144347,-0.156474,0.031104,-0.048847,0.013849,0.095715,0.353721,-0.243560,-0.026575,0.002955,0.000027,-0.050664,0.241572,-0.498498,1.243625,1.524590,0.000000,0.000000,0.031126,-0.265417,0.480159,1.162759,0.335651,0.000000,0.000000
-0.819428,-0.209815,0.874210,0.034510,-0.008354,0.787941,0.614727,0.039650,0.036784,-0.035656,0.155369,-0.162405,0.028481,-0.038793,0.011630,0.096576,0.302798,-0.232371,-0.026858,0.008330,-0.000144,-0.056261,0.232532,-0.493909,1.249360,1.519420,0.000000,0.000000,0.022595,-0.263667,0.491754,1.168065,0.337093,0.000000,0.000000
-0.826237,-0.211737,0.872965,0.036459,-0.006042,0.789126,0.613119,0.033238,0.023168,-0.042761,0.171329,-0.169443,0.026226,-0.029149,0.003504,0.092477,0.260629,-0.220988,-0.027851,0.012353,-0.000226,-0.062952,0.223083,-0.490612,1.254921,1.514317,0.000000,0.000000,0.015843,-0.261521,0.503477,1.177419,0.336401,0.000000,0.000000
-0.833438,-0.212974,0.872518,0.040226,-0.004990,0.789903,0.611891,0.026991,0.009435,-0.052280,0.196519,-0.174598,0.024434,-0.019923,-0.007543,0.085314,0.236138,-0.215914,-0.029186,0.015747,-0.000293,-0.065850,0.215046,-0.489957,1.259265,1.510092,0.000000,0.000000,0.013601,-0.259471,0.514093,1.184146,0.336048,0.000000,0.000000
-0.840907,-0.213742,0.872940,0.044777,-0.004757,0.790033,0.611409,0.020666,-0.003839,-0.062448,0.229213,-0.178157,0.022968,-0.010952,-0.020885,0.076950,0.224486,-0.217429,-0.030953,0.020453,-0.000366,-0.065899,0.208044,-0.491133,1.262712,1.506333,0.000000,0.000000,0.014612,-0.257050,0.524292,1.188669,0.336057,0.000000,0.000000
-0.848609,-0.214709,0.874848,0.049977,-0.004812,0.791157,0.609548,0.014562,-0.014287,-0.071607,0.265366,-0.166112,0.022196,-0.001904,-0.035538,0.070437,0.219710,-0.208089,-0.033581,0.024640,-0.000455,-0.061937,0.202189,-0.490885,1.262498,1.504981,0.000000,0.000000,0.018761,-0.256192,0.532406,1.190976,0.332777,0.000000,0.000000
-0.856080,-0.215201,0.877106,0.055637,-0.005633,0.792130,0.607785,0.008136,-0.020380,-0.072964,0.309915,-0.154969,0.021242,0.007898,-0.049950,0.063722,0.218391,-0.198728,-0.036304,0.028450,-0.000534,-0.054909,0.197116,-0.490109,1.260387,1.503656,0.000000,0.000000,0.025116,-0.256520,0.539960,1.192340,0.328455,0.000000,0.000000
-0.862286,-0.215275,0.878814,0.061811,-0.007926,0.792719,0.606393,0.000375,-0.018384,-0.058396,0.371489,-0.153713,0.019640,0.018421,-0.061454,0.056479,0.221029,-0.193982,-0.038307,0.031950,-0.000592,-0.044189,0.193320,-0.489088,1.256640,1.500902,0.000000,0.000000,0.033792,-0.258244,0.547657,1.193256,0.323749,0.000000,0.000000
-0.868778,-0.216327,0.880593,0.067418,-0.009117,0.793198,0.605152,-0.008977,-0.014178,-0.041623,0.439041,-0.151349,0.018125,0.027363,-0.073912,0.049582,0.222875,-0.190388,-0.040604,0.036292,-0.000642,-0.033677,0.189797,-0.490218,1.253175,1.499583,0.000000,0.000000,0.041850,-0.260895,0.553394,1.194623,0.319362,0.000000,0.000000
-0.875513,-0.218300,0.882617,0.072661,-0.009488,0.793721,0.603852,-0.019162,-0.009346,-0.025150,0.507128,-0.146736,0.016682,0.034722,-0.087421,0.042832,0.223331,-0.186697,-0.043171,0.041138,-0.000737,-0.024495,0.185998,-0.493099,1.250401,1.499414,0.000000,0.000000,0.048705,-0.264177,0.557460,1.196496,0.315275,0.000000,0.000000
-0.882821,-0.220855,0.884738,0.077444,-0.009082,0.795052,0.601508,-0.031057,-0.006815,-0.013305,0.572776,-0.135639,0.015315,0.041214,-0.101868,0.038844,0.222032,-0.181912,-0.046444,0.045727,-0.000761,-0.017243,0.182403,-0.496658,1.248699,1.502285,0.000000,0.000000,0.055244,-0.266769,0.554631,1.201307,0.312791,0.000000,0.000000
-0.890138,-0.223583,0.886911,0.082439,-0.008604,0.795910,0.599714,-0.044001,-0.002336,-0.002630,0.642200,-0.124081,0.014647,0.047189,-0.117261,0.035088,0.221897,-0.176928,-0.050033,0.050390,-0.000811,-0.010369,0.178598,-0.500730,1.247959,1.503838,0.000000,0.000000,0.062193,-0.269877,0.550855,1.205780,0.311218,0.000000,0.000000
-0.897324,-0.226271,0.889049,0.087894,-0.008238,0.795597,0.599359,-0.056619,0.006139,0.006300,0.713036,-0.114073,0.015413,0.052086,-0.132845,0.032033,0.224787,-0.172373,-0.053863,0.054834,-0.000842,-0.003596,0.175143,-0.504636,1.248657,1.501065,0.000000,0.000000,0.069773,-0.273982,0.548209,1.207847,0.311757,0.000000,0.000000
-0.904525,-0.229361,0.890932,0.093052,-0.007381,0.795261,0.599038,-0.070086,0.015825,0.016001,0.775713,-0.107162,0.016257,0.055802,-0.148299,0.029849,0.227667,-0.169025,-0.057800,0.059136,-0.000913,0.001927,0.172734,-0.508497,1.250445,1.497943,0.000000,0.000000,0.077190,-0.278935,0.544661,1.209375,0.313998,0.000000,0.000000
-0.911863,-0.232946,0.891913,0.097724,-0.006331,0.794911,0.598771,-0.083895,0.027206,0.026690,0.833132,-0.099747,0.017270,0.058580,-0.164369,0.028141,0.230467,-0.166115,-0.061967,0.063794,-0.000922,0.006451,0.171104,-0.512712,1.253015,1.494892,0.000000,0.000000,0.084477,-0.284266,0.540095,1.210815,0.317275,0.000000,0.000000
-0.918836,-0.237034,0.891610,0.100158,-0.005105,0.794655,0.598721,-0.093849,0.042359,0.033552,0.871638,-0.095406,0.020218,0.058372,-0.177507,0.026496,0.232399,-0.163927,-0.065229,0.067026,-0.000955,0.007288,0.170732,-0.513857,1.255284,1.490201,0.000000,0.000000,0.087119,-0.287512,0.537340,1.212464,0.318383,0.000000,0.000000
-0.926291,-0.240751,0.890729,0.101994,-0.003566,0.794640,0.598442,-0.100741,0.059937,0.038147,0.898373,-0.090079,0.024325,0.057187,-0.190801,0.025605,0.234977,-0.162782,-0.068616,0.069588,-0.000958,0.007256,0.171810,-0.514120,1.257056,1.485370,0.000000,0.000000,0.087879,-0.290641,0.535404,1.213934,0.317292,0.000000,0.000000
-0.934237,-0.243817,0.889641,0.103246,-0.001300,0.795252,0.597422,-0.105144,0.078433,0.039259,0.911008,-0.085708,0.029453,0.055668,-0.204476,0.026042,0.237999,-0.163022,-0.072277,0.071168,-0.000977,0.007047,0.175026,-0.514007,1.257443,1.481363,0.000000,0.000000,0.087274,-0.294788,0.533915,1.214048,0.312204,0.000000,0.000000
-0.942389,-0.246496,0.887952,0.102837,0.000675,0.795545,0.597103,-0.105764,0.098957,0.036961,0.909592,-0.081116,0.035964,0.053096,-0.217103,0.027410,0.240464,-0.164056,-0.075713,0.070867,-0.000951,0.005438,0.180447,-0.512513,1.257040,1.478265,0.000000,0.000000,0.084168,-0.299085,0.532524,1.213367,0.305141,0.000000,0.000000
-0.950571,-0.248892,0.885778,0.101284,0.002220,0.795565,0.597338,-0.101028,0.121338,0.032701,0.893797,-0.074463,0.043512,0.049732,-0.228460,0.029658,0.242024,-0.165427,-0.078857,0.069166,-0.000915,0.002529,0.188160,-0.509518,1.256221,1.475898,0.000000,0.000000,0.078669,-0.302738,0.531583,1.212340,0.296954,0.000000,0.000000
-0.958803,-0.251550,0.883481,0.096801,0.003534,0.796276,0.597127,-0.091734,0.145669,0.031460,0.858820,-0.072930,0.051063,0.044885,-0.236897,0.030029,0.238864,-0.166434,-0.080661,0.065451,-0.000858,-0.003861,0.195927,-0.503118,1.252057,1.466146,0.000000,0.000000,0.069645,-0.306020,0.530227,1.209736,0.294695,0.000000,0.000000
-0.967559,-0.254098,0.880647,0.091953,0.004432,0.796671,0.597361,-0.079050,0.167615,0.030259,0.813903,-0.072543,0.058054,0.039797,-0.243517,0.029818,0.235070,-0.167594,-0.081799,0.060700,-0.000745,-0.010559,0.204300,-0.496929,1.247331,1.455538,0.000000,0.000000,0.060073,-0.308489,0.529762,1.207266,0.295350,0.000000,0.000000
-0.977138,-0.256701,0.877356,0.086925,0.004787,0.796631,0.598164,-0.063296,0.187525,0.025882,0.758225,-0.073691,0.065163,0.034016,-0.249689,0.029078,0.232908,-0.169984,-0.082653,0.054316,-0.000627,-0.016740,0.214043,-0.492354,1.242788,1.447626,0.000000,0.000000,0.050579,-0.310252,0.529834,1.205870,0.297183,0.000000,0.000000
-0.987201,-0.258927,0.874170,0.080950,0.004459,0.796963,0.598563,-0.041278,0.205641,0.021009,0.683277,-0.074580,0.071807,0.028287,-0.254173,0.026856,0.230968,-0.172787,-0.082793,0.047287,-0.000517,-0.023747,0.224200,-0.487332,1.239750,1.441593,0.000000,0.000000,0.038557,-0.310809,0.531803,1.205277,0.298496,0.000000,0.000000
-0.997693,-0.264628,0.869817,0.074402,0.003927,0.798364,0.597548,-0.023925,0.221127,0.015426,0.608208,-0.077949,0.077375,0.020732,-0.258993,0.022935,0.227507,-0.171504,-0.082716,0.039285,-0.000392,-0.032743,0.232913,-0.483631,1.239082,1.437915,0.000000,0.000000,0.025895,-0.311070,0.532793,1.204492,0.298811,0.000000,0.000000
-1.008829,-0.270826,0.865373,0.068774,0.002976,0.798501,0.598045,-0.006546,0.234011,0.008654,0.526173,-0.083568,0.081881,0.012084,-0.265164,0.019454,0.226321,-0.171455,-0.083013,0.029087,-0.000180,-0.042595,0.241131,-0.478995,1.238474,1.436287,0.000000,0.000000,0.012745,-0.309743,0.531694,1.206318,0.299893,0.000000,0.000000
-1.020364,-0.275917,0.860934,0.063229,0.001112,0.797883,0.599486,0.011972,0.244120,0.002246,0.444974,-0.087586,0.085114,0.004797,-0.270039,0.017444,0.226057,-0.173375,-0.083268,0.019784,0.000043,-0.050270,0.249074,-0.474726,1.238023,1.436237,0.000000,0.000000,-0.000129,-0.306815,0.530563,1.209690,0.302216,0.000000,0.000000
-1.032196,-0.282610,0.856686,0.057862,-0.001753,0.797333,0.600757,0.026057,0.249972,-0.006120,0.375734,-0.096137,0.086973,-0.001628,-0.274427,0.015881,0.222928,-0.172597,-0.083515,0.011038,0.000231,-0.055942,0.255262,-0.474807,1.238151,1.438503,0.000000,0.000000,-0.011741,-0.303378,0.525972,1.213208,0.306814,0.000000,0.000000
-1.044113,-0.290218,0.853156,0.052590,-0.004451,0.797990,0.600355,0.036049,0.251138,-0.015166,0.326295,-0.111844,0.087413,-0.006506,-0.278957,0.014025,0.217749,-0.167782,-0.083930,0.003400,0.000439,-0.063098,0.259123,-0.481183,1.238671,1.442679,0.000000,0.000000,-0.020145,-0.299611,0.518341,1.216653,0.311097,0.000000,0.000000
-1.056272,-0.298093,0.849751,0.047676,-0.006904,0.799317,0.598976,0.043226,0.248318,-0.025472,0.289158,-0.135564,0.086659,-0.010638,-0.283488,0.011665,0.210452,-0.159337,-0.084378,-0.004040,0.000672,-0.071798,0.261338,-0.492110,1.239679,1.448070,0.000000,0.000000,-0.026621,-0.295941,0.508038,1.220101,0.315139,0.000000,0.000000
-1.069010,-0.306018,0.847278,0.047266,-0.010428,0.800644,0.597182,0.047301,0.240800,-0.032065,0.272761,-0.164634,0.084121,-0.011669,-0.288721,-0.000384,0.206701,-0.130602,-0.084460,-0.008984,0.000909,-0.080461,0.261641,-0.508911,1.241201,1.458150,0.000000,0.000000,-0.025757,-0.292529,0.497192,1.226179,0.316261,0.000000,0.000000
-1.081939,-0.313930,0.845787,0.047471,-0.013993,0.802573,0.594498,0.048609,0.230338,-0.036658,0.264161,-0.191666,0.080622,-0.012460,-0.294624,-0.015996,0.201692,-0.090917,-0.084805,-0.014542,0.001157,-0.089469,0.260583,-0.528412,1.243537,1.469610,0.000000,0.000000,-0.022050,-0.289647,0.483676,1.233219,0.319696,0.000000,0.000000
-1.094755,-0.322039,0.848844,0.048338,-0.017935,0.805356,0.590546,0.048503,0.219041,-0.036363,0.259694,-0.204549,0.076707,-0.013355,-0.300941,-0.032894,0.195840,-0.044794,-0.085330,-0.021588,0.001483,-0.098156,0.258555,-0.548060,1.247010,1.480571,0.000000,0.000000,-0.016480,-0.287243,0.467404,1.240935,0.329808,0.000000,0.000000
-1.108195,-0.329723,0.855544,0.048922,-0.022142,0.807020,0.588077,0.048739,0.208182,-0.037910,0.257332,-0.208813,0.073792,-0.015659,-0.304452,-0.043434,0.194261,-0.027238,-0.085291,-0.027778,0.001770,-0.103639,0.257360,-0.564469,1.246574,1.493104,0.000000,0.000000,-0.009916,-0.284676,0.456529,1.246319,0.332561,0.000000,0.000000
-1.122215,-0.337189,0.860025,0.049447,-0.026421,0.807956,0.586570,0.049625,0.196963,-0.041000,0.255822,-0.209231,0.071337,-0.018703,-0.304866,-0.049604,0.198942,-0.032389,-0.084398,-0.033498,0.002067,-0.106859,0.256759,-0.579053,1.243110,1.507554,0.000000,0.000000,-0.002592,-0.281907,0.449075,1.250420,0.329769,0.000000,0.000000
-1.135661,-0.344125,0.864517,0.050240,-0.029135,0.809527,0.584203,0.050498,0.184734,-0.043068,0.252889,-0.206314,0.068566,-0.021245,-0.301568,-0.050364,0.216541,-0.035989,-0.083656,-0.038250,0.002255,-0.107617,0.257864,-0.587511,1.240753,1.516390,0.000000,0.000000,0.004144,-0.279113,0.444731,1.254480,0.326027,0.000000,0.000000
-1.149180,-0.350785,0.869148,0.050767,-0.031342,0.810676,0.582448,0.051751,0.170760,-0.044636,0.248053,-0.201089,0.065326,-0.024285,-0.293794,-0.048442,0.244034,-0.044740,-0.082394,-0.042901,0.002423,-0.106836,0.259398,-0.594857,1.237347,1.525649,0.000000,0.000000,0.010707,-0.275958,0.443271,1.257054,0.320809,0.000000,0.000000
-1.162374,-0.356701,0.873885,0.050721,-0.032915,0.811121,0.581744,0.053795,0.156049,-0.045640,0.240087,-0.192922,0.061849,-0.029094,-0.279955,-0.043597,0.280840,-0.061445,-0.080051,-0.046997,0.002560,-0.103515,0.261274,-0.602168,1.231201,1.538300,0.000000,0.000000,0.017020,-0.271993,0.447098,1.254649,0.312783,0.000000,0.000000
-1.174662,-0.362133,0.878008,0.050158,-0.033449,0.811318,0.581488,0.056559,0.142290,-0.047737,0.227672,-0.184954,0.058709,-0.036130,-0.259734,-0.032819,0.320794,-0.085750,-0.076796,-0.049698,0.002636,-0.099235,0.264007,-0.604042,1.226124,1.551143,0.000000,0.000000,0.022343,-0.268283,0.450986,1.249519,0.305205,0.000000,0.000000
-1.186362,-0.367157,0.880961,0.049358,-0.033284,0.811261,0.581646,0.059969,0.127887,-0.050635,0.211457,-0.177042,0.055426,-0.044692,-0.232398,-0.017248,0.365342,-0.117200,-0.072407,-0.051319,0.002583,-0.094412,0.267343,-0.602113,1.221829,1.564839,0.000000,0.000000,0.027262,-0.264706,0.454467,1.242754,0.297696,0.000000,0.000000
-1.196757,-0.371220,0.883273,0.047306,-0.031705,0.810343,0.583182,0.061479,0.115202,-0.050384,0.196804,-0.172464,0.051936,-0.052248,-0.200479,-0.001309,0.400699,-0.153471,-0.066605,-0.050370,0.002454,-0.087710,0.268676,-0.601020,1.215437,1.570248,0.000000,0.000000,0.030406,-0.260028,0.454662,1.235196,0.299595,0.000000,0.000000
-1.206460,-0.374880,0.885009,0.044801,-0.029786,0.809155,0.585127,0.061764,0.103301,-0.048654,0.183244,-0.169028,0.048367,-0.058018,-0.166663,0.013441,0.424862,-0.186220,-0.060038,-0.047663,0.002292,-0.082227,0.269306,-0.600189,1.208809,1.570800,0.000000,0.000000,0.032614,-0.256237,0.454795,1.226592,0.304387,0.000000,0.000000
-1.215398,-0.378120,0.886293,0.041534,-0.027502,0.807630,0.587582,0.061122,0.092114,-0.045414,0.169342,-0.165268,0.044729,-0.062376,-0.131352,0.026557,0.433187,-0.212879,-0.052752,-0.043062,0.002033,-0.078876,0.268595,-0.597043,1.202452,1.570800,0.000000,0.000000,0.033988,-0.254423,0.456316,1.215704,0.311622,0.000000,0.000000
-1.224065,-0.380929,0.886407,0.038594,-0.024684,0.806087,0.590021,0.060371,0.080756,-0.041858,0.156006,-0.163141,0.041010,-0.064783,-0.097796,0.039749,0.428022,-0.230475,-0.046001,-0.036833,0.001755,-0.075924,0.266847,-0.592508,1.198584,1.570800,0.000000,0.000000,0.033109,-0.254792,0.460493,1.204736,0.312129,0.000000,0.000000
-1.232398,-0.383175,0.885871,0.035928,-0.021494,0.804591,0.592351,0.059710,0.069180,-0.038346,0.143287,-0.162532,0.037276,-0.064820,-0.066160,0.053023,0.412204,-0.240593,-0.039841,-0.029649,0.001477,-0.072871,0.264173,-0.587359,1.196193,1.570800,0.000000,0.000000,0.030809,-0.256613,0.466103,1.193998,0.307783,0.000000,0.000000
-1.240593,-0.385725,0.886217,0.033641,-0.017377,0.803363,0.594284,0.057203,0.055937,-0.034297,0.134064,-0.160375,0.033118,-0.061476,-0.040600,0.058950,0.382171,-0.242909,-0.034022,-0.021103,0.001175,-0.072370,0.259923,-0.580703,1.196313,1.570800,0.000000,0.000000,0.025096,-0.258129,0.471420,1.186684,0.305733,0.000000,0.000000
-1.248409,-0.387919,0.886057,0.031966,-0.013299,0.802010,0.596307,0.053466,0.042469,-0.031141,0.129846,-0.160688,0.029116,-0.055474,-0.020614,0.061427,0.343483,-0.239980,-0.029095,-0.012902,0.000852,-0.073365,0.255190,-0.573884,1.197700,1.568945,0.000000,0.000000,0.018230,-0.259648,0.476894,1.181012,0.304401,0.000000,0.000000
-1.256089,-0.390058,0.885060,0.031361,-0.009525,0.800080,0.598997,0.048707,0.028824,-0.029278,0.132803,-0.165199,0.025341,-0.047997,-0.007986,0.060308,0.300514,-0.234593,-0.025479,-0.005152,0.000579,-0.076420,0.250432,-0.566292,1.200832,1.564939,0.000000,0.000000,0.010395,-0.260786,0.482560,1.177491,0.303735,0.000000,0.000000
-1.264019,-0.392183,0.882638,0.032222,-0.006856,0.798749,0.600762,0.044270,0.014841,-0.031524,0.141460,-0.171420,0.022195,-0.040522,-0.002815,0.056277,0.264684,-0.226981,-0.023350,0.001461,0.000326,-0.080128,0.245663,-0.558311,1.208036,1.556101,0.000000,0.000000,0.003209,-0.262755,0.487789,1.176859,0.306038,0.000000,0.000000
-1.271810,-0.394064,0.880598,0.033820,-0.004836,0.797738,0.602036,0.039670,0.001629,-0.036289,0.154995,-0.179412,0.019684,-0.033938,-0.003689,0.050566,0.237049,-0.220420,-0.022502,0.007299,0.000136,-0.084001,0.241074,-0.550212,1.217773,1.544184,0.000000,0.000000,-0.003324,-0.265188,0.492692,1.177952,0.310267,0.000000,0.000000
-1.281142,-0.395652,0.879091,0.036985,-0.004327,0.797211,0.602552,0.034518,-0.012031,-0.047230,0.178404,-0.186157,0.018098,-0.026574,-0.013077,0.043535,0.221886,-0.219552,-0.023563,0.012115,-0.000042,-0.085502,0.236185,-0.544744,1.227010,1.536264,0.000000,0.000000,-0.005854,-0.268034,0.497537,1.179408,0.309682,0.000000,0.000000
-1.290684,-0.396578,0.879279,0.040203,-0.004135,0.796581,0.603180,0.029249,-0.022304,-0.059289,0.205859,-0.188523,0.017613,-0.019195,-0.026096,0.037512,0.213481,-0.219233,-0.025685,0.017486,-0.000177,-0.085392,0.232317,-0.540218,1.234178,1.529204,0.000000,0.000000,-0.006523,-0.271427,0.502138,1.180460,0.308028,0.000000,0.000000
-1.300864,-0.396929,0.881446,0.043786,-0.004124,0.796484,0.603058,0.023535,-0.029046,-0.073767,0.238920,-0.181837,0.018526,-0.010741,-0.042004,0.032506,0.208377,-0.211976,-0.028770,0.022601,-0.000303,-0.083331,0.229430,-0.536282,1.238168,1.521194,0.000000,0.000000,-0.005346,-0.276983,0.507114,1.180824,0.306346,0.000000,0.000000
-1.309706,-0.396790,0.883827,0.047764,-0.004966,0.796698,0.602466,0.018865,-0.026050,-0.071159,0.280703,-0.180970,0.019169,-0.002727,-0.055600,0.029078,0.207996,-0.204493,-0.031673,0.025478,-0.000345,-0.077771,0.228752,-0.531740,1.237552,1.516493,0.000000,0.000000,-0.002441,-0.283023,0.511886,1.179885,0.301146,0.000000,0.000000
-1.317832,-0.396759,0.886130,0.051811,-0.006168,0.796841,0.601932,0.013659,-0.015816,-0.056211,0.332192,-0.186835,0.019643,0.004732,-0.067906,0.026928,0.210597,-0.197426,-0.034573,0.027528,-0.000391,-0.069859,0.229580,-0.526248,1.234006,1.514114,0.000000,0.000000,0.001215,-0.289223,0.516845,1.178208,0.293140,0.000000,0.000000
-1.327058,-0.397064,0.888398,0.055397,-0.007093,0.796710,0.601776,0.005916,-0.004913,-0.036615,0.393390,-0.181689,0.019484,0.012784,-0.081270,0.024307,0.210093,-0.192376,-0.037684,0.031297,-0.000445,-0.060961,0.228906,-0.520939,1.228628,1.508114,0.000000,0.000000,0.006546,-0.295700,0.518399,1.179136,0.288065,0.000000,0.000000
-1.336786,-0.397737,0.890506,0.058999,-0.007804,0.796505,0.601696,-0.002450,0.007282,-0.019220,0.460448,-0.173423,0.020056,0.020350,-0.095186,0.022177,0.209037,-0.187830,-0.041024,0.035702,-0.000491,-0.052383,0.227389,-0.518020,1.223756,1.503863,0.000000,0.000000,0.012144,-0.301662,0.519229,1.181130,0.281251,0.000000,0.000000
-1.347243,-0.398664,0.892316,0.062634,-0.008527,0.796110,0.601841,-0.010792,0.022032,-0.006205,0.537744,-0.157441,0.022207,0.027513,-0.110537,0.021388,0.209168,-0.184085,-0.044983,0.041002,-0.000559,-0.043163,0.225038,-0.519121,1.219987,1.504719,0.000000,0.000000,0.018787,-0.306534,0.520183,1.184444,0.268636,0.000000,0.000000
-1.357450,-0.400387,0.895378,0.066303,-0.008880,0.796376,0.601090,-0.020560,0.039904,0.009835,0.606782,-0.142670,0.024566,0.033808,-0.125536,0.019709,0.208907,-0.177825,-0.048785,0.045918,-0.000586,-0.034885,0.222068,-0.523947,1.215861,1.507165,0.000000,0.000000,0.025540,-0.311300,0.517580,1.186442,0.260374,0.000000,0.000000
-1.367555,-0.402967,0.898531,0.069717,-0.009064,0.796872,0.600044,-0.031297,0.062074,0.027828,0.668321,-0.126030,0.027680,0.039133,-0.140513,0.017606,0.208189,-0.169407,-0.052585,0.051021,-0.000623,-0.027659,0.219027,-0.531017,1.211523,1.510027,0.000000,0.000000,0.032301,-0.316100,0.512813,1.187288,0.255314,0.000000,0.000000
-1.376305,-0.405987,0.899410,0.071869,-0.008372,0.794949,0.602347,-0.039106,0.090910,0.037166,0.712187,-0.114067,0.034495,0.040686,-0.154356,0.017387,0.206298,-0.163945,-0.056233,0.055300,-0.000647,-0.023237,0.218127,-0.535190,1.205747,1.505441,0.000000,0.000000,0.035548,-0.319289,0.508951,1.187501,0.258253,0.000000,0.000000
-1.385654,-0.409247,0.898160,0.073134,-0.007483,0.793449,0.604181,-0.043799,0.121231,0.045660,0.737787,-0.101778,0.041824,0.040516,-0.168264,0.018416,0.205219,-0.160762,-0.060000,0.058831,-0.000699,-0.020461,0.219004,-0.537911,1.200209,1.498700,0.000000,0.000000,0.036968,-0.322175,0.506864,1.186821,0.262861,0.000000,0.000000
-1.395731,-0.412755,0.895672,0.073363,-0.005781,0.793137,0.604581,-0.046409,0.147801,0.054551,0.740042,-0.094798,0.047867,0.038946,-0.182199,0.020604,0.204659,-0.160691,-0.063834,0.060702,-0.000743,-0.020167,0.221416,-0.538523,1.195965,1.490876,0.000000,0.000000,0.036427,-0.325578,0.506972,1.184380,0.267322,0.000000,0.000000
-1.406377,-0.415983,0.893732,0.072790,-0.003482,0.792416,0.605613,-0.046821,0.173994,0.061503,0.731422,-0.089772,0.054196,0.036759,-0.197283,0.022653,0.202406,-0.159704,-0.067842,0.061470,-0.000743,-0.020300,0.224346,-0.538418,1.191421,1.484243,0.000000,0.000000,0.034117,-0.329685,0.508361,1.181597,0.269610,0.000000,0.000000
-1.417328,-0.418973,0.891749,0.071626,-0.001135,0.791530,0.606917,-0.044799,0.199026,0.066737,0.714750,-0.084823,0.060555,0.034381,-0.212257,0.024393,0.198661,-0.157307,-0.071703,0.061368,-0.000737,-0.020409,0.227957,-0.537800,1.186501,1.479073,0.000000,0.000000,0.030627,-0.333656,0.510508,1.178866,0.269961,0.000000,0.000000
-1.428977,-0.422379,0.889152,0.068893,-0.000116,0.791481,0.607298,-0.040862,0.220710,0.069906,0.682642,-0.082595,0.066268,0.031006,-0.224845,0.022676,0.196225,-0.154988,-0.074328,0.059395,-0.000657,-0.022256,0.233832,-0.535265,1.181872,1.474694,0.000000,0.000000,0.025675,-0.336884,0.511624,1.176538,0.271604,0.000000,0.000000
-1.440847,-0.426159,0.885495,0.065716,0.000465,0.791568,0.607537,-0.033818,0.241654,0.072410,0.638056,-0.079753,0.071861,0.026490,-0.236648,0.019318,0.195179,-0.153169,-0.076425,0.055908,-0.000605,-0.025210,0.241045,-0.531306,1.177796,1.470493,0.000000,0.000000,0.018883,-0.339138,0.512965,1.174535,0.273568,0.000000,0.000000
-1.453073,-0.430683,0.880996,0.062102,0.000693,0.791685,0.607765,-0.023519,0.262740,0.074113,0.582329,-0.078096,0.077549,0.020693,-0.248041,0.014522,0.195407,-0.151952,-0.078110,0.050619,-0.000488,-0.029660,0.248634,-0.525257,1.175222,1.466443,0.000000,0.000000,0.009128,-0.340362,0.515125,1.173280,0.275101,0.000000,0.000000
-1.466347,-0.435733,0.876046,0.058527,0.001071,0.791470,0.608398,-0.012469,0.280582,0.073759,0.520786,-0.074419,0.082439,0.014484,-0.260258,0.009742,0.196025,-0.151965,-0.079943,0.043890,-0.000347,-0.034876,0.256644,-0.519795,1.172850,1.464238,0.000000,0.000000,-0.001654,-0.341736,0.517389,1.173652,0.275018,0.000000,0.000000
-1.480128,-0.441332,0.870516,0.054895,0.001400,0.791143,0.609161,-0.001332,0.295812,0.071764,0.455286,-0.068481,0.086570,0.007918,-0.273042,0.005145,0.196879,-0.152683,-0.081834,0.036233,-0.000182,-0.040474,0.265277,-0.514964,1.170346,1.463353,0.000000,0.000000,-0.012851,-0.343042,0.519440,1.175067,0.273683,0.000000,0.000000
-1.494637,-0.447994,0.864378,0.050123,0.000372,0.790972,0.609796,0.010059,0.307697,0.060771,0.385827,-0.064121,0.090991,0.000559,-0.284350,0.003579,0.197252,-0.153515,-0.083750,0.027812,0.000017,-0.047277,0.272900,-0.510973,1.171081,1.462892,0.000000,0.000000,-0.025606,-0.342732,0.518855,1.179607,0.273345,0.000000,0.000000
-1.509254,-0.454611,0.857662,0.045693,-0.001568,0.790957,0.610161,0.020771,0.315387,0.048509,0.326989,-0.065055,0.094149,-0.005256,-0.294370,0.002277,0.197595,-0.155996,-0.085377,0.019588,0.000226,-0.054855,0.280395,-0.510781,1.173126,1.464985,0.000000,0.000000,-0.037549,-0.341798,0.516194,1.185912,0.274585,0.000000,0.000000
-1.524420,-0.461234,0.850883,0.042179,-0.004706,0.791282,0.609977,0.029352,0.317219,0.036680,0.287300,-0.074100,0.095460,-0.008209,-0.303705,0.000248,0.197586,-0.161353,-0.086741,0.011771,0.000499,-0.063637,0.287521,-0.518001,1.175820,1.472414,0.000000,0.000000,-0.047527,-0.341630,0.509888,1.194164,0.278792,0.000000,0.000000
-1.540143,-0.467589,0.844785,0.040178,-0.008242,0.792326,0.608718,0.036394,0.312816,0.023330,0.259026,-0.097154,0.094946,-0.008097,-0.313075,-0.005716,0.198229,-0.161638,-0.087839,0.005261,0.000710,-0.074621,0.292503,-0.530895,1.181490,1.479831,0.000000,0.000000,-0.053847,-0.341912,0.497802,1.201668,0.287162,0.000000,0.000000
-1.555783,-0.474690,0.840668,0.038884,-0.012045,0.793756,0.606872,0.039801,0.303432,0.009333,0.241543,-0.130678,0.092763,-0.006978,-0.322567,-0.014152,0.197624,-0.153862,-0.089005,-0.001133,0.000952,-0.086580,0.296195,-0.546933,1.188922,1.485674,0.000000,0.000000,-0.056401,-0.342842,0.481541,1.206552,0.297803,0.000000,0.000000
-1.570434,-0.482097,0.841881,0.038814,-0.017154,0.796888,0.602634,0.040468,0.293238,0.004514,0.235263,-0.162186,0.089035,-0.004576,-0.331213,-0.026481,0.196299,-0.106363,-0.091226,-0.008306,0.001315,-0.098296,0.298497,-0.568920,1.197336,1.496829,0.000000,0.000000,-0.051494,-0.339379,0.462403,1.213759,0.307369,0.000000,0.000000
-1.585772,-0.489841,0.848770,0.039085,-0.021964,0.800059,0.598243,0.039653,0.281486,0.001404,0.232737,-0.184043,0.085197,-0.003264,-0.338761,-0.039118,0.195044,-0.060665,-0.093373,-0.014651,0.001633,-0.108863,0.298958,-0.590969,1.204311,1.507948,0.000000,0.000000,-0.043805,-0.335331,0.445015,1.220475,0.315280,0.000000,0.000000
-1.602384,-0.498001,0.854491,0.040088,-0.026184,0.803161,0.593835,0.038605,0.267135,-0.002421,0.230473,-0.188577,0.081631,-0.003028,-0.345426,-0.051041,0.197143,-0.038268,-0.094595,-0.020171,0.001884,-0.117640,0.296826,-0.611507,1.208089,1.517513,0.000000,0.000000,-0.033275,-0.331759,0.432151,1.226023,0.321544,0.000000,0.000000
-1.618398,-0.505876,0.861008,0.040140,-0.029522,0.805792,0.590099,0.038011,0.253043,-0.006738,0.225693,-0.185662,0.078649,-0.003828,-0.347112,-0.057945,0.205032,-0.028008,-0.094761,-0.025509,0.002124,-0.124065,0.295611,-0.627076,1.209983,1.524951,0.000000,0.000000,-0.024580,-0.328348,0.423056,1.230820,0.324738,0.000000,0.000000
-1.634312,-0.513476,0.867522,0.039790,-0.032356,0.808052,0.586875,0.038063,0.237812,-0.011434,0.218724,-0.179217,0.075617,-0.005347,-0.343951,-0.061534,0.219696,-0.025297,-0.094037,-0.031167,0.002404,-0.129272,0.295181,-0.640394,1.210756,1.531833,0.000000,0.000000,-0.016898,-0.324688,0.415674,1.235952,0.326210,0.000000,0.000000
-1.649463,-0.519756,0.874028,0.040142,-0.034375,0.810170,0.583808,0.039084,0.221476,-0.015771,0.210725,-0.168798,0.072428,-0.008401,-0.333459,-0.057537,0.247159,-0.032874,-0.092612,-0.035636,0.002559,-0.128935,0.295899,-0.649192,1.208746,1.538504,0.000000,0.000000,-0.007164,-0.320535,0.415059,1.237924,0.321934,0.000000,0.000000
-1.664182,-0.525589,0.880104,0.039827,-0.035957,0.811322,0.582132,0.041017,0.205478,-0.019321,0.201017,-0.157884,0.069227,-0.012785,-0.316514,-0.048676,0.284321,-0.051632,-0.090151,-0.039427,0.002628,-0.125214,0.297507,-0.654375,1.205114,1.544731,0.000000,0.000000,0.002061,-0.316199,0.416835,1.235861,0.317117,0.000000,0.000000
-1.677783,-0.530585,0.885406,0.038100,-0.036751,0.810873,0.582823,0.043827,0.191059,-0.021961,0.188208,-0.148542,0.066162,-0.018858,-0.292305,-0.034776,0.328743,-0.082147,-0.086358,-0.042337,0.002677,-0.118306,0.300165,-0.655603,1.200456,1.549682,0.000000,0.000000,0.009221,-0.311495,0.418879,1.226519,0.314929,0.000000,0.000000
-1.690361,-0.534886,0.889577,0.037908,-0.036157,0.810028,0.584047,0.046779,0.175303,-0.021865,0.177146,-0.142385,0.062190,-0.026348,-0.262498,-0.021382,0.372208,-0.117465,-0.080729,-0.043421,0.002628,-0.111604,0.302417,-0.652333,1.195201,1.556872,0.000000,0.000000,0.013438,-0.305505,0.419280,1.218720,0.312979,0.000000,0.000000
-1.702107,-0.538673,0.892416,0.038469,-0.034564,0.809076,0.585424,0.049322,0.158628,-0.020153,0.168176,-0.138790,0.057649,-0.034215,-0.229957,-0.010126,0.410478,-0.151471,-0.073874,-0.043486,0.002516,-0.105881,0.303767,-0.646349,1.189765,1.565788,0.000000,0.000000,0.015089,-0.299080,0.418494,1.213507,0.310801,0.000000,0.000000
-1.712492,-0.541920,0.894344,0.036192,-0.032418,0.808350,0.586694,0.050122,0.144706,-0.017296,0.155944,-0.138525,0.053425,-0.042122,-0.192769,0.001030,0.437471,-0.185789,-0.065577,-0.041054,0.002313,-0.099683,0.302583,-0.643266,1.184427,1.570800,0.000000,0.000000,0.019403,-0.294220,0.419315,1.200195,0.311829,0.000000,0.000000
-1.722120,-0.544697,0.895034,0.034068,-0.029874,0.807096,0.588679,0.050132,0.131641,-0.013695,0.145240,-0.140385,0.049238,-0.047825,-0.156478,0.011403,0.451098,-0.213940,-0.057401,-0.036681,0.002067,-0.094474,0.299145,-0.640692,1.180915,1.570800,0.000000,0.000000,0.022571,-0.289930,0.420716,1.186233,0.314203,0.000000,0.000000
-1.731123,-0.546941,0.894501,0.032476,-0.026716,0.804866,0.591965,0.049465,0.118075,-0.009253,0.138131,-0.144877,0.044815,-0.050722,-0.122346,0.021759,0.447395,-0.234928,-0.049803,-0.030007,0.001744,-0.089905,0.291044,-0.634784,1.181130,1.570800,0.000000,0.000000,0.022028,-0.285555,0.423807,1.174412,0.318201,0.000000,0.000000
-1.739614,-0.548988,0.893658,0.030688,-0.023022,0.802836,0.594964,0.048155,0.104386,-0.004406,0.131101,-0.149026,0.040350,-0.051332,-0.091885,0.029645,0.429497,-0.246647,-0.042807,-0.022876,0.001454,-0.087678,0.283338,-0.626943,1.181500,1.570435,0.000000,0.000000,0.017269,-0.284065,0.428814,1.165501,0.320144,0.000000,0.000000
-1.747413,-0.550767,0.892960,0.028809,-0.019023,0.801003,0.597664,0.046277,0.091059,0.000409,0.124085,-0.152755,0.036044,-0.049845,-0.064996,0.035584,0.401523,-0.251411,-0.036502,-0.015949,0.001128,-0.086882,0.276362,-0.618440,1.181468,1.567249,0.000000,0.000000,0.009887,-0.284533,0.434977,1.158489,0.320514,0.000000,0.000000
-1.755307,-0.552926,0.893201,0.027893,-0.014943,0.799244,0.600173,0.043137,0.076381,0.003400,0.121729,-0.154762,0.031796,-0.045551,-0.045032,0.037067,0.367239,-0.250397,-0.031352,-0.008155,0.000898,-0.088266,0.267667,-0.610867,1.184061,1.562753,0.000000,0.000000,0.000488,-0.282311,0.445021,1.157591,0.320763,0.000000,0.000000
-1.762765,-0.554943,0.892797,0.027416,-0.010976,0.797923,0.602035,0.038856,0.062231,0.004480,0.123751,-0.158987,0.028052,-0.039492,-0.032284,0.036490,0.328551,-0.246588,-0.027773,-0.000881,0.000645,-0.090242,0.258574,-0.603448,1.187931,1.558458,0.000000,0.000000,-0.009786,-0.279308,0.456450,1.159604,0.320117,0.000000,0.000000
-1.770270,-0.557036,0.891293,0.027765,-0.007323,0.797268,0.602942,0.033322,0.047661,0.002686,0.131548,-0.167680,0.024690,-0.031993,-0.028298,0.033501,0.285289,-0.242107,-0.025996,0.005906,0.000392,-0.092940,0.248877,-0.595288,1.193892,1.554789,0.000000,0.000000,-0.021617,-0.275408,0.470332,1.165294,0.317505,0.000000,0.000000
-1.778328,-0.558919,0.886650,0.030174,-0.004780,0.796991,0.603218,0.027906,0.032244,-0.002870,0.147459,-0.178346,0.021776,-0.024508,-0.033527,0.027140,0.255014,-0.239697,-0.026012,0.010543,0.000197,-0.095158,0.240353,-0.586516,1.201310,1.551536,0.000000,0.000000,-0.030777,-0.272500,0.482853,1.170676,0.311172,0.000000,0.000000
-1.786578,-0.560846,0.884083,0.033551,-0.002796,0.796903,0.603168,0.022271,0.017076,-0.010736,0.170043,-0.191166,0.019345,-0.017636,-0.045519,0.018307,0.235692,-0.240994,-0.027309,0.013985,0.000063,-0.097216,0.232455,-0.577133,1.209801,1.548367,0.000000,0.000000,-0.038356,-0.270204,0.494596,1.175550,0.302230,0.000000,0.000000
-1.795450,-0.562416,0.884594,0.036361,-0.000982,0.797360,0.602406,0.017092,0.004702,-0.027775,0.193208,-0.190242,0.019162,-0.011133,-0.060289,0.012404,0.223143,-0.234763,-0.029837,0.018690,-0.000083,-0.096214,0.226281,-0.573126,1.212833,1.547493,0.000000,0.000000,-0.042075,-0.268151,0.505079,1.177860,0.291820,0.000000,0.000000
-1.804357,-0.563184,0.886477,0.039983,0.000154,0.797944,0.601403,0.011559,-0.002924,-0.039163,0.224091,-0.188322,0.019321,-0.003333,-0.076329,0.006094,0.214298,-0.227264,-0.032732,0.022228,-0.000196,-0.092141,0.220797,-0.570506,1.212276,1.545234,0.000000,0.000000,-0.042857,-0.266677,0.515452,1.179101,0.282656,0.000000,0.000000
-1.812365,-0.563170,0.888542,0.044713,-0.000217,0.798168,0.600774,0.004877,-0.002353,-0.033260,0.269757,-0.187411,0.018792,0.005782,-0.091241,-0.000435,0.210647,-0.219329,-0.035480,0.024472,-0.000258,-0.082930,0.216789,-0.568940,1.205879,1.538652,0.000000,0.000000,-0.039222,-0.265757,0.526619,1.179055,0.277482,0.000000,0.000000
-1.819982,-0.563996,0.890212,0.048616,-0.000487,0.798636,0.599848,-0.002939,0.005193,-0.016378,0.319885,-0.188614,0.018183,0.013594,-0.105050,-0.006937,0.208211,-0.212800,-0.038019,0.026167,-0.000298,-0.072040,0.214388,-0.568227,1.196630,1.532070,0.000000,0.000000,-0.035096,-0.266148,0.535387,1.178901,0.272138,0.000000,0.000000
-1.827420,-0.565611,0.891537,0.051925,-0.000624,0.799197,0.598822,-0.011199,0.017269,0.005639,0.369556,-0.190530,0.017781,0.019513,-0.117795,-0.013128,0.206524,-0.207541,-0.040347,0.027868,-0.000297,-0.061231,0.213038,-0.568201,1.186351,1.526226,0.000000,0.000000,-0.031549,-0.267198,0.541954,1.178931,0.266142,0.000000,0.000000
-1.835548,-0.567712,0.892949,0.055035,-0.000767,0.799120,0.598647,-0.019476,0.028524,0.020199,0.414349,-0.187403,0.018395,0.023616,-0.130567,-0.018280,0.207127,-0.202276,-0.042875,0.030428,-0.000342,-0.051375,0.213434,-0.570182,1.176729,1.520606,0.000000,0.000000,-0.028881,-0.269318,0.546329,1.177607,0.259729,0.000000,0.000000
-1.843889,-0.570184,0.893990,0.057800,-0.000758,0.798927,0.598643,-0.027093,0.042520,0.033598,0.458758,-0.181801,0.019950,0.026666,-0.143674,-0.022576,0.208381,-0.197745,-0.045623,0.032853,-0.000352,-0.042220,0.214163,-0.573082,1.167526,1.515908,0.000000,0.000000,-0.026203,-0.271613,0.549646,1.176064,0.253143,0.000000,0.000000
-1.852244,-0.572969,0.894329,0.059922,-0.000593,0.798408,0.599127,-0.033512,0.061699,0.047060,0.503459,-0.172478,0.022950,0.028728,-0.156887,-0.024872,0.209035,-0.194454,-0.048673,0.034656,-0.000409,-0.034080,0.215159,-0.576854,1.159151,1.513673,0.000000,0.000000,-0.023450,-0.273650,0.551636,1.174885,0.246582,0.000000,0.000000
-1.860342,-0.576069,0.894307,0.061027,-0.000466,0.797213,0.600606,-0.038388,0.082548,0.058201,0.535901,-0.165069,0.026855,0.029301,-0.168121,-0.026741,0.208130,-0.190777,-0.051230,0.036966,-0.000436,-0.027920,0.217337,-0.579117,1.152820,1.511748,0.000000,0.000000,-0.022405,-0.275801,0.553246,1.173641,0.240356,0.000000,0.000000
-1.868683,-0.579151,0.893919,0.061559,-0.000409,0.795591,0.602699,-0.041967,0.106458,0.068708,0.559901,-0.156291,0.031753,0.029037,-0.179187,-0.028445,0.206459,-0.186570,-0.053732,0.039862,-0.000500,-0.022465,0.220510,-0.580372,1.147276,1.509554,0.000000,0.000000,-0.022354,-0.278178,0.555067,1.172111,0.233883,0.000000,0.000000
-1.877708,-0.582064,0.893006,0.062113,0.000554,0.793794,0.605006,-0.043512,0.131403,0.073777,0.569296,-0.147775,0.038008,0.027629,-0.191500,-0.026544,0.206002,-0.182876,-0.057105,0.041668,-0.000561,-0.019437,0.223978,-0.581337,1.144406,1.506900,0.000000,0.000000,-0.023111,-0.281079,0.556089,1.172362,0.229492,0.000000,0.000000
-1.887302,-0.584827,0.891115,0.062018,0.001621,0.791989,0.607376,-0.042741,0.157531,0.077488,0.567724,-0.139342,0.044840,0.025699,-0.204394,-0.023733,0.205109,-0.180122,-0.060699,0.043096,-0.000629,-0.017859,0.227854,-0.581744,1.142845,1.502769,0.000000,0.000000,-0.025352,-0.284188,0.558289,1.172712,0.225208,0.000000,0.000000
-1.897176,-0.587584,0.888329,0.060730,0.002819,0.790210,0.609814,-0.039947,0.183305,0.080386,0.553729,-0.135544,0.051626,0.023139,-0.216672,-0.020583,0.202183,-0.178517,-0.064054,0.043915,-0.000705,-0.018130,0.232561,-0.580820,1.142723,1.495741,0.000000,0.000000,-0.030279,-0.287321,0.563302,1.172496,0.220181,0.000000,0.000000
-1.907803,-0.590131,0.885722,0.059585,0.003454,0.788079,0.612673,-0.035427,0.207347,0.081806,0.528589,-0.131725,0.058066,0.020194,-0.228839,-0.017747,0.200921,-0.176236,-0.067312,0.043508,-0.000749,-0.018798,0.236859,-0.577778,1.143931,1.487424,0.000000,0.000000,-0.035904,-0.289878,0.567890,1.171431,0.218695,0.000000,0.000000
-1.918831,-0.592533,0.883026,0.058467,0.003711,0.785775,0.615732,-0.029298,0.229295,0.082449,0.496067,-0.126977,0.063914,0.016983,-0.240712,-0.015170,0.201359,-0.173363,-0.070510,0.042254,-0.000757,-0.019482,0.240900,-0.573293,1.145994,1.478652,0.000000,0.000000,-0.041570,-0.291969,0.571894,1.169603,0.220287,0.000000,0.000000
-1.930707,-0.595092,0.879793,0.055770,0.003819,0.784437,0.617684,-0.022849,0.247289,0.082528,0.463512,-0.122165,0.068676,0.013953,-0.251285,-0.013096,0.199735,-0.171329,-0.073248,0.039484,-0.000700,-0.020617,0.244802,-0.571659,1.146726,1.476245,0.000000,0.000000,-0.046380,-0.294640,0.572289,1.170907,0.221489,0.000000,0.000000
-1.943141,-0.597897,0.876520,0.053323,0.004019,0.783271,0.619376,-0.015479,0.263958,0.081519,0.430713,-0.117921,0.073191,0.011042,-0.262597,-0.011817,0.197698,-0.168617,-0.076011,0.036239,-0.000635,-0.022376,0.248660,-0.570244,1.147199,1.475346,0.000000,0.000000,-0.051494,-0.297369,0.570689,1.173071,0.222111,0.000000,0.000000
-1.956418,-0.600971,0.873300,0.051410,0.004280,0.782113,0.620997,-0.007683,0.278950,0.078792,0.399900,-0.113728,0.077535,0.008328,-0.274874,-0.011556,0.196538,-0.164569,-0.078913,0.032687,-0.000525,-0.024902,0.252364,-0.567542,1.147788,1.473823,0.000000,0.000000,-0.057195,-0.299727,0.567657,1.175232,0.221990,0.000000,0.000000
-1.970341,-0.604452,0.869205,0.048959,0.003539,0.780672,0.623010,0.000203,0.291635,0.074645,0.369248,-0.108284,0.081417,0.005581,-0.287089,-0.012445,0.194731,-0.161101,-0.081563,0.028025,-0.000381,-0.028310,0.256644,-0.565193,1.147049,1.473082,0.000000,0.000000,-0.062650,-0.303003,0.562492,1.178196,0.224684,0.000000,0.000000
-1.984551,-0.608179,0.864182,0.046163,0.002101,0.779078,0.625221,0.007476,0.301546,0.069592,0.339882,-0.102197,0.084645,0.002916,-0.298571,-0.014074,0.192276,-0.158346,-0.083843,0.022742,-0.000235,-0.032158,0.261735,-0.563471,1.145110,1.473189,0.000000,0.000000,-0.067448,-0.306849,0.555788,1.181596,0.230125,0.000000,0.000000
-1.999651,-0.612561,0.858865,0.044158,-0.000634,0.777903,0.626830,0.013852,0.308161,0.062982,0.314588,-0.101936,0.087093,0.001204,-0.309885,-0.017254,0.191219,-0.156331,-0.085870,0.017113,0.000022,-0.038715,0.268176,-0.563493,1.143356,1.473500,0.000000,0.000000,-0.071676,-0.311955,0.545876,1.186623,0.237190,0.000000,0.000000
-2.015080,-0.617215,0.853499,0.042400,-0.004007,0.777663,0.627237,0.019081,0.311015,0.055599,0.295234,-0.107644,0.088478,0.000323,-0.320619,-0.022115,0.191789,-0.153987,-0.087614,0.011509,0.000284,-0.047020,0.274142,-0.566135,1.142945,1.474414,0.000000,0.000000,-0.074345,-0.317098,0.532776,1.192321,0.245532,0.000000,0.000000
-2.031080,-0.622403,0.848173,0.041105,-0.008387,0.779142,0.625442,0.022766,0.309245,0.047978,0.283988,-0.120438,0.088528,0.000777,-0.330437,-0.029910,0.194789,-0.150350,-0.088914,0.006038,0.000576,-0.057792,0.277800,-0.573000,1.145489,1.477000,0.000000,0.000000,-0.074206,-0.321894,0.514783,1.198419,0.255764,0.000000,0.000000
-2.047657,-0.628279,0.841813,0.040242,-0.012545,0.781212,0.622841,0.024648,0.302000,0.036757,0.277053,-0.147400,0.087231,0.002359,-0.339944,-0.043536,0.197966,-0.142447,-0.089530,0.001375,0.000923,-0.072096,0.280286,-0.588905,1.150312,1.484973,0.000000,0.000000,-0.069816,-0.327250,0.490487,1.204319,0.265824,0.000000,0.000000
-2.064258,-0.634704,0.837744,0.039341,-0.016875,0.783116,0.620400,0.024485,0.291558,0.025373,0.273870,-0.181418,0.084794,0.003804,-0.347841,-0.058846,0.199696,-0.130878,-0.089726,-0.003221,0.001294,-0.086059,0.283022,-0.607833,1.154897,1.496783,0.000000,0.000000,-0.063174,-0.331579,0.465753,1.209274,0.273368,0.000000,0.000000
-2.080242,-0.641179,0.841750,0.038554,-0.022348,0.786644,0.615796,0.022952,0.281457,0.019234,0.272507,-0.202922,0.081989,0.005697,-0.354247,-0.070721,0.200741,-0.096860,-0.091084,-0.008098,0.001664,-0.102098,0.283387,-0.625904,1.163751,1.508959,0.000000,0.000000,-0.054803,-0.332858,0.440423,1.219002,0.282271,0.000000,0.000000
-2.096379,-0.647716,0.846005,0.037777,-0.027759,0.790143,0.611127,0.021594,0.270491,0.014294,0.270372,-0.217466,0.079150,0.006670,-0.360154,-0.081751,0.202738,-0.064214,-0.092634,-0.013032,0.002002,-0.117293,0.283143,-0.643503,1.172810,1.520439,0.000000,0.000000,-0.045555,-0.331920,0.417356,1.231414,0.289939,0.000000,0.000000
-2.112969,-0.654439,0.850673,0.037169,-0.032879,0.793577,0.606443,0.021347,0.259066,0.009674,0.266804,-0.223289,0.076587,0.006403,-0.364789,-0.091484,0.208569,-0.049667,-0.093345,-0.017958,0.002332,-0.128316,0.283045,-0.658575,1.178973,1.529635,0.000000,0.000000,-0.035620,-0.328474,0.400917,1.246221,0.293858,0.000000,0.000000
-2.129266,-0.660790,0.856653,0.036302,-0.037343,0.796685,0.602147,0.022518,0.247154,0.003103,0.259295,-0.220895,0.074559,0.004726,-0.365770,-0.097127,0.223875,-0.041754,-0.093588,-0.022773,0.002580,-0.135807,0.283839,-0.668493,1.182349,1.535746,0.000000,0.000000,-0.025256,-0.324062,0.390486,1.257319,0.296134,0.000000,0.000000
-2.145651,-0.666840,0.863247,0.035467,-0.041286,0.799507,0.598186,0.025200,0.233677,-0.005300,0.247838,-0.212309,0.072670,0.002057,-0.362625,-0.099555,0.249730,-0.039363,-0.093366,-0.027853,0.002761,-0.141082,0.285256,-0.674756,1.183714,1.540133,0.000000,0.000000,-0.013940,-0.319249,0.383870,1.265828,0.297822,0.000000,0.000000
-2.160937,-0.671825,0.869091,0.034896,-0.043363,0.802101,0.594589,0.028351,0.219507,-0.012589,0.234242,-0.201361,0.070484,-0.001366,-0.353184,-0.091827,0.282218,-0.046850,-0.093013,-0.032473,0.002916,-0.142323,0.288757,-0.675701,1.184190,1.540102,0.000000,0.000000,-0.002725,-0.314914,0.382440,1.269402,0.302042,0.000000,0.000000
-2.175757,-0.676459,0.874404,0.034249,-0.044941,0.803992,0.591949,0.032673,0.204548,-0.019000,0.217806,-0.188591,0.068000,-0.006312,-0.337660,-0.079862,0.318770,-0.062448,-0.091479,-0.036883,0.002987,-0.141340,0.292593,-0.672423,1.184295,1.539414,0.000000,0.000000,0.008044,-0.310971,0.382944,1.269155,0.305933,0.000000,0.000000
-2.189397,-0.680605,0.879571,0.033124,-0.045835,0.804786,0.590865,0.038064,0.190552,-0.023869,0.198217,-0.174255,0.065496,-0.013558,-0.316242,-0.065941,0.354218,-0.086104,-0.088215,-0.040626,0.002983,-0.138072,0.295927,-0.663386,1.184594,1.539871,0.000000,0.000000,0.016979,-0.307418,0.383941,1.262676,0.306609,0.000000,0.000000
-2.201779,-0.684005,0.884045,0.031672,-0.046289,0.804889,0.590768,0.043641,0.177693,-0.026561,0.178115,-0.161096,0.062818,-0.022114,-0.288452,-0.049551,0.390026,-0.117053,-0.083387,-0.042723,0.002949,-0.133561,0.298953,-0.655118,1.185485,1.542577,0.000000,0.000000,0.025044,-0.302744,0.386750,1.254294,0.309922,0.000000,0.000000
-2.213223,-0.686981,0.887385,0.030073,-0.046310,0.804601,0.591243,0.048802,0.165735,-0.027573,0.158876,-0.149814,0.060018,-0.031123,-0.255868,-0.032333,0.423722,-0.150242,-0.077339,-0.043092,0.002829,-0.128838,0.301426,-0.648690,1.186867,1.546763,0.000000,0.000000,0.032195,-0.297468,0.390636,1.245613,0.315851,0.000000,0.000000
-2.222857,-0.689966,0.889456,0.028092,-0.044945,0.803477,0.592971,0.052878,0.154369,-0.023023,0.139161,-0.143253,0.056269,-0.041162,-0.218118,-0.017884,0.443289,-0.180662,-0.069192,-0.040803,0.002562,-0.121757,0.302859,-0.639153,1.187164,1.547134,0.000000,0.000000,0.036133,-0.291879,0.393999,1.232718,0.322459,0.000000,0.000000
-2.231806,-0.692644,0.890311,0.026292,-0.042971,0.801876,0.595363,0.055597,0.142920,-0.016655,0.122539,-0.139498,0.052136,-0.049326,-0.181083,-0.006523,0.451035,-0.204496,-0.060777,-0.036962,0.002278,-0.114191,0.302770,-0.628919,1.186323,1.546424,0.000000,0.000000,0.038940,-0.287170,0.396419,1.219311,0.329231,0.000000,0.000000
-2.240121,-0.694944,0.890474,0.024741,-0.040213,0.799439,0.598889,0.056554,0.130754,-0.008626,0.110917,-0.138855,0.047571,-0.054530,-0.147285,0.001106,0.445828,-0.222292,-0.052682,-0.031013,0.001931,-0.106121,0.300290,-0.618243,1.183893,1.544940,0.000000,0.000000,0.041014,-0.283513,0.397073,1.205862,0.336388,0.000000,0.000000
-2.247754,-0.697203,0.889808,0.022663,-0.036802,0.796828,0.602658,0.056097,0.118421,0.001434,0.099902,-0.139920,0.042643,-0.057329,-0.116075,0.005811,0.422690,-0.233995,-0.044776,-0.023454,0.001557,-0.099771,0.296326,-0.607694,1.184199,1.542373,0.000000,0.000000,0.039675,-0.281775,0.399145,1.193317,0.345093,0.000000,0.000000
-2.254470,-0.699547,0.888708,0.020282,-0.033006,0.794254,0.606350,0.054153,0.106773,0.012111,0.090219,-0.142228,0.037827,-0.057821,-0.088266,0.008225,0.386512,-0.239847,-0.037458,-0.015599,0.001228,-0.095066,0.291501,-0.597662,1.186684,1.539154,0.000000,0.000000,0.035829,-0.281328,0.402368,1.182041,0.354661,0.000000,0.000000
-2.260357,-0.702528,0.887888,0.017713,-0.029059,0.791445,0.610293,0.050232,0.095762,0.020586,0.082591,-0.143539,0.033579,-0.056983,-0.064427,0.007243,0.346127,-0.240978,-0.030805,-0.008130,0.000931,-0.093570,0.285506,-0.589856,1.189690,1.533589,0.000000,0.000000,0.027518,-0.280554,0.409144,1.174050,0.362714,0.000000,0.000000
-2.265515,-0.704995,0.887116,0.015412,-0.025192,0.788935,0.613767,0.046327,0.085750,0.026874,0.075743,-0.144319,0.030000,-0.054617,-0.045508,0.006600,0.304627,-0.238708,-0.025691,-0.001429,0.000634,-0.093336,0.279272,-0.583313,1.192990,1.528510,0.000000,0.000000,0.018345,-0.279979,0.417280,1.167511,0.368221,0.000000,0.000000
-2.270312,-0.706858,0.886434,0.013774,-0.021565,0.787013,0.616405,0.043011,0.076208,0.029524,0.070022,-0.144668,0.027168,-0.050938,-0.032981,0.007760,0.262770,-0.231349,-0.022609,0.004345,0.000375,-0.094435,0.272753,-0.578529,1.196723,1.525109,0.000000,0.000000,0.008876,-0.280011,0.427159,1.162363,0.369024,0.000000,0.000000
-2.274767,-0.708104,0.886021,0.012914,-0.019364,0.785580,0.618322,0.041117,0.068818,0.030559,0.066846,-0.145103,0.025176,-0.046863,-0.026598,0.008743,0.229831,-0.221707,-0.021110,0.008276,0.000244,-0.095786,0.266903,-0.574734,1.199711,1.522079,0.000000,0.000000,0.001247,-0.279292,0.435897,1.158126,0.368352,0.000000,0.000000
-2.278497,-0.708904,0.885816,0.012388,-0.018014,0.784361,0.619919,0.039937,0.062867,0.031094,0.064941,-0.145589,0.023642,-0.042867,-0.024030,0.009655,0.202228,-0.211992,-0.020554,0.011479,0.000105,-0.097243,0.261271,-0.571150,1.202367,1.518886,0.000000,0.000000,-0.005688,-0.277811,0.444449,1.153977,0.367054,0.000000,0.000000
-2.281977,-0.709699,0.885714,0.012103,-0.017169,0.784062,0.620326,0.039230,0.058885,0.029530,0.063792,-0.145743,0.022909,-0.040392,-0.025211,0.010808,0.187551,-0.205674,-0.020970,0.012639,0.000056,-0.098178,0.256465,-0.570603,1.204794,1.517021,0.000000,0.000000,-0.010323,-0.275581,0.448338,1.152806,0.366358,0.000000,0.000000
-2.284879,-0.710240,0.885650,0.011795,-0.016344,0.783961,0.620483,0.038537,0.055004,0.026987,0.062640,-0.146069,0.022350,-0.037953,-0.027992,0.011994,0.174403,-0.199763,-0.021759,0.013362,0.000025,-0.098970,0.250858,-0.570599,1.207218,1.514766,0.000000,0.000000,-0.015197,-0.272654,0.452268,1.152281,0.365165,0.000000,0.000000
-2.287308,-0.710610,0.885561,0.011401,-0.015537,0.784084,0.620356,0.037838,0.051583,0.023855,0.061420,-0.146612,0.021995,-0.035868,-0.031260,0.012925,0.163455,-0.194602,-0.022614,0.013695,0.000008,-0.098989,0.245168,-0.570599,1.208264,1.511726,0.000000,0.000000,-0.019672,-0.269362,0.456816,1.152224,0.362798,0.000000,0.000000
-2.289237,-0.710756,0.885454,0.010988,-0.015298,0.784087,0.620365,0.037445,0.049575,0.022362,0.060741,-0.147290,0.021736,-0.034387,-0.033480,0.013600,0.156350,-0.190835,-0.023197,0.013542,0.000016,-0.097953,0.241056,-0.571018,1.207489,1.509617,0.000000,0.000000,-0.023479,-0.266603,0.460450,1.152848,0.359933,0.000000,0.000000
-2.290781,-0.710779,0.885386,0.010538,-0.015384,0.783988,0.620496,0.037189,0.048093,0.021898,0.060298,-0.148206,0.021452,-0.033012,-0.035282,0.014386,0.150116,-0.187092,-0.023701,0.013152,0.000012,-0.095935,0.237140,-0.571903,1.205294,1.507832,0.000000,0.000000,-0.027858,-0.263524,0.464191,1.154098,0.356132,0.000000,0.000000
-2.291996,-0.710889,0.885435,0.009984,-0.015506,0.784155,0.620291,0.036894,0.047051,0.021671,0.059759,-0.148911,0.021241,-0.031861,-0.036678,0.015050,0.144499,-0.182966,-0.024093,0.013037,0.000009,-0.093455,0.233063,-0.574299,1.202378,1.508555,0.000000,0.000000,-0.032728,-0.260114,0.470111,1.156077,0.349475,0.000000,0.000000
-2.292902,-0.710997,0.885457,0.009401,-0.015662,0.784149,0.620304,0.036602,0.046541,0.021738,0.059206,-0.149332,0.021109,-0.030919,-0.037463,0.015729,0.139668,-0.179273,-0.024358,0.013032,0.000014,-0.090837,0.229679,-0.577813,1.199134,1.510855,0.000000,0.000000,-0.037431,-0.256914,0.476502,1.158256,0.342423,0.000000,0.000000
-2.293465,-0.710971,0.885397,0.008839,-0.015934,0.783812,0.620731,0.036411,0.046550,0.022200,0.058818,-0.149717,0.021042,-0.029881,-0.037674,0.016714,0.134880,-0.176210,-0.024536,0.012893,0.000025,-0.087711,0.227330,-0.582876,1.195187,1.514012,0.000000,0.000000,-0.042136,-0.253895,0.482890,1.160472,0.336416,0.000000,0.000000
-2.294012,-0.710824,0.885383,0.008789,-0.016604,0.783087,0.621628,0.036676,0.046815,0.023011,0.059298,-0.150561,0.020986,-0.029645,-0.037557,0.017469,0.134150,-0.174030,-0.024617,0.011962,0.000091,-0.082754,0.226431,-0.588815,1.190875,1.519446,0.000000,0.000000,-0.046294,-0.251686,0.490181,1.161900,0.329275,0.000000,0.000000
-2.294534,-0.710637,0.885447,0.008977,-0.017461,0.782173,0.622752,0.037344,0.047267,0.023996,0.060574,-0.151781,0.020952,-0.031258,-0.037236,0.017786,0.139956,-0.174134,-0.024603,0.010159,0.000132,-0.076632,0.226951,-0.594243,1.186949,1.526431,0.000000,0.000000,-0.049271,-0.250620,0.497561,1.162145,0.321550,0.000000,0.000000
