0.000000,0.000000,0.877615,0.037257,-0.013924,0.712978,0.700058,0.033581,0.006584,-0.112564,0.141452,-0.111073,0.033746,-0.005493,-0.064510,0.079607,0.193706,-0.167037,-0.042169,0.033556,-0.000518,-0.060817,0.203308,-0.594980,1.312544,1.561218,0.000000,0.000000,-0.050458,-0.185982,0.520932,1.303680,0.092197,0.000000,0.000000
-0.000959,-0.002264,0.877332,0.037007,-0.012508,0.714544,0.698499,0.031430,0.005599,-0.114636,0.142811,-0.111864,0.033822,-0.007521,-0.065946,0.077958,0.195840,-0.167684,-0.042264,0.031310,-0.000728,-0.062960,0.201990,-0.595538,1.318065,1.565047,0.000000,0.000000,-0.052508,-0.186411,0.523606,1.308406,0.094311,0.000000,0.000000
-0.001662,-0.003413,0.877143,0.036719,-0.012038,0.714946,0.698111,0.029488,0.004790,-0.116055,0.143903,-0.112733,0.033829,-0.009580,-0.067080,0.076608,0.198052,-0.168139,-0.042319,0.029538,-0.000829,-0.064428,0.200746,-0.595491,1.321130,1.566940,0.000000,0.000000,-0.054195,-0.187097,0.525114,1.311326,0.096216,0.000000,0.000000
-0.002214,-0.003956,0.876994,0.036269,-0.012024,0.714964,0.698116,0.028175,0.004348,-0.117043,0.144573,-0.113598,0.033869,-0.011176,-0.067695,0.075822,0.199850,-0.168432,-0.042333,0.028364,-0.000872,-0.065182,0.199790,-0.595510,1.322511,1.567916,0.000000,0.000000,-0.055390,-0.187716,0.525918,1.313142,0.097619,0.000000,0.000000
-0.002791,-0.004193,0.876890,0.035779,-0.012213,0.714838,0.698267,0.027405,0.004161,-0.117736,0.144947,-0.114359,0.033927,-0.012220,-0.067952,0.075440,0.201060,-0.168563,-0.042329,0.027642,-0.000898,-0.065457,0.199106,-0.595656,1.322934,1.568413,0.000000,0.000000,-0.056163,-0.188190,0.526313,1.314247,0.098532,0.000000,0.000000
-0.003834,-0.004411,0.876881,0.035822,-0.012324,0.714684,0.698421,0.026697,0.003805,-0.118310,0.145491,-0.115043,0.033921,-0.013107,-0.068367,0.075048,0.202073,-0.168597,-0.042367,0.026997,-0.000925,-0.065693,0.198340,-0.595619,1.323253,1.568815,0.000000,0.000000,-0.057002,-0.188935,0.526556,1.315329,0.099192,0.000000,0.000000
-0.005015,-0.004538,0.876903,0.035838,-0.012356,0.714483,0.698625,0.026081,0.003284,-0.118852,0.146089,-0.115695,0.033869,-0.013835,-0.068935,0.074654,0.202837,-0.168488,-0.042448,0.026379,-0.000939,-0.065854,0.197479,-0.595485,1.323447,1.569137,0.000000,0.000000,-0.057880,-0.189901,0.526653,1.316395,0.099686,0.000000,0.000000
-0.006227,-0.004560,0.876919,0.035641,-0.012291,0.714113,0.699014,0.025389,0.002358,-0.119764,0.146706,-0.116664,0.033771,-0.014762,-0.069908,0.074189,0.203647,-0.168115,-0.042620,0.025514,-0.000962,-0.065869,0.196155,-0.595402,1.323417,1.569509,0.000000,0.000000,-0.059171,-0.191425,0.526521,1.317945,0.100393,0.000000,0.000000
-0.007591,-0.004537,0.876947,0.035639,-0.012260,0.713962,0.699169,0.024883,0.001261,-0.120872,0.147309,-0.117533,0.033661,-0.015441,-0.071017,0.073882,0.204205,-0.167683,-0.042859,0.024721,-0.000973,-0.065736,0.194820,-0.595166,1.323109,1.569778,0.000000,0.000000,-0.060186,-0.193105,0.526179,1.319020,0.100622,0.000000,0.000000
-0.009071,-0.004531,0.876938,0.035737,-0.012248,0.713974,0.699152,0.024493,-0.000030,-0.122240,0.148028,-0.118306,0.033547,-0.015888,-0.072286,0.073680,0.204584,-0.167248,-0.043159,0.023922,-0.000970,-0.065513,0.193449,-0.594660,1.322582,1.569972,0.000000,0.000000,-0.060872,-0.195008,0.525681,1.319493,0.100230,0.000000,0.000000
-0.010468,-0.004560,0.876805,0.035253,-0.012304,0.713623,0.699534,0.024263,-0.001206,-0.123659,0.148367,-0.119484,0.033469,-0.016308,-0.073428,0.073591,0.204721,-0.166944,-0.043435,0.022998,-0.000953,-0.065060,0.192220,-0.594444,1.321602,1.570112,0.000000,0.000000,-0.061380,-0.196890,0.525198,1.319471,0.099618,0.000000,0.000000
-0.012045,-0.004606,0.876645,0.035051,-0.012447,0.713246,0.699926,0.024185,-0.002416,-0.125136,0.148649,-0.120947,0.033389,-0.016658,-0.074585,0.073569,0.204833,-0.166805,-0.043722,0.022056,-0.000910,-0.064451,0.191118,-0.594324,1.320343,1.570210,0.000000,0.000000,-0.061785,-0.198753,0.524756,1.319263,0.098823,0.000000,0.000000
-0.013968,-0.004688,0.876521,0.035614,-0.012706,0.712959,0.700185,0.024232,-0.004428,-0.127261,0.149725,-0.122963,0.033204,-0.016845,-0.076492,0.073447,0.205356,-0.166918,-0.044187,0.020903,-0.000854,-0.063614,0.189757,-0.593826,1.318733,1.570301,0.000000,0.000000,-0.062271,-0.201172,0.524323,1.319343,0.097502,0.000000,0.000000
-0.015762,-0.004846,0.876376,0.036040,-0.013202,0.712616,0.700504,0.024513,-0.006435,-0.129537,0.150968,-0.125112,0.033051,-0.017004,-0.078327,0.073104,0.206641,-0.167216,-0.044596,0.019640,-0.000745,-0.062801,0.188729,-0.593626,1.317412,1.570358,0.000000,0.000000,-0.062544,-0.203188,0.523803,1.319479,0.096625,0.000000,0.000000
-0.017445,-0.005072,0.876194,0.036344,-0.013887,0.712193,0.700905,0.025060,-0.008243,-0.131944,0.152062,-0.127387,0.032974,-0.017332,-0.079905,0.072571,0.208910,-0.167715,-0.044917,0.018252,-0.000615,-0.062026,0.188113,-0.593973,1.316394,1.570395,0.000000,0.000000,-0.062547,-0.204734,0.523059,1.319500,0.096404,0.000000,0.000000
-0.019220,-0.005367,0.875964,0.037361,-0.014656,0.711703,0.701333,0.026038,-0.010684,-0.135238,0.153714,-0.129980,0.032881,-0.017768,-0.081992,0.071529,0.213170,-0.168741,-0.045301,0.016586,-0.000455,-0.061551,0.187973,-0.593512,1.316392,1.570428,0.000000,0.000000,-0.062272,-0.206029,0.521888,1.319938,0.096523,0.000000,0.000000
-0.020998,-0.005594,0.875795,0.038509,-0.015497,0.711153,0.701811,0.027509,-0.013516,-0.138972,0.155603,-0.132548,0.032770,-0.018469,-0.084361,0.069827,0.219717,-0.169972,-0.045675,0.014434,-0.000262,-0.061057,0.188306,-0.592734,1.317670,1.570449,0.000000,0.000000,-0.061649,-0.206717,0.520519,1.320989,0.097327,0.000000,0.000000
-0.022636,-0.005718,0.875774,0.039761,-0.016551,0.710379,0.702500,0.029941,-0.016568,-0.142722,0.157174,-0.134845,0.032624,-0.019848,-0.086827,0.066792,0.230127,-0.170403,-0.045924,0.011113,-0.000016,-0.059592,0.189245,-0.593294,1.320924,1.570466,0.000000,0.000000,-0.060391,-0.206048,0.518946,1.323256,0.099985,0.000000,0.000000
-0.023798,-0.005733,0.876152,0.041003,-0.018282,0.709549,0.703224,0.033098,-0.018597,-0.147062,0.158334,-0.135652,0.032859,-0.022027,-0.088326,0.063485,0.243786,-0.167293,-0.046004,0.007505,0.000156,-0.057105,0.191266,-0.594571,1.324823,1.570475,0.000000,0.000000,-0.057791,-0.204317,0.518685,1.325758,0.103686,0.000000,0.000000
-0.024610,-0.005509,0.876952,0.042240,-0.020531,0.708675,0.703970,0.037273,-0.019511,-0.152648,0.159301,-0.135112,0.033607,-0.025775,-0.088759,0.060001,0.262300,-0.160425,-0.045955,0.003470,0.000296,-0.053389,0.194649,-0.595999,1.328954,1.570480,0.000000,0.000000,-0.053454,-0.201746,0.520077,1.328160,0.108162,0.000000,0.000000
-0.025749,-0.005101,0.877509,0.044711,-0.023913,0.706969,0.705425,0.044059,-0.020321,-0.156218,0.160500,-0.135497,0.034078,-0.032334,-0.089438,0.050465,0.293653,-0.148609,-0.045217,-0.002305,0.000452,-0.044830,0.199631,-0.598584,1.333644,1.570484,0.000000,0.000000,-0.046152,-0.197724,0.523100,1.330141,0.109927,0.000000,0.000000
-0.026865,-0.004719,0.877931,0.047248,-0.027752,0.705147,0.706941,0.051660,-0.020651,-0.158433,0.161745,-0.136627,0.034442,-0.041296,-0.090561,0.038516,0.332869,-0.139294,-0.044199,-0.008710,0.000521,-0.034319,0.205047,-0.601572,1.337667,1.570486,0.000000,0.000000,-0.037744,-0.193376,0.526590,1.331070,0.109647,0.000000,0.000000
-0.027996,-0.004823,0.878629,0.049881,-0.032478,0.703079,0.708616,0.059939,-0.020301,-0.160095,0.163065,-0.138025,0.034889,-0.053161,-0.092810,0.023929,0.384031,-0.137036,-0.042913,-0.016424,0.000627,-0.021216,0.211141,-0.604966,1.340257,1.570488,0.000000,0.000000,-0.027811,-0.188702,0.531098,1.330276,0.107807,0.000000,0.000000
-0.028505,-0.005204,0.879406,0.052692,-0.038704,0.700515,0.710637,0.068542,-0.018117,-0.160406,0.167998,-0.141507,0.035636,-0.067797,-0.092216,0.009160,0.448387,-0.134301,-0.040759,-0.024589,0.000711,-0.006118,0.218201,-0.608711,1.342356,1.570490,0.000000,0.000000,-0.016544,-0.184728,0.537048,1.327211,0.105176,0.000000,0.000000
-0.028496,-0.006110,0.880275,0.055485,-0.045958,0.697516,0.712938,0.076859,-0.014176,-0.159354,0.176465,-0.146868,0.036653,-0.085755,-0.088546,-0.005498,0.524795,-0.131217,-0.037602,-0.032797,0.000816,0.010130,0.226082,-0.612688,1.344332,1.570498,0.000000,0.000000,-0.004476,-0.181266,0.544134,1.322432,0.102118,0.000000,0.000000
-0.027536,-0.007800,0.881030,0.057980,-0.054033,0.693636,0.715952,0.085595,-0.007423,-0.154869,0.184985,-0.152574,0.037887,-0.108223,-0.081374,-0.022955,0.615287,-0.120869,-0.032622,-0.043536,0.000953,0.028193,0.235486,-0.617111,1.345329,1.570511,0.000000,0.000000,0.007152,-0.177937,0.551769,1.314695,0.095033,0.000000,0.000000
-0.026455,-0.010510,0.881791,0.059793,-0.061481,0.689762,0.718939,0.092824,-0.000075,-0.148666,0.190586,-0.155814,0.038977,-0.132229,-0.073473,-0.040607,0.703667,-0.112588,-0.026807,-0.054259,0.001103,0.044449,0.243919,-0.619927,1.346563,1.570520,0.000000,0.000000,0.017512,-0.174717,0.557821,1.306224,0.088518,0.000000,0.000000
-0.025654,-0.014561,0.882609,0.060361,-0.067171,0.686685,0.721324,0.096436,0.007269,-0.140163,0.194268,-0.156740,0.039628,-0.157446,-0.065741,-0.058823,0.784135,-0.110666,-0.020405,-0.065430,0.001283,0.057543,0.249607,-0.618946,1.349426,1.570528,0.000000,0.000000,0.026997,-0.171483,0.559622,1.296570,0.085716,0.000000,0.000000
-0.025166,-0.018719,0.882426,0.060391,-0.070822,0.684355,0.723185,0.097752,0.012845,-0.131831,0.195466,-0.157503,0.039773,-0.179085,-0.060708,-0.074962,0.844943,-0.115671,-0.014972,-0.074790,0.001480,0.066560,0.252842,-0.616690,1.353136,1.570526,0.000000,0.000000,0.034015,-0.169562,0.560102,1.288223,0.085238,0.000000,0.000000
-0.024817,-0.022319,0.881621,0.060163,-0.073266,0.682632,0.724587,0.098213,0.017288,-0.123729,0.195270,-0.158981,0.039601,-0.196808,-0.057855,-0.089829,0.890339,-0.123794,-0.010356,-0.083114,0.001652,0.073395,0.254610,-0.613850,1.357522,1.570520,0.000000,0.000000,0.039793,-0.168460,0.559827,1.280793,0.086260,0.000000,0.000000
-0.024306,-0.025033,0.880835,0.059903,-0.075518,0.680967,0.725943,0.098735,0.021276,-0.115746,0.195297,-0.161041,0.039326,-0.211163,-0.056516,-0.102184,0.921562,-0.132636,-0.006751,-0.089580,0.001777,0.078743,0.255662,-0.612655,1.362319,1.570508,0.000000,0.000000,0.044024,-0.167316,0.561021,1.276544,0.085681,0.000000,0.000000
-0.023595,-0.027117,0.879877,0.059613,-0.077360,0.679105,0.727515,0.099269,0.024765,-0.108191,0.195425,-0.163466,0.038983,-0.221326,-0.055776,-0.112513,0.942624,-0.139779,-0.003825,-0.094488,0.001862,0.082887,0.256369,-0.612556,1.366656,1.570498,0.000000,0.000000,0.046849,-0.166220,0.562318,1.274221,0.084230,0.000000,0.000000
-0.022710,-0.028841,0.878879,0.059023,-0.077981,0.676779,0.729661,0.099368,0.027399,-0.101607,0.194863,-0.165622,0.038562,-0.227068,-0.055288,-0.120263,0.954387,-0.145432,-0.001673,-0.097091,0.001907,0.084824,0.256906,-0.613884,1.369445,1.570489,0.000000,0.000000,0.047229,-0.165359,0.563084,1.274051,0.081786,0.000000,0.000000
-0.021768,-0.030120,0.878164,0.058707,-0.078046,0.674489,0.731797,0.099326,0.028777,-0.097394,0.194307,-0.166809,0.038206,-0.229039,-0.055098,-0.124392,0.958347,-0.148805,-0.000575,-0.097827,0.001896,0.085031,0.257086,-0.614985,1.370814,1.570485,0.000000,0.000000,0.046714,-0.164971,0.563461,1.275018,0.079627,0.000000,0.000000
-0.020697,-0.031096,0.877445,0.058470,-0.077609,0.672006,0.734143,0.099159,0.030217,-0.091682,0.193329,-0.168102,0.037603,-0.229593,-0.054780,-0.128452,0.959007,-0.153136,0.000488,-0.097488,0.001852,0.083863,0.257079,-0.616400,1.372269,1.570482,0.000000,0.000000,0.045087,-0.164551,0.563896,1.277732,0.075887,0.000000,0.000000
-0.019377,-0.031729,0.876800,0.057362,-0.076087,0.669336,0.736824,0.098266,0.031962,-0.083335,0.190648,-0.168877,0.036588,-0.226738,-0.053396,-0.131665,0.948837,-0.160707,0.001489,-0.093638,0.001659,0.079698,0.256575,-0.617663,1.372300,1.570481,0.000000,0.000000,0.040726,-0.164773,0.564719,1.281238,0.069697,0.000000,0.000000
-0.017803,-0.031259,0.876642,0.055788,-0.074337,0.666213,0.739947,0.097073,0.033930,-0.072906,0.187086,-0.169483,0.035248,-0.216192,-0.050369,-0.131366,0.917514,-0.168139,0.001774,-0.084840,0.001398,0.072425,0.255859,-0.619103,1.370073,1.570488,0.000000,0.000000,0.034354,-0.165203,0.565006,1.284246,0.062498,0.000000,0.000000
-0.016368,-0.030539,0.876177,0.054119,-0.071188,0.663439,0.742868,0.094667,0.034191,-0.063753,0.183761,-0.170467,0.033644,-0.200427,-0.048857,-0.126748,0.865062,-0.174682,0.000335,-0.073470,0.001034,0.062690,0.253316,-0.621002,1.365053,1.570500,0.000000,0.000000,0.028013,-0.166380,0.564762,1.285228,0.058669,0.000000,0.000000
-0.015049,-0.029686,0.875584,0.052031,-0.066632,0.661188,0.745441,0.090050,0.032914,-0.056145,0.181503,-0.172375,0.031881,-0.180956,-0.048323,-0.119038,0.798777,-0.181284,-0.002101,-0.060847,0.000714,0.051196,0.248223,-0.622120,1.360984,1.570502,0.000000,0.000000,0.021763,-0.168323,0.562709,1.287329,0.058471,0.000000,0.000000
-0.013861,-0.028800,0.874978,0.049511,-0.060830,0.659343,0.747740,0.083597,0.030482,-0.049567,0.179050,-0.174659,0.029996,-0.158062,-0.048341,-0.109364,0.722491,-0.188702,-0.005004,-0.047444,0.000417,0.037896,0.240722,-0.622425,1.358920,1.570495,0.000000,0.000000,0.014984,-0.170801,0.559013,1.291456,0.060885,0.000000,0.000000
-0.012796,-0.028155,0.874884,0.045220,-0.052555,0.657659,0.750118,0.073742,0.027089,-0.044234,0.172806,-0.173073,0.028049,-0.131874,-0.048997,-0.095199,0.629568,-0.201647,-0.008837,-0.032536,0.000086,0.020133,0.229971,-0.620452,1.358895,1.570469,0.000000,0.000000,0.006719,-0.171874,0.552322,1.297700,0.067843,0.000000,0.000000
-0.011636,-0.027548,0.874954,0.040595,-0.043947,0.656307,0.752119,0.063218,0.023682,-0.040311,0.165006,-0.169948,0.026362,-0.105168,-0.050008,-0.079821,0.533470,-0.213696,-0.012571,-0.018137,-0.000144,0.001455,0.217841,-0.616852,1.360450,1.570442,0.000000,0.000000,-0.001576,-0.172912,0.545092,1.304357,0.077411,0.000000,0.000000
-0.010057,-0.026903,0.875106,0.035765,-0.035778,0.655679,0.753343,0.053330,0.021570,-0.038931,0.156648,-0.166185,0.025451,-0.081950,-0.049748,-0.061538,0.444712,-0.220081,-0.016004,-0.005706,-0.000391,-0.015193,0.205209,-0.608645,1.364331,1.570397,0.000000,0.000000,-0.007442,-0.174547,0.538945,1.310036,0.091850,0.000000,0.000000
-0.008350,-0.025999,0.874957,0.032626,-0.029352,0.654022,0.755202,0.045185,0.019191,-0.038263,0.153689,-0.165073,0.024638,-0.062731,-0.049170,-0.042821,0.372234,-0.225662,-0.019034,0.004153,-0.000547,-0.028889,0.193712,-0.599919,1.367077,1.570353,0.000000,0.000000,-0.011887,-0.177179,0.534482,1.313189,0.103143,0.000000,0.000000
-0.006511,-0.025136,0.874585,0.030765,-0.024404,0.651384,0.757731,0.038033,0.016853,-0.037712,0.156877,-0.167010,0.023902,-0.048821,-0.048048,-0.024077,0.318202,-0.232339,-0.021656,0.011920,-0.000660,-0.039868,0.183877,-0.591305,1.368394,1.570317,0.000000,0.000000,-0.015210,-0.180298,0.531450,1.314033,0.110614,0.000000,0.000000
-0.004880,-0.024276,0.873989,0.030217,-0.021263,0.647631,0.761058,0.032559,0.014665,-0.036405,0.165128,-0.170882,0.023130,-0.039081,-0.048012,-0.010023,0.283274,-0.239249,-0.023678,0.016269,-0.000682,-0.046010,0.177500,-0.587431,1.369405,1.570297,0.000000,0.000000,-0.017827,-0.183281,0.530454,1.314323,0.112002,0.000000,0.000000
-0.003211,-0.023521,0.873387,0.029826,-0.018617,0.643303,0.764804,0.027148,0.012819,-0.034384,0.175881,-0.174803,0.022361,-0.032113,-0.048159,0.002362,0.256208,-0.246600,-0.025387,0.019657,-0.000696,-0.050807,0.172358,-0.585421,1.369989,1.570280,0.000000,0.000000,-0.020361,-0.186047,0.530218,1.313978,0.111312,0.000000,0.000000
-0.001512,-0.022770,0.873414,0.029792,-0.016792,0.637536,0.769661,0.022942,0.011403,-0.031401,0.187267,-0.175491,0.021573,-0.027495,-0.048170,0.010175,0.237868,-0.248844,-0.026407,0.022020,-0.000678,-0.053646,0.169200,-0.586844,1.369189,1.570268,0.000000,0.000000,-0.022196,-0.188133,0.530604,1.311679,0.108888,0.000000,0.000000
0.000289,-0.021705,0.873911,0.030147,-0.016007,0.630494,0.775443,0.017706,0.010342,-0.028259,0.205997,-0.173967,0.020904,-0.022517,-0.047812,0.018665,0.220281,-0.248399,-0.027444,0.025177,-0.000703,-0.055645,0.166414,-0.589579,1.367882,1.570258,0.000000,0.000000,-0.023213,-0.190437,0.532285,1.308179,0.104210,0.000000,0.000000
0.002069,-0.020438,0.874581,0.030858,-0.016147,0.622332,0.781978,0.011235,0.009906,-0.025697,0.232823,-0.170568,0.020552,-0.017290,-0.047140,0.027550,0.204919,-0.245035,-0.028512,0.029017,-0.000744,-0.056465,0.164214,-0.592938,1.366429,1.570248,0.000000,0.000000,-0.022998,-0.192805,0.535526,1.303983,0.097441,0.000000,0.000000
0.003483,-0.019243,0.874958,0.031984,-0.017178,0.612968,0.789273,0.004008,0.009674,-0.022642,0.266730,-0.163949,0.020226,-0.011672,-0.046435,0.036774,0.191546,-0.241306,-0.029659,0.033768,-0.000832,-0.056112,0.161279,-0.596123,1.365187,1.570231,0.000000,0.000000,-0.021658,-0.194632,0.540061,1.298945,0.088297,0.000000,0.000000
0.004746,-0.017864,0.875286,0.033242,-0.018629,0.603462,0.796481,-0.003656,0.009650,-0.019510,0.304199,-0.157042,0.019939,-0.005954,-0.045943,0.045475,0.180316,-0.238055,-0.030810,0.038892,-0.000960,-0.054557,0.158098,-0.598791,1.364290,1.570213,0.000000,0.000000,-0.019298,-0.196313,0.544750,1.293793,0.078649,0.000000,0.000000
0.005865,-0.015990,0.875692,0.034627,-0.021047,0.594483,0.803086,-0.012942,0.010025,-0.016461,0.353384,-0.148501,0.019813,0.001446,-0.045254,0.055018,0.169531,-0.234786,-0.032077,0.045711,-0.001145,-0.049852,0.154033,-0.600683,1.364287,1.570186,0.000000,0.000000,-0.013990,-0.199189,0.549956,1.287658,0.067355,0.000000,0.000000
0.006508,-0.013865,0.876112,0.036542,-0.024210,0.584915,0.809909,-0.023624,0.009471,-0.016198,0.413901,-0.137921,0.019962,0.009929,-0.045154,0.066471,0.160064,-0.230683,-0.033833,0.053619,-0.001320,-0.043288,0.149673,-0.601546,1.364541,1.570142,0.000000,0.000000,-0.006889,-0.201990,0.553365,1.282013,0.059329,0.000000,0.000000
0.006793,-0.011529,0.876848,0.038969,-0.028067,0.574826,0.816865,-0.036464,0.007754,-0.019200,0.486659,-0.127312,0.020409,0.019084,-0.045696,0.079651,0.152086,-0.225657,-0.036075,0.061907,-0.001508,-0.035478,0.145273,-0.601185,1.364897,1.570099,0.000000,0.000000,0.001491,-0.204381,0.554830,1.277188,0.055518,0.000000,0.000000
0.006724,-0.008159,0.878799,0.041766,-0.033261,0.562495,0.825075,-0.054367,0.002898,-0.030114,0.585733,-0.105484,0.021630,0.030084,-0.046783,0.096568,0.145226,-0.214639,-0.039233,0.070825,-0.001705,-0.024586,0.142993,-0.594732,1.363600,1.570052,0.000000,0.000000,0.016387,-0.208508,0.552238,1.270423,0.058948,0.000000,0.000000
0.005774,-0.005140,0.880354,0.044163,-0.038384,0.550521,0.832768,-0.072900,-0.002807,-0.040956,0.678385,-0.083306,0.022547,0.039140,-0.048465,0.112149,0.140486,-0.203826,-0.042407,0.078478,-0.001931,-0.014938,0.142019,-0.588928,1.361843,1.570016,0.000000,0.000000,0.030933,-0.212602,0.548925,1.263346,0.063236,0.000000,0.000000
0.003638,-0.003472,0.880527,0.046112,-0.041802,0.541830,0.838180,-0.087110,-0.008047,-0.048312,0.729576,-0.077856,0.022713,0.043844,-0.051480,0.120900,0.138298,-0.199534,-0.044701,0.083042,-0.002021,-0.010777,0.141634,-0.592944,1.359834,1.569998,0.000000,0.000000,0.039065,-0.216026,0.547151,1.257502,0.061597,0.000000,0.000000
0.001299,-0.001214,0.880649,0.048145,-0.045106,0.531817,0.844285,-0.100771,-0.013721,-0.057521,0.771029,-0.073828,0.023187,0.048241,-0.055172,0.129668,0.136529,-0.196193,-0.047157,0.087419,-0.002123,-0.007524,0.141767,-0.597706,1.357751,1.569989,0.000000,0.000000,0.046367,-0.219496,0.545324,1.251557,0.061151,0.000000,0.000000
-0.001186,0.001807,0.880808,0.050134,-0.048366,0.520414,0.851068,-0.114480,-0.019543,-0.069104,0.806044,-0.071546,0.024192,0.052800,-0.059499,0.138997,0.134525,-0.193006,-0.049885,0.091609,-0.002187,-0.004855,0.142676,-0.602134,1.355532,1.569985,0.000000,0.000000,0.053145,-0.222941,0.543661,1.245327,0.062827,0.000000,0.000000
-0.003442,0.004758,0.880475,0.050608,-0.050912,0.509260,0.857613,-0.125116,-0.022074,-0.079718,0.820772,-0.072915,0.025949,0.055529,-0.062461,0.147741,0.132529,-0.190696,-0.052107,0.094113,-0.002242,-0.003800,0.144718,-0.605558,1.352344,1.569989,0.000000,0.000000,0.056501,-0.226235,0.541974,1.239755,0.064118,0.000000,0.000000
-0.005310,0.008287,0.879887,0.050428,-0.053319,0.498207,0.863947,-0.134558,-0.022761,-0.091982,0.823438,-0.073420,0.028620,0.058109,-0.065164,0.158413,0.130555,-0.188910,-0.054577,0.096511,-0.002276,-0.003231,0.148097,-0.609416,1.347901,1.569999,0.000000,0.000000,0.059000,-0.230038,0.539687,1.233363,0.065459,0.000000,0.000000
-0.006644,0.012112,0.879354,0.049294,-0.055131,0.488765,0.869275,-0.141339,-0.020581,-0.103685,0.811427,-0.075118,0.031939,0.059917,-0.066609,0.168717,0.129082,-0.188017,-0.056638,0.097448,-0.002285,-0.003839,0.152246,-0.613797,1.343414,1.570022,0.000000,0.000000,0.060331,-0.234482,0.536092,1.227619,0.066985,0.000000,0.000000
-0.007529,0.016232,0.878810,0.047160,-0.056386,0.479260,0.874590,-0.143964,-0.016629,-0.116187,0.788461,-0.076325,0.035824,0.060795,-0.066657,0.179805,0.127252,-0.187372,-0.058435,0.097021,-0.002251,-0.006831,0.156191,-0.618109,1.340197,1.570052,0.000000,0.000000,0.060301,-0.238211,0.531550,1.223046,0.068684,0.000000,0.000000
-0.007992,0.020323,0.878255,0.043966,-0.057097,0.469472,0.880002,-0.142324,-0.011160,-0.129764,0.756658,-0.076355,0.040208,0.060010,-0.064957,0.192566,0.126046,-0.187149,-0.060003,0.095501,-0.002168,-0.012775,0.159563,-0.622011,1.338956,1.570091,0.000000,0.000000,0.058786,-0.240525,0.526371,1.219902,0.070549,0.000000,0.000000
-0.007938,0.024800,0.877780,0.040656,-0.056927,0.459290,0.885528,-0.137555,-0.004763,-0.141851,0.713979,-0.075937,0.044295,0.058244,-0.063024,0.205236,0.124582,-0.187079,-0.061484,0.092072,-0.002047,-0.020755,0.162424,-0.627897,1.335257,1.570132,0.000000,0.000000,0.055832,-0.241698,0.522231,1.219580,0.070771,0.000000,0.000000
-0.007597,0.029720,0.877316,0.037438,-0.056268,0.449231,0.890856,-0.129194,0.002144,-0.153650,0.660837,-0.074415,0.048203,0.056124,-0.061429,0.217757,0.122969,-0.187173,-0.063006,0.087304,-0.001897,-0.029784,0.165075,-0.634796,1.330303,1.570180,0.000000,0.000000,0.052040,-0.242453,0.518962,1.220598,0.069559,0.000000,0.000000
-0.006394,0.035335,0.877158,0.034637,-0.054423,0.440139,0.895609,-0.114906,0.009003,-0.167651,0.590760,-0.076533,0.052119,0.053931,-0.060811,0.231133,0.121646,-0.188375,-0.064892,0.081441,-0.001646,-0.040979,0.168077,-0.643212,1.326377,1.570241,0.000000,0.000000,0.047327,-0.242804,0.516702,1.221668,0.064776,0.000000,0.000000
-0.005332,0.040598,0.876730,0.031615,-0.051348,0.431996,0.899857,-0.097584,0.015532,-0.182227,0.510873,-0.081483,0.055550,0.050239,-0.061033,0.242579,0.120285,-0.190686,-0.066570,0.073862,-0.001386,-0.052970,0.170803,-0.651005,1.321517,1.570302,0.000000,0.000000,0.040626,-0.243005,0.514450,1.222471,0.057547,0.000000,0.000000
-0.004241,0.045221,0.876024,0.028267,-0.047075,0.424483,0.903770,-0.077909,0.022003,-0.196337,0.423579,-0.090051,0.058309,0.044308,-0.061540,0.252113,0.119808,-0.194419,-0.067869,0.065017,-0.001060,-0.065398,0.173494,-0.657560,1.315146,1.570370,0.000000,0.000000,0.031425,-0.242592,0.512099,1.223205,0.047961,0.000000,0.000000
-0.004134,0.048860,0.874480,0.024372,-0.041753,0.417182,0.907536,-0.060252,0.027178,-0.211665,0.345337,-0.100878,0.060615,0.035944,-0.062899,0.262588,0.118002,-0.199614,-0.069295,0.054510,-0.000719,-0.079980,0.174209,-0.664878,1.308263,1.570442,0.000000,0.000000,0.020596,-0.242025,0.508365,1.227059,0.039153,0.000000,0.000000
-0.003980,0.052558,0.873055,0.021174,-0.036199,0.412218,0.910120,-0.043593,0.029832,-0.228479,0.275002,-0.112319,0.062345,0.027624,-0.065646,0.266962,0.117788,-0.206596,-0.070034,0.039904,-0.000216,-0.094495,0.173144,-0.672706,1.300954,1.570511,0.000000,0.000000,0.010200,-0.242617,0.503055,1.231991,0.030661,0.000000,0.000000
-0.003082,0.055672,0.872271,0.018293,-0.033174,0.408625,0.911916,-0.027859,0.034394,-0.230235,0.221643,-0.120561,0.062241,0.020210,-0.064826,0.268137,0.125965,-0.213476,-0.069647,0.024460,0.000422,-0.105297,0.174007,-0.682362,1.291531,1.570587,0.000000,0.000000,0.005658,-0.243500,0.491978,1.233617,0.022833,0.000000,0.000000
-0.002183,0.058743,0.872062,0.015718,-0.031205,0.405321,0.913507,-0.014894,0.038323,-0.227435,0.182655,-0.127154,0.061554,0.013255,-0.062479,0.268156,0.139777,-0.219700,-0.068982,0.010114,0.001040,-0.113857,0.175073,-0.692380,1.282833,1.570654,0.000000,0.000000,0.004578,-0.244158,0.479458,1.234201,0.016418,0.000000,0.000000
-0.001145,0.061856,0.872402,0.013463,-0.030500,0.402398,0.914858,-0.003144,0.042069,-0.221818,0.153417,-0.131576,0.060609,0.006546,-0.058640,0.267207,0.159995,-0.225450,-0.068121,-0.004434,0.001643,-0.120943,0.175964,-0.703018,1.274850,1.570722,0.000000,0.000000,0.006505,-0.244514,0.465510,1.234412,0.011286,0.000000,0.000000
0.000562,0.064766,0.872638,0.011628,-0.031363,0.397477,0.917002,0.009066,0.045999,-0.212235,0.131063,-0.135087,0.059435,-0.000011,-0.053413,0.265291,0.187163,-0.230344,-0.067061,-0.016337,0.002170,-0.125490,0.180144,-0.713203,1.265801,1.570799,0.000000,0.000000,0.011420,-0.244753,0.454941,1.232802,0.007495,0.000000,0.000000
0.002696,0.067652,0.872838,0.010122,-0.033209,0.391311,0.919603,0.022879,0.050476,-0.199144,0.111402,-0.139116,0.057956,-0.007968,-0.046171,0.262359,0.223059,-0.234742,-0.065683,-0.026932,0.002633,-0.127890,0.186762,-0.724015,1.255605,1.570800,0.000000,0.000000,0.019193,-0.244422,0.445383,1.229734,0.004178,0.000000,0.000000
0.005717,0.070002,0.873011,0.009861,-0.037891,0.380392,0.923996,0.040394,0.055124,-0.178956,0.098779,-0.144540,0.055664,-0.017158,-0.034978,0.256915,0.273480,-0.229033,-0.063645,-0.030353,0.002883,-0.123085,0.196893,-0.737290,1.248146,1.570800,0.000000,0.000000,0.033589,-0.239197,0.435776,1.223762,0.001978,0.000000,0.000000
0.006170,0.069220,0.872882,0.009857,-0.043548,0.369064,0.928331,0.051088,0.059664,-0.157821,0.104035,-0.157116,0.053283,-0.032976,-0.025417,0.240251,0.340101,-0.212686,-0.060652,-0.032263,0.002838,-0.116104,0.207812,-0.750425,1.243284,1.570800,0.000000,0.000000,0.049415,-0.233786,0.426895,1.216648,0.000110,0.000000,0.000000
0.005420,0.068073,0.872474,0.011123,-0.050000,0.359394,0.931779,0.059094,0.061492,-0.141994,0.115566,-0.171321,0.051213,-0.051038,-0.023756,0.203075,0.419071,-0.184494,-0.056381,-0.039813,0.002887,-0.107721,0.216418,-0.760696,1.241683,1.570800,0.000000,0.000000,0.064359,-0.231816,0.420893,1.209651,-0.001127,0.000000,0.000000
0.003375,0.067341,0.872489,0.012217,-0.055852,0.350390,0.934857,0.065220,0.061249,-0.129060,0.126014,-0.181732,0.049194,-0.066581,-0.026276,0.168370,0.489692,-0.167494,-0.052693,-0.049213,0.003083,-0.100323,0.221380,-0.771234,1.244550,1.570800,0.000000,0.000000,0.077819,-0.230724,0.417213,1.203958,0.000067,0.000000,0.000000
0.000338,0.065797,0.872476,0.013050,-0.061101,0.341059,0.937963,0.070008,0.060816,-0.116014,0.134169,-0.188881,0.047130,-0.083231,-0.029475,0.135586,0.558463,-0.155307,-0.048796,-0.058547,0.003327,-0.093699,0.225429,-0.782179,1.249342,1.570800,0.000000,0.000000,0.090604,-0.229879,0.413884,1.198225,0.002365,0.000000,0.000000
-0.001908,0.063297,0.872333,0.013504,-0.065754,0.330177,0.941529,0.074100,0.062056,-0.101545,0.140887,-0.192890,0.045283,-0.099780,-0.028986,0.108685,0.614679,-0.149080,-0.044233,-0.067315,0.003602,-0.086553,0.231589,-0.789680,1.256941,1.570800,0.000000,0.000000,0.100405,-0.228212,0.410352,1.194065,0.005881,0.000000,0.000000
-0.004199,0.060467,0.872358,0.013068,-0.069996,0.318938,0.945097,0.077764,0.064918,-0.084911,0.146594,-0.195595,0.043502,-0.117204,-0.027799,0.081585,0.669103,-0.141895,-0.039070,-0.076271,0.003790,-0.078733,0.238995,-0.795788,1.265194,1.570800,0.000000,0.000000,0.109805,-0.225556,0.407685,1.190093,0.008192,0.000000,0.000000
-0.006591,0.057287,0.872513,0.011668,-0.073528,0.307519,0.948625,0.080626,0.069471,-0.066560,0.150574,-0.196629,0.041838,-0.134489,-0.026863,0.054398,0.720022,-0.132854,-0.033616,-0.085436,0.003956,-0.070611,0.247212,-0.800225,1.273530,1.570800,0.000000,0.000000,0.118701,-0.222112,0.406121,1.186052,0.008158,0.000000,0.000000
-0.009001,0.054422,0.872560,0.009692,-0.074762,0.295656,0.952315,0.081560,0.073476,-0.049276,0.151036,-0.194345,0.040150,-0.146992,-0.028148,0.032517,0.750870,-0.130885,-0.029551,-0.091147,0.004007,-0.065547,0.253461,-0.802233,1.281505,1.570800,0.000000,0.000000,0.122996,-0.218926,0.404019,1.183497,0.008613,0.000000,0.000000
-0.010933,0.051945,0.872616,0.007648,-0.074997,0.283800,0.955916,0.081827,0.077158,-0.031710,0.150314,-0.190997,0.038318,-0.154488,-0.031541,0.012287,0.767697,-0.130004,-0.026265,-0.095422,0.004022,-0.061896,0.258660,-0.803434,1.290100,1.570800,0.000000,0.000000,0.125202,-0.215742,0.401299,1.181857,0.009676,0.000000,0.000000
-0.012385,0.050191,0.872754,0.005215,-0.073149,0.272605,0.959327,0.080815,0.080158,-0.015053,0.147362,-0.187060,0.036416,-0.158029,-0.037940,-0.005794,0.768379,-0.131732,-0.024226,-0.097648,0.003951,-0.060767,0.261609,-0.802176,1.299598,1.570800,0.000000,0.000000,0.125244,-0.212120,0.398444,1.181535,0.011790,0.000000,0.000000
-0.013161,0.048766,0.872792,0.003132,-0.070328,0.261592,0.962608,0.079182,0.082293,0.001238,0.143406,-0.183702,0.034318,-0.157642,-0.046547,-0.023308,0.756735,-0.134474,-0.022899,-0.098513,0.003850,-0.062341,0.263352,-0.799205,1.309481,1.570800,0.000000,0.000000,0.123395,-0.208319,0.396580,1.182574,0.014111,0.000000,0.000000
-0.013286,0.047493,0.872676,0.001437,-0.066220,0.250599,0.965823,0.076688,0.083366,0.017867,0.138023,-0.181235,0.031852,-0.152770,-0.057715,-0.041058,0.730240,-0.139030,-0.022272,-0.097389,0.003655,-0.067765,0.264171,-0.793767,1.319547,1.570800,0.000000,0.000000,0.118926,-0.204112,0.396688,1.185557,0.016366,0.000000,0.000000
-0.013376,0.046001,0.872363,-0.000230,-0.059524,0.238453,0.969328,0.072110,0.082747,0.034457,0.128877,-0.179769,0.028888,-0.142564,-0.072695,-0.059844,0.680297,-0.147711,-0.022566,-0.092995,0.003322,-0.080080,0.262514,-0.784568,1.329989,1.570800,0.000000,0.000000,0.109328,-0.200983,0.398118,1.192443,0.018120,0.000000,0.000000
-0.012912,0.044354,0.872237,-0.001408,-0.051899,0.226125,0.972714,0.066882,0.080874,0.049474,0.118772,-0.179472,0.025865,-0.127951,-0.087970,-0.078692,0.617568,-0.156650,-0.023020,-0.087419,0.003045,-0.095546,0.258634,-0.773944,1.340169,1.570800,0.000000,0.000000,0.097327,-0.199337,0.400207,1.201427,0.019217,0.000000,0.000000
-0.011276,0.041820,0.871702,-0.001074,-0.044188,0.213960,0.975842,0.062055,0.077953,0.062700,0.109729,-0.178068,0.022938,-0.111614,-0.098451,-0.090678,0.552200,-0.163573,-0.023598,-0.079941,0.002743,-0.111705,0.252957,-0.763580,1.348298,1.570800,0.000000,0.000000,0.085238,-0.198549,0.404416,1.210626,0.017109,0.000000,0.000000
-0.009453,0.038291,0.871040,-0.000335,-0.036068,0.200733,0.978982,0.056362,0.074916,0.077290,0.100725,-0.175107,0.019837,-0.091442,-0.105380,-0.098183,0.468344,-0.169341,-0.024078,-0.068898,0.002399,-0.129811,0.245935,-0.753891,1.357234,1.570800,0.000000,0.000000,0.070880,-0.198826,0.410766,1.218516,0.014831,0.000000,0.000000
-0.006985,0.033390,0.870075,0.000748,-0.027887,0.187173,0.981931,0.048552,0.073172,0.091899,0.098595,-0.174270,0.017108,-0.065950,-0.107638,-0.101132,0.360202,-0.172253,-0.024046,-0.055106,0.002003,-0.149661,0.237284,-0.746339,1.368599,1.570800,0.000000,0.000000,0.054207,-0.200156,0.419945,1.224121,0.013665,0.000000,0.000000
-0.004065,0.027378,0.868837,0.002528,-0.022006,0.172670,0.984731,0.042334,0.073046,0.105475,0.103190,-0.172793,0.014994,-0.050024,-0.105606,-0.103085,0.288461,-0.172610,-0.023036,-0.044437,0.001665,-0.160524,0.233136,-0.737278,1.371591,1.570800,0.000000,0.000000,0.042197,-0.202215,0.429275,1.226784,0.010080,0.000000,0.000000
-0.000154,0.021267,0.867497,0.004092,-0.017284,0.157714,0.987325,0.037125,0.074405,0.119806,0.112450,-0.172779,0.013141,-0.039448,-0.100581,-0.103573,0.235905,-0.174577,-0.021533,-0.034793,0.001354,-0.167463,0.231416,-0.726761,1.371376,1.570800,0.000000,0.000000,0.031493,-0.203742,0.439524,1.229028,0.005381,0.000000,0.000000
0.004199,0.014667,0.866757,0.006013,-0.014173,0.145168,0.989287,0.032661,0.076919,0.132202,0.127053,-0.172428,0.011861,-0.031148,-0.095433,-0.100897,0.198518,-0.179141,-0.020553,-0.026604,0.001067,-0.169686,0.230970,-0.716598,1.370348,1.570800,0.000000,0.000000,0.022535,-0.205572,0.448356,1.231329,0.000863,0.000000,0.000000
0.009018,0.008042,0.868620,0.008096,-0.012151,0.131486,0.991210,0.026852,0.080515,0.147386,0.150062,-0.168765,0.010388,-0.023089,-0.089358,-0.097488,0.166141,-0.186107,-0.019478,-0.017265,0.000741,-0.169736,0.230894,-0.705014,1.369004,1.570800,0.000000,0.000000,0.013623,-0.207093,0.459141,1.233220,-0.004779,0.000000,0.000000
0.014326,0.001421,0.870396,0.010314,-0.011806,0.115962,0.993130,0.019344,0.086038,0.166876,0.184319,-0.158874,0.008642,-0.014827,-0.082325,-0.094014,0.141151,-0.194786,-0.018237,-0.006601,0.000318,-0.166985,0.231448,-0.691837,1.367582,1.570800,0.000000,0.000000,0.005352,-0.207447,0.472997,1.234059,-0.011918,0.000000,0.000000
0.020356,-0.004806,0.871785,0.013162,-0.013531,0.099159,0.994893,0.011017,0.093547,0.181581,0.231743,-0.136241,0.008053,-0.006192,-0.077275,-0.086131,0.125830,-0.200799,-0.018191,0.006355,-0.000173,-0.159028,0.231201,-0.677512,1.366568,1.570800,0.000000,0.000000,0.001064,-0.207966,0.486556,1.234421,-0.015339,0.000000,0.000000
0.027086,-0.011081,0.872992,0.016413,-0.016313,0.081708,0.996388,0.000015,0.102584,0.193010,0.294385,-0.110699,0.008279,0.003352,-0.073863,-0.075539,0.115507,-0.205700,-0.018957,0.021040,-0.000723,-0.147818,0.230191,-0.662615,1.365452,1.570795,0.000000,0.000000,-0.000353,-0.209054,0.499273,1.234357,-0.015788,0.000000,0.000000
0.034760,-0.018655,0.874144,0.019845,-0.021617,0.062165,0.997634,-0.014607,0.114017,0.200776,0.386637,-0.096254,0.009634,0.016997,-0.069988,-0.064258,0.105579,-0.212667,-0.019726,0.038750,-0.001315,-0.135710,0.228670,-0.648592,1.359193,1.570772,0.000000,0.000000,0.003038,-0.212909,0.502714,1.232912,-0.002658,0.000000,0.000000
0.041230,-0.025529,0.875181,0.023263,-0.026555,0.042778,0.998461,-0.031366,0.121877,0.198611,0.480672,-0.085487,0.011700,0.029097,-0.067846,-0.052629,0.097821,-0.218450,-0.020948,0.055320,-0.001827,-0.124351,0.226328,-0.635950,1.353738,1.570740,0.000000,0.000000,0.006483,-0.216914,0.503762,1.231155,0.008213,0.000000,0.000000
0.046026,-0.030573,0.876128,0.026764,-0.030792,0.023586,0.998889,-0.048362,0.121712,0.181973,0.563986,-0.072616,0.014249,0.037510,-0.069006,-0.040228,0.094031,-0.222243,-0.023041,0.069012,-0.002233,-0.114316,0.222470,-0.624604,1.350870,1.570687,0.000000,0.000000,0.008515,-0.220727,0.503195,1.229553,0.011987,0.000000,0.000000
0.049570,-0.034539,0.876598,0.027853,-0.035023,0.002630,0.998995,-0.067070,0.118438,0.159647,0.647595,-0.064936,0.017037,0.044683,-0.068267,-0.025343,0.088696,-0.224673,-0.025030,0.080872,-0.002625,-0.102207,0.217597,-0.617519,1.347951,1.570634,0.000000,0.000000,0.009016,-0.223971,0.507611,1.230010,0.018681,0.000000,0.000000
0.051741,-0.037516,0.876704,0.027277,-0.039036,-0.019527,0.998675,-0.087442,0.113484,0.137135,0.726781,-0.058005,0.019454,0.049165,-0.065895,-0.008617,0.085303,-0.227534,-0.026889,0.091941,-0.002908,-0.090119,0.213456,-0.612739,1.345365,1.570575,0.000000,0.000000,0.007799,-0.225608,0.515164,1.231870,0.027212,0.000000,0.000000
0.053061,-0.038265,0.876843,0.026916,-0.042345,-0.042305,0.997844,-0.106556,0.103652,0.117809,0.778732,-0.057703,0.019923,0.050210,-0.066311,0.005319,0.085832,-0.226860,-0.029039,0.099407,-0.003143,-0.084933,0.210257,-0.609779,1.347575,1.570541,0.000000,0.000000,0.001877,-0.225761,0.520670,1.238013,0.027312,0.000000,0.000000
0.054839,-0.037852,0.876888,0.026085,-0.045177,-0.065474,0.996490,-0.122593,0.094188,0.100738,0.817094,-0.056168,0.020288,0.050598,-0.067456,0.019803,0.086526,-0.226018,-0.031436,0.105657,-0.003335,-0.080457,0.207573,-0.608383,1.350094,1.570511,0.000000,0.000000,-0.004549,-0.225780,0.526820,1.243876,0.024489,0.000000,0.000000
0.056763,-0.036619,0.876810,0.024636,-0.047244,-0.089319,0.994577,-0.135398,0.086586,0.085416,0.844586,-0.056894,0.021031,0.050317,-0.068746,0.036109,0.086362,-0.225140,-0.034121,0.110645,-0.003530,-0.075276,0.205701,-0.609547,1.351505,1.570482,0.000000,0.000000,-0.010793,-0.226307,0.534731,1.248212,0.018427,0.000000,0.000000
0.058827,-0.034767,0.876505,0.021944,-0.049469,-0.115713,0.991807,-0.145419,0.080071,0.069182,0.862442,-0.058771,0.022476,0.049642,-0.069190,0.055195,0.085879,-0.222304,-0.037049,0.114498,-0.003644,-0.071166,0.204919,-0.612540,1.352326,1.570459,0.000000,0.000000,-0.019348,-0.227625,0.543859,1.251397,0.012693,0.000000,0.000000
0.061259,-0.032422,0.876081,0.018645,-0.051788,-0.143194,0.988163,-0.151866,0.074795,0.053338,0.871423,-0.060216,0.024362,0.048832,-0.069227,0.075163,0.085535,-0.218461,-0.040055,0.117511,-0.003797,-0.067916,0.205043,-0.616349,1.352753,1.570446,0.000000,0.000000,-0.028894,-0.229252,0.553206,1.253668,0.007983,0.000000,0.000000
0.064042,-0.029702,0.875667,0.015645,-0.053461,-0.166462,0.984473,-0.155370,0.070754,0.038449,0.871791,-0.062735,0.026481,0.047888,-0.069668,0.095927,0.085380,-0.213612,-0.043344,0.117484,-0.003798,-0.065467,0.205580,-0.621858,1.353305,1.570443,0.000000,0.000000,-0.037169,-0.232319,0.558996,1.254047,0.005508,0.000000,0.000000
0.066949,-0.026711,0.875234,0.012687,-0.054560,-0.189149,0.980349,-0.155050,0.067090,0.023720,0.859367,-0.065705,0.028740,0.046495,-0.070399,0.116235,0.084662,-0.208237,-0.046664,0.115359,-0.003729,-0.063954,0.206399,-0.627913,1.354019,1.570442,0.000000,0.000000,-0.045124,-0.236520,0.562572,1.253642,0.003198,0.000000,0.000000
0.069825,-0.023810,0.874751,0.009668,-0.054554,-0.211437,0.975820,-0.150295,0.064246,0.007662,0.827436,-0.072165,0.031561,0.044041,-0.070815,0.137513,0.082348,-0.201571,-0.050063,0.110590,-0.003566,-0.063993,0.207957,-0.634354,1.355035,1.570453,0.000000,0.000000,-0.054339,-0.242189,0.563792,1.253268,-0.000238,0.000000,0.000000
0.072784,-0.021027,0.874285,0.006991,-0.053862,-0.231830,0.971239,-0.141798,0.064591,-0.009297,0.785838,-0.080013,0.035479,0.041006,-0.071260,0.157906,0.079138,-0.194557,-0.053344,0.104604,-0.003341,-0.065159,0.209225,-0.637192,1.357505,1.570458,0.000000,0.000000,-0.063498,-0.248635,0.563135,1.252790,-0.003881,0.000000,0.000000
0.075673,-0.018282,0.873833,0.004629,-0.052750,-0.251025,0.966531,-0.129631,0.066686,-0.027322,0.736683,-0.087550,0.039973,0.037536,-0.071935,0.177509,0.075230,-0.187128,-0.056550,0.097600,-0.003099,-0.067057,0.210055,-0.637382,1.360957,1.570464,0.000000,0.000000,-0.072833,-0.255714,0.561587,1.252208,-0.007518,0.000000,0.000000
0.078873,-0.016021,0.873482,0.003130,-0.050275,-0.268358,0.962001,-0.112543,0.066401,-0.049376,0.663583,-0.105877,0.044143,0.033008,-0.072857,0.199808,0.069969,-0.181315,-0.060137,0.088844,-0.002765,-0.071334,0.213246,-0.639469,1.356561,1.570499,0.000000,0.000000,-0.084987,-0.267206,0.559991,1.246470,-0.010483,0.000000,0.000000
0.082098,-0.013727,0.873049,0.001652,-0.047667,-0.284310,0.957545,-0.095672,0.065366,-0.075798,0.586362,-0.124417,0.048492,0.028468,-0.073937,0.220815,0.064836,-0.177437,-0.063481,0.080018,-0.002420,-0.077251,0.217097,-0.642394,1.351597,1.570549,0.000000,0.000000,-0.098396,-0.279347,0.558814,1.241385,-0.015827,0.000000,0.000000
0.085615,-0.011603,0.872513,0.000104,-0.045102,-0.298642,0.953299,-0.078770,0.064759,-0.111335,0.503332,-0.144865,0.054008,0.024046,-0.074941,0.242831,0.060577,-0.176614,-0.066877,0.071589,-0.002030,-0.086231,0.221542,-0.645877,1.348718,1.570611,0.000000,0.000000,-0.115316,-0.292314,0.559325,1.239594,-0.027164,0.000000,0.000000
0.088427,-0.009571,0.872018,-0.000819,-0.041361,-0.312543,0.949003,-0.061467,0.064613,-0.151136,0.412714,-0.164886,0.059465,0.018360,-0.076201,0.264253,0.054017,-0.176642,-0.070044,0.062402,-0.001645,-0.096634,0.226407,-0.653494,1.343567,1.570679,0.000000,0.000000,-0.136448,-0.304361,0.560176,1.236533,-0.036160,0.000000,0.000000
0.090834,-0.007070,0.871695,-0.000259,-0.036970,-0.323365,0.945552,-0.045090,0.062880,-0.199236,0.316478,-0.185404,0.064699,0.012163,-0.080637,0.277661,0.044524,-0.176580,-0.072512,0.047743,-0.001110,-0.108648,0.229739,-0.664085,1.336527,1.570763,0.000000,0.000000,-0.161200,-0.317961,0.561030,1.232557,-0.043424,0.000000,0.000000
0.092570,-0.003302,0.871346,0.001046,-0.032134,-0.328757,0.943867,-0.037440,0.060635,-0.249938,0.245047,-0.187414,0.070370,0.006080,-0.087748,0.283932,0.033051,-0.174269,-0.074416,0.028619,-0.000361,-0.124217,0.231895,-0.683177,1.329939,1.570800,0.000000,0.000000,-0.182422,-0.330432,0.560114,1.227749,-0.045575,0.000000,0.000000
0.093235,-0.000436,0.870606,0.001252,-0.025958,-0.338101,0.940751,-0.031860,0.065623,-0.274787,0.184820,-0.187401,0.073530,-0.001605,-0.092476,0.288545,0.017457,-0.168361,-0.075292,0.016761,0.000196,-0.141430,0.236661,-0.703440,1.323613,1.570800,0.000000,0.000000,-0.203540,-0.338861,0.557783,1.222600,-0.045679,0.000000,0.000000
0.093813,0.002933,0.869766,0.001067,-0.021223,-0.346964,0.937638,-0.027613,0.071114,-0.280985,0.143870,-0.183577,0.074235,-0.008498,-0.096494,0.292525,0.003314,-0.161669,-0.076003,0.007507,0.000664,-0.156114,0.240947,-0.724884,1.317674,1.570800,0.000000,0.000000,-0.220274,-0.345044,0.552783,1.217563,-0.042866,0.000000,0.000000
0.095132,0.006789,0.869014,0.001199,-0.017950,-0.355027,0.934683,-0.023765,0.073543,-0.282529,0.114692,-0.182647,0.073717,-0.014128,-0.101419,0.296691,-0.008209,-0.156192,-0.077057,-0.002681,0.001084,-0.167849,0.243792,-0.747363,1.310425,1.570800,0.000000,0.000000,-0.232669,-0.350351,0.548362,1.211336,-0.041101,0.000000,0.000000
0.096900,0.010930,0.868320,0.001466,-0.015605,-0.362705,0.931772,-0.020219,0.073467,-0.282118,0.093353,-0.184412,0.072529,-0.019142,-0.106768,0.300936,-0.016239,-0.152689,-0.078311,-0.013830,0.001507,-0.177170,0.245611,-0.769802,1.302168,1.570800,0.000000,0.000000,-0.241928,-0.355109,0.544893,1.204212,-0.040524,0.000000,0.000000
0.098942,0.014933,0.867806,0.001475,-0.014781,-0.369530,0.929100,-0.016138,0.071111,-0.280100,0.078239,-0.184932,0.070912,-0.023242,-0.110979,0.304235,-0.017450,-0.150213,-0.079458,-0.024867,0.002018,-0.184114,0.244702,-0.790464,1.295614,1.570800,0.000000,0.000000,-0.245206,-0.356453,0.539945,1.198977,-0.037155,0.000000,0.000000
0.101550,0.018586,0.867346,0.001167,-0.014579,-0.376236,0.926408,-0.011165,0.067555,-0.277202,0.065773,-0.184921,0.069111,-0.026964,-0.114161,0.306834,-0.015088,-0.148001,-0.080521,-0.036209,0.002511,-0.189761,0.242722,-0.810784,1.289296,1.570800,0.000000,0.000000,-0.245134,-0.356362,0.534412,1.194195,-0.032596,0.000000,0.000000
0.104898,0.021515,0.867479,0.000221,-0.015452,-0.382735,0.923729,-0.004429,0.063179,-0.273490,0.056269,-0.183924,0.067307,-0.029859,-0.115329,0.307968,-0.006336,-0.145213,-0.081341,-0.047682,0.003022,-0.193118,0.240287,-0.829216,1.282469,1.570800,0.000000,0.000000,-0.240492,-0.354524,0.528968,1.189857,-0.027165,0.000000,0.000000
0.108712,0.023305,0.868259,-0.001926,-0.017182,-0.389957,0.920671,0.004957,0.059397,-0.269630,0.048415,-0.182778,0.065904,-0.032059,-0.112611,0.306637,0.009393,-0.140838,-0.081388,-0.058766,0.003528,-0.193883,0.238060,-0.845164,1.275087,1.570800,0.000000,0.000000,-0.231081,-0.350053,0.523017,1.186294,-0.019973,0.000000,0.000000
0.111741,0.025765,0.869037,-0.005002,-0.019452,-0.397368,0.917439,0.012932,0.055781,-0.266093,0.049720,-0.185347,0.064681,-0.035601,-0.106469,0.303673,0.031828,-0.134205,-0.080848,-0.070196,0.004036,-0.192705,0.236076,-0.859980,1.267108,1.570800,0.000000,0.000000,-0.217820,-0.343099,0.516388,1.183411,-0.011041,0.000000,0.000000
0.113037,0.028184,0.870104,-0.010843,-0.022180,-0.409209,0.912107,0.020762,0.056466,-0.252790,0.059180,-0.191826,0.063209,-0.041841,-0.094291,0.297833,0.061900,-0.124042,-0.078798,-0.073928,0.004273,-0.187606,0.235752,-0.869282,1.261023,1.570800,0.000000,0.000000,-0.198174,-0.329714,0.510983,1.182980,-0.004549,0.000000,0.000000
0.112649,0.030608,0.871422,-0.018497,-0.023370,-0.426419,0.904034,0.028943,0.063990,-0.222912,0.068733,-0.199508,0.060858,-0.052414,-0.079344,0.291319,0.094764,-0.115526,-0.075852,-0.067796,0.004132,-0.182445,0.239449,-0.876792,1.255924,1.570800,0.000000,0.000000,-0.178098,-0.310943,0.506686,1.182249,0.000960,0.000000,0.000000
0.111821,0.034687,0.872806,-0.026780,-0.023932,-0.446088,0.894268,0.036717,0.073835,-0.186823,0.076792,-0.206951,0.057968,-0.065702,-0.069322,0.275166,0.129204,-0.116669,-0.072010,-0.057673,0.003681,-0.178688,0.244509,-0.883650,1.252025,1.570800,0.000000,0.000000,-0.160328,-0.290769,0.504788,1.179186,0.006445,0.000000,0.000000
0.112136,0.040342,0.873717,-0.032188,-0.024661,-0.460135,0.886923,0.041381,0.078257,-0.160930,0.081033,-0.209808,0.055171,-0.077335,-0.067468,0.244476,0.163527,-0.125149,-0.067338,-0.055061,0.003330,-0.176113,0.245497,-0.888949,1.249838,1.570800,0.000000,0.000000,-0.145570,-0.274898,0.502925,1.178177,0.009813,0.000000,0.000000
0.112978,0.046589,0.874505,-0.036669,-0.025462,-0.472581,0.880156,0.044630,0.079871,-0.138947,0.083848,-0.209785,0.052330,-0.087697,-0.067955,0.207983,0.202206,-0.140393,-0.062160,-0.056555,0.003168,-0.173379,0.244106,-0.892557,1.249278,1.570800,0.000000,0.000000,-0.131437,-0.260033,0.501665,1.179045,0.011736,0.000000,0.000000
0.113762,0.052221,0.875100,-0.040016,-0.025888,-0.484011,0.873763,0.046766,0.080165,-0.119635,0.085461,-0.209246,0.049570,-0.096648,-0.066646,0.170642,0.247686,-0.154783,-0.056472,-0.059797,0.003147,-0.169853,0.242642,-0.895024,1.250253,1.570800,0.000000,0.000000,-0.116843,-0.246158,0.499987,1.182924,0.015791,0.000000,0.000000
0.114766,0.057694,0.875627,-0.042993,-0.026078,-0.495545,0.867125,0.048459,0.079787,-0.100676,0.086708,-0.208848,0.046704,-0.104416,-0.064583,0.132908,0.297696,-0.172464,-0.050564,-0.063281,0.003128,-0.166351,0.240952,-0.896974,1.252312,1.570800,0.000000,0.000000,-0.102410,-0.232811,0.499242,1.187998,0.020774,0.000000,0.000000
0.115963,0.062480,0.876043,-0.045485,-0.025992,-0.507808,0.859876,0.050014,0.078862,-0.082189,0.088118,-0.209809,0.043756,-0.110552,-0.062122,0.097564,0.348630,-0.193550,-0.044761,-0.065733,0.003114,-0.163157,0.239091,-0.898067,1.256344,1.570800,0.000000,0.000000,-0.089071,-0.221145,0.501077,1.194115,0.026136,0.000000,0.000000
0.117254,0.066813,0.876354,-0.047623,-0.025932,-0.520245,0.852294,0.051520,0.077317,-0.063701,0.089835,-0.211253,0.040667,-0.115420,-0.058552,0.065959,0.404526,-0.216773,-0.039164,-0.067311,0.003065,-0.158993,0.237691,-0.897405,1.260070,1.570800,0.000000,0.000000,-0.076429,-0.210518,0.501983,1.200328,0.031870,0.000000,0.000000
0.118790,0.070647,0.876544,-0.049335,-0.025965,-0.532813,0.844394,0.053020,0.074991,-0.045084,0.091919,-0.213116,0.037379,-0.118619,-0.054455,0.037431,0.462069,-0.240097,-0.033787,-0.067990,0.002995,-0.154004,0.236474,-0.895510,1.263123,1.570800,0.000000,0.000000,-0.064248,-0.200932,0.501687,1.206405,0.037796,0.000000,0.000000
0.120544,0.073817,0.876443,-0.049260,-0.025621,-0.546287,0.835756,0.053731,0.070725,-0.026668,0.092947,-0.214687,0.033655,-0.119470,-0.051285,0.012980,0.498662,-0.265869,-0.028953,-0.065479,0.002828,-0.153778,0.235115,-0.895387,1.265920,1.570800,0.000000,0.000000,-0.058350,-0.195900,0.503792,1.213313,0.041517,0.000000,0.000000
0.122615,0.076271,0.876216,-0.048142,-0.024834,-0.559795,0.826859,0.053848,0.065142,-0.007984,0.093189,-0.216499,0.029573,-0.116563,-0.048726,-0.009218,0.519028,-0.289122,-0.024485,-0.061300,0.002614,-0.155643,0.233181,-0.895806,1.268822,1.570800,0.000000,0.000000,-0.055069,-0.192943,0.506812,1.219988,0.043188,0.000000,0.000000
0.124479,0.078068,0.875907,-0.045363,-0.022651,-0.573440,0.817677,0.052495,0.058513,0.011350,0.090873,-0.217779,0.025137,-0.109538,-0.046296,-0.026905,0.518706,-0.312120,-0.020770,-0.054591,0.002388,-0.160237,0.231207,-0.896390,1.271858,1.570800,0.000000,0.000000,-0.055111,-0.192242,0.511303,1.224658,0.039707,0.000000,0.000000
0.125931,0.079454,0.875618,-0.041718,-0.019465,-0.586435,0.808687,0.049755,0.051844,0.031117,0.086048,-0.218306,0.020637,-0.098310,-0.044531,-0.042230,0.498180,-0.330967,-0.017622,-0.045557,0.002079,-0.167040,0.227960,-0.895657,1.273749,1.570800,0.000000,0.000000,-0.057037,-0.193374,0.515590,1.228494,0.035527,0.000000,0.000000
0.127003,0.080175,0.875345,-0.037579,-0.015697,-0.598745,0.799904,0.046211,0.045693,0.050356,0.079799,-0.218614,0.016374,-0.084669,-0.043670,-0.056232,0.462414,-0.344430,-0.014985,-0.035275,0.001776,-0.175041,0.223517,-0.893670,1.274366,1.570800,0.000000,0.000000,-0.059897,-0.195948,0.519321,1.231752,0.031849,0.000000,0.000000
0.127201,0.079399,0.875211,-0.035204,-0.012724,-0.612214,0.789806,0.044621,0.042703,0.066815,0.077335,-0.219586,0.013300,-0.072455,-0.039964,-0.061396,0.425945,-0.346828,-0.013212,-0.026000,0.001467,-0.177099,0.218766,-0.885031,1.276327,1.570800,0.000000,0.000000,-0.061984,-0.197317,0.524241,1.235014,0.025610,0.000000,0.000000
0.127067,0.078650,0.875043,-0.032572,-0.009373,-0.626595,0.778607,0.042225,0.040629,0.084246,0.077218,-0.221136,0.010318,-0.060198,-0.035382,-0.063325,0.382920,-0.345209,-0.011815,-0.016354,0.001185,-0.178450,0.214557,-0.875670,1.278257,1.570800,0.000000,0.000000,-0.065046,-0.198453,0.530407,1.238066,0.018410,0.000000,0.000000
0.126410,0.078978,0.874692,-0.028635,-0.005182,-0.642489,0.765742,0.035447,0.038341,0.104054,0.082462,-0.223200,0.006961,-0.046381,-0.030832,-0.063574,0.323077,-0.343394,-0.010730,-0.005240,0.000893,-0.182370,0.211617,-0.871743,1.278843,1.570800,0.000000,0.000000,-0.071080,-0.200829,0.537321,1.240057,0.010685,0.000000,0.000000
0.125975,0.078374,0.874226,-0.026470,-0.003244,-0.655403,0.754808,0.029345,0.036975,0.118242,0.096019,-0.225899,0.004590,-0.035073,-0.027910,-0.061153,0.275170,-0.338190,-0.010445,0.003428,0.000630,-0.182869,0.208583,-0.865764,1.279569,1.570800,0.000000,0.000000,-0.074503,-0.203249,0.541128,1.241467,0.008596,0.000000,0.000000
0.125786,0.077103,0.873548,-0.025656,-0.003027,-0.666166,0.745356,0.023837,0.036164,0.128587,0.117011,-0.229416,0.002846,-0.026577,-0.026342,-0.056495,0.238649,-0.331829,-0.010792,0.010366,0.000403,-0.180004,0.205050,-0.856579,1.280638,1.570800,0.000000,0.000000,-0.075569,-0.205826,0.543035,1.242619,0.011104,0.000000,0.000000
0.125475,0.076053,0.872487,-0.025053,-0.003564,-0.675931,0.736530,0.017170,0.035483,0.135240,0.145553,-0.228681,0.001586,-0.018388,-0.026104,-0.047670,0.207321,-0.319720,-0.012022,0.016610,0.000230,-0.174442,0.200162,-0.845747,1.281431,1.570800,0.000000,0.000000,-0.074656,-0.207820,0.544151,1.242674,0.016434,0.000000,0.000000
0.125239,0.074642,0.870841,-0.024879,-0.004858,-0.685700,0.727442,0.008859,0.035566,0.138190,0.182918,-0.225491,0.000964,-0.010131,-0.027252,-0.036378,0.180305,-0.305813,-0.013890,0.023001,0.000048,-0.167075,0.194638,-0.834398,1.281415,1.570800,0.000000,0.000000,-0.072318,-0.210195,0.544903,1.241706,0.023018,0.000000,0.000000
0.125344,0.072630,0.868181,-0.026156,-0.008013,-0.696259,0.717269,-0.000561,0.036491,0.132289,0.233353,-0.213812,0.001803,-0.001641,-0.030074,-0.020995,0.162314,-0.290511,-0.016730,0.030703,-0.000093,-0.156649,0.189277,-0.823597,1.278906,1.570800,0.000000,0.000000,-0.067206,-0.213832,0.544982,1.238295,0.030704,0.000000,0.000000
0.125684,0.070716,0.866781,-0.027768,-0.011688,-0.708314,0.705254,-0.010720,0.036955,0.119676,0.286294,-0.200816,0.003645,0.006012,-0.034017,-0.005758,0.149340,-0.278967,-0.019804,0.039155,-0.000322,-0.144643,0.183155,-0.812254,1.277540,1.570800,0.000000,0.000000,-0.060374,-0.216752,0.544476,1.235182,0.036907,0.000000,0.000000
0.126247,0.068555,0.867449,-0.029622,-0.015895,-0.721374,0.691729,-0.021728,0.036245,0.102640,0.341224,-0.189432,0.006074,0.013416,-0.038958,0.008645,0.139029,-0.271222,-0.022992,0.047946,-0.000535,-0.131584,0.176048,-0.800170,1.277812,1.570800,0.000000,0.000000,-0.052310,-0.218919,0.543651,1.232799,0.041502,0.000000,0.000000
0.126947,0.065228,0.868601,-0.033038,-0.021918,-0.734275,0.677694,-0.035340,0.034843,0.083091,0.420496,-0.174753,0.008889,0.023433,-0.045404,0.027415,0.133629,-0.264241,-0.027260,0.058085,-0.000778,-0.114180,0.168002,-0.787591,1.275726,1.570706,0.000000,0.000000,-0.038858,-0.223680,0.539938,1.226881,0.048690,0.000000,0.000000
0.127827,0.061985,0.869543,-0.036725,-0.027742,-0.746905,0.663335,-0.049956,0.033320,0.063067,0.509005,-0.162893,0.012028,0.032627,-0.051840,0.046188,0.130899,-0.259184,-0.031620,0.067372,-0.000945,-0.097134,0.161124,-0.777079,1.272858,1.570600,0.000000,0.000000,-0.025230,-0.228931,0.535810,1.220561,0.054383,0.000000,0.000000
0.129008,0.059088,0.869806,-0.040660,-0.032332,-0.759782,0.648099,-0.064032,0.032161,0.039815,0.604800,-0.147335,0.016199,0.040084,-0.057320,0.065665,0.129269,-0.257880,-0.035868,0.075120,-0.001089,-0.081691,0.157570,-0.771193,1.269626,1.570502,0.000000,0.000000,-0.014189,-0.233890,0.533081,1.216385,0.053316,0.000000,0.000000
0.131036,0.056064,0.870085,-0.044361,-0.036716,-0.771346,0.633805,-0.078063,0.028540,0.016154,0.692053,-0.134259,0.019987,0.046024,-0.063613,0.084299,0.129960,-0.256755,-0.040255,0.081559,-0.001227,-0.069848,0.155738,-0.766108,1.267262,1.570434,0.000000,0.000000,-0.004219,-0.238843,0.530746,1.212631,0.051883,0.000000,0.000000
0.133645,0.052620,0.870445,-0.047924,-0.040961,-0.781794,0.620342,-0.092361,0.022098,-0.007623,0.772034,-0.122614,0.023147,0.051269,-0.070802,0.102312,0.132269,-0.255434,-0.044863,0.086918,-0.001312,-0.060692,0.155033,-0.761151,1.265678,1.570388,0.000000,0.000000,0.005355,-0.243994,0.528678,1.208873,0.050892,0.000000,0.000000
0.136152,0.049237,0.870458,-0.051807,-0.043707,-0.791650,0.607204,-0.106556,0.014383,-0.027437,0.847381,-0.117651,0.025196,0.055644,-0.075952,0.120195,0.133326,-0.254787,-0.048982,0.088834,-0.001330,-0.052825,0.153929,-0.758538,1.267113,1.570344,0.000000,0.000000,0.012532,-0.247550,0.523310,1.208331,0.049244,0.000000,0.000000
0.138781,0.045675,0.870046,-0.055353,-0.045672,-0.801049,0.594282,-0.119279,0.006758,-0.044819,0.909543,-0.112813,0.026816,0.059326,-0.080617,0.137619,0.133614,-0.254460,-0.052925,0.089791,-0.001302,-0.046654,0.153105,-0.756564,1.269902,1.570305,0.000000,0.000000,0.018210,-0.250135,0.517319,1.208533,0.047483,0.000000,0.000000
0.141168,0.042244,0.869646,-0.057096,-0.046981,-0.809503,0.582441,-0.127910,0.003290,-0.057606,0.933958,-0.113922,0.028694,0.060915,-0.084884,0.149902,0.132973,-0.254402,-0.055900,0.089600,-0.001282,-0.044765,0.152869,-0.754666,1.273325,1.570295,0.000000,0.000000,0.020837,-0.251714,0.513467,1.208326,0.046408,0.000000,0.000000
0.143001,0.037163,0.868933,-0.059111,-0.048379,-0.819701,0.567676,-0.135795,0.000801,-0.077674,0.940415,-0.117166,0.032541,0.062346,-0.089620,0.164687,0.134051,-0.257240,-0.059353,0.089681,-0.001273,-0.042947,0.153893,-0.750172,1.276792,1.570285,0.000000,0.000000,0.023032,-0.253410,0.513669,1.206072,0.044772,0.000000,0.000000
0.144154,0.030779,0.868133,-0.061278,-0.049861,-0.831236,0.550277,-0.142121,-0.000738,-0.108993,0.926475,-0.125499,0.039155,0.064014,-0.095159,0.183729,0.137291,-0.264162,-0.063638,0.090129,-0.001324,-0.040449,0.156969,-0.741457,1.279819,1.570283,0.000000,0.000000,0.024879,-0.255424,0.520083,1.200682,0.042275,0.000000,0.000000
0.145215,0.025227,0.867756,-0.061108,-0.049233,-0.840263,0.536469,-0.144741,-0.000190,-0.132032,0.901182,-0.131756,0.044389,0.064308,-0.099488,0.198476,0.134755,-0.266863,-0.066866,0.088005,-0.001276,-0.042998,0.162222,-0.735132,1.281084,1.570310,0.000000,0.000000,0.023911,-0.257935,0.518332,1.201121,0.042594,0.000000,0.000000
0.146316,0.020315,0.867374,-0.060012,-0.047517,-0.848975,0.522859,-0.144032,0.002221,-0.154387,0.860061,-0.134536,0.049825,0.061980,-0.103355,0.213404,0.131392,-0.268252,-0.069867,0.085737,-0.001243,-0.048894,0.168811,-0.729806,1.281787,1.570358,0.000000,0.000000,0.020639,-0.260275,0.513841,1.203359,0.043195,0.000000,0.000000
0.146763,0.014321,0.866905,-0.057719,-0.044449,-0.857759,0.508863,-0.138528,0.007728,-0.183247,0.790354,-0.136539,0.057103,0.057869,-0.106301,0.230132,0.126084,-0.267350,-0.072853,0.082984,-0.001231,-0.057008,0.175782,-0.723284,1.280988,1.570432,0.000000,0.000000,0.015159,-0.262853,0.513785,1.202263,0.041059,0.000000,0.000000
0.146065,0.008236,0.866867,-0.054563,-0.040729,-0.866052,0.495295,-0.126527,0.015844,-0.210576,0.704727,-0.135056,0.064110,0.053059,-0.107427,0.247153,0.119986,-0.265814,-0.075411,0.079525,-0.001165,-0.066788,0.184048,-0.717410,1.278605,1.570521,0.000000,0.000000,0.009038,-0.264808,0.511994,1.202324,0.040525,0.000000,0.000000
0.145984,0.003147,0.866747,-0.049945,-0.036316,-0.873287,0.483277,-0.113655,0.023799,-0.235390,0.615976,-0.134714,0.069894,0.046757,-0.109047,0.262087,0.110680,-0.261782,-0.077635,0.074788,-0.001059,-0.079605,0.192467,-0.714349,1.275426,1.570626,0.000000,0.000000,0.002108,-0.266765,0.505762,1.204354,0.042355,0.000000,0.000000
0.145817,-0.002137,0.866358,-0.044899,-0.031126,-0.879202,0.473307,-0.098945,0.032454,-0.258165,0.524205,-0.138037,0.074742,0.040193,-0.110158,0.275194,0.100385,-0.258684,-0.079291,0.068773,-0.000916,-0.093368,0.200049,-0.711250,1.272146,1.570737,0.000000,0.000000,-0.005557,-0.267579,0.500137,1.204779,0.040509,0.000000,0.000000
0.144920,-0.006690,0.865826,-0.039670,-0.024821,-0.885359,0.462546,-0.082148,0.044717,-0.271179,0.430291,-0.144312,0.077991,0.032590,-0.109468,0.286461,0.087538,-0.254087,-0.080034,0.064997,-0.000799,-0.108372,0.208979,-0.709027,1.268343,1.570800,0.000000,0.000000,-0.014566,-0.265731,0.493974,1.205229,0.037811,0.000000,0.000000
0.145111,-0.010236,0.865201,-0.034313,-0.018723,-0.889104,0.456033,-0.067342,0.055571,-0.277748,0.344371,-0.158059,0.078930,0.025271,-0.109362,0.289914,0.073169,-0.248952,-0.079591,0.055674,-0.000541,-0.124624,0.215943,-0.710583,1.263651,1.570800,0.000000,0.000000,-0.024460,-0.262611,0.484245,1.207935,0.037372,0.000000,0.000000
0.145216,-0.014405,0.864746,-0.029655,-0.013903,-0.891387,0.452058,-0.051205,0.063476,-0.280663,0.270476,-0.169699,0.078520,0.020214,-0.109218,0.291442,0.062774,-0.244139,-0.079089,0.043607,-0.000171,-0.140013,0.221506,-0.717169,1.260323,1.570800,0.000000,0.000000,-0.030775,-0.259720,0.471383,1.211330,0.039930,0.000000,0.000000
0.145599,-0.019371,0.865053,-0.025860,-0.010577,-0.892281,0.450615,-0.034771,0.067825,-0.280677,0.210836,-0.179244,0.077075,0.017611,-0.109334,0.292210,0.057313,-0.240418,-0.078907,0.029276,0.000337,-0.154168,0.225316,-0.728902,1.258749,1.570800,0.000000,0.000000,-0.032085,-0.257863,0.455155,1.214400,0.045515,0.000000,0.000000
0.146042,-0.024484,0.867259,-0.025023,-0.008399,-0.894315,0.446659,-0.019560,0.069743,-0.278903,0.170649,-0.180963,0.075689,0.016107,-0.107503,0.291466,0.060356,-0.235213,-0.078564,0.014566,0.000871,-0.164271,0.226130,-0.740678,1.258030,1.570800,0.000000,0.000000,-0.030653,-0.256070,0.439820,1.218237,0.054259,0.000000,0.000000
0.146226,-0.029514,0.868937,-0.025227,-0.006492,-0.896486,0.442305,-0.005283,0.070595,-0.276555,0.139550,-0.180864,0.074436,0.013774,-0.104262,0.290128,0.069721,-0.228566,-0.078215,-0.001084,0.001458,-0.172518,0.226276,-0.752482,1.257202,1.570800,0.000000,0.000000,-0.027514,-0.254614,0.424852,1.221755,0.063991,0.000000,0.000000
0.145676,-0.034083,0.870413,-0.026913,-0.004148,-0.899044,0.437011,0.008306,0.072379,-0.269562,0.118069,-0.177470,0.073270,0.009980,-0.098837,0.287782,0.085275,-0.216235,-0.077653,-0.013224,0.001935,-0.177560,0.228651,-0.762409,1.254954,1.570800,0.000000,0.000000,-0.021511,-0.254623,0.413027,1.220690,0.069833,0.000000,0.000000
0.145325,-0.037681,0.871628,-0.029394,-0.002059,-0.903418,0.427746,0.022703,0.075285,-0.253185,0.099567,-0.174649,0.071135,0.004170,-0.092211,0.281406,0.108996,-0.205101,-0.076428,-0.020343,0.002291,-0.181067,0.232400,-0.772944,1.253558,1.570800,0.000000,0.000000,-0.014181,-0.252151,0.403675,1.219899,0.074822,0.000000,0.000000
0.147421,-0.039835,0.872239,-0.031762,-0.001545,-0.907647,0.418528,0.033644,0.075418,-0.234126,0.088970,-0.175272,0.067858,-0.004014,-0.088844,0.261781,0.143315,-0.198537,-0.074011,-0.027660,0.002545,-0.184106,0.234541,-0.785143,1.254046,1.570800,0.000000,0.000000,-0.006632,-0.248373,0.396440,1.221369,0.079740,0.000000,0.000000
0.152389,-0.038825,0.872730,-0.033944,-0.000774,-0.912203,0.408330,0.038309,0.074775,-0.211809,0.085961,-0.179117,0.063783,-0.020303,-0.089833,0.220985,0.203009,-0.196860,-0.069496,-0.035796,0.002765,-0.186449,0.236071,-0.795826,1.256326,1.570800,0.000000,0.000000,-0.000901,-0.245205,0.391049,1.221443,0.081820,0.000000,0.000000
0.157753,-0.037843,0.873145,-0.036292,-0.000268,-0.916820,0.397649,0.040878,0.073022,-0.189829,0.085381,-0.182702,0.059674,-0.038148,-0.092880,0.173794,0.272435,-0.200061,-0.064341,-0.043835,0.002970,-0.187422,0.237117,-0.804297,1.259007,1.570800,0.000000,0.000000,0.003774,-0.242506,0.387083,1.220910,0.082710,0.000000,0.000000
0.162707,-0.038555,0.873235,-0.039973,-0.001538,-0.921829,0.385527,0.045290,0.067242,-0.167000,0.090265,-0.188192,0.054737,-0.051486,-0.097454,0.122877,0.343315,-0.203112,-0.058735,-0.050268,0.003156,-0.184713,0.236970,-0.811611,1.261936,1.570800,0.000000,0.000000,0.010215,-0.238587,0.382958,1.220962,0.085586,0.000000,0.000000
0.167699,-0.039311,0.873187,-0.043690,-0.003132,-0.927165,0.372084,0.049904,0.060171,-0.143525,0.096459,-0.193956,0.049496,-0.065154,-0.101235,0.073987,0.419791,-0.209112,-0.052768,-0.055574,0.003299,-0.180097,0.237149,-0.818766,1.265346,1.570800,0.000000,0.000000,0.016177,-0.235440,0.379861,1.219627,0.088214,0.000000,0.000000
0.172335,-0.040307,0.872943,-0.047480,-0.005190,-0.932774,0.357283,0.054818,0.052248,-0.119709,0.103803,-0.200427,0.044055,-0.077847,-0.104534,0.028825,0.497016,-0.215976,-0.046710,-0.059973,0.003375,-0.173700,0.237916,-0.825681,1.269174,1.570800,0.000000,0.000000,0.021169,-0.233473,0.378194,1.216756,0.090122,0.000000,0.000000
0.176282,-0.041122,0.872730,-0.049243,-0.006049,-0.939244,0.339644,0.058198,0.045815,-0.094121,0.108384,-0.204831,0.038682,-0.087932,-0.106295,-0.011263,0.548287,-0.226164,-0.040285,-0.062094,0.003421,-0.169186,0.237685,-0.830616,1.271808,1.570800,0.000000,0.000000,0.021228,-0.232784,0.379108,1.214460,0.092985,0.000000,0.000000
0.179331,-0.042033,0.872555,-0.050415,-0.006275,-0.945590,0.321371,0.061121,0.040384,-0.067105,0.112385,-0.209280,0.033309,-0.094762,-0.107561,-0.050048,0.584226,-0.233482,-0.033548,-0.063315,0.003423,-0.165024,0.237467,-0.835368,1.273847,1.570800,0.000000,0.000000,0.019041,-0.232105,0.381350,1.212533,0.095517,0.000000,0.000000
0.181283,-0.042821,0.872626,-0.050916,-0.004927,-0.951401,0.303676,0.063397,0.037832,-0.038175,0.115487,-0.213834,0.028340,-0.099243,-0.107152,-0.085026,0.607339,-0.236633,-0.026856,-0.063162,0.003374,-0.159788,0.238307,-0.842382,1.274995,1.570800,0.000000,0.000000,0.014117,-0.230422,0.386102,1.210236,0.092663,0.000000,0.000000
0.182393,-0.043446,0.872680,-0.050114,-0.002888,-0.957827,0.282926,0.065022,0.036368,-0.003160,0.117836,-0.218900,0.022690,-0.101445,-0.105717,-0.123856,0.613340,-0.238161,-0.019043,-0.060890,0.003228,-0.155972,0.239048,-0.850002,1.275069,1.570800,0.000000,0.000000,0.006489,-0.227921,0.392027,1.206409,0.088642,0.000000,0.000000
0.182495,-0.044015,0.872669,-0.047805,-0.000418,-0.964494,0.259742,0.065762,0.035372,0.036044,0.119465,-0.224360,0.016513,-0.099978,-0.103348,-0.169220,0.598213,-0.239578,-0.009810,-0.057962,0.003054,-0.154567,0.238595,-0.857494,1.273966,1.570800,0.000000,0.000000,-0.003558,-0.225565,0.398779,1.200337,0.084598,0.000000,0.000000
0.181771,-0.043795,0.872706,-0.043490,0.002874,-0.970937,0.235333,0.064726,0.035633,0.077704,0.118966,-0.229688,0.010300,-0.096147,-0.098436,-0.212224,0.569751,-0.241291,-0.000611,-0.053962,0.002826,-0.154901,0.236678,-0.863521,1.272546,1.570800,0.000000,0.000000,-0.014447,-0.223405,0.405402,1.193468,0.079879,0.000000,0.000000
0.180112,-0.043076,0.872653,-0.038639,0.006017,-0.976936,0.209920,0.063070,0.036374,0.120399,0.118772,-0.235596,0.004079,-0.089670,-0.091944,-0.252651,0.533363,-0.242948,0.008180,-0.048764,0.002595,-0.156219,0.234167,-0.868262,1.271037,1.570800,0.000000,0.000000,-0.025773,-0.221386,0.412819,1.186734,0.074861,0.000000,0.000000
0.177182,-0.041423,0.872178,-0.034134,0.007464,-0.982688,0.181944,0.062124,0.036067,0.160050,0.121289,-0.240785,-0.001935,-0.080644,-0.083893,-0.281876,0.489297,-0.245882,0.014941,-0.040601,0.002270,-0.159813,0.231436,-0.867988,1.269588,1.570800,0.000000,0.000000,-0.038264,-0.219037,0.426133,1.183736,0.070236,0.000000,0.000000
0.173434,-0.038834,0.871552,-0.028961,0.008678,-0.987834,0.152542,0.060748,0.036328,0.202013,0.124809,-0.244806,-0.008185,-0.067911,-0.072353,-0.303398,0.432940,-0.248596,0.020780,-0.029390,0.001843,-0.162211,0.229268,-0.862526,1.267623,1.570800,0.000000,0.000000,-0.051508,-0.215602,0.441015,1.182331,0.064028,0.000000,0.000000
0.169365,-0.035007,0.870760,-0.022860,0.009560,-0.992224,0.121976,0.057969,0.037269,0.244022,0.129367,-0.247178,-0.014330,-0.052851,-0.057544,-0.314965,0.366232,-0.250720,0.025325,-0.015703,0.001271,-0.162705,0.227774,-0.851367,1.265040,1.570800,0.000000,0.000000,-0.064784,-0.211106,0.455572,1.182480,0.055693,0.000000,0.000000
0.166498,-0.030137,0.869354,-0.018747,0.008658,-0.995539,0.092059,0.052508,0.037931,0.280337,0.146626,-0.250954,-0.019887,-0.038966,-0.042646,-0.318114,0.303539,-0.254163,0.028245,-0.003757,0.000802,-0.161645,0.227403,-0.841120,1.261420,1.570800,0.000000,0.000000,-0.076049,-0.207452,0.466785,1.181909,0.047672,0.000000,0.000000
0.164957,-0.025522,0.867490,-0.014984,0.006531,-0.997874,0.063088,0.045071,0.037400,0.310654,0.168870,-0.253539,-0.025062,-0.028810,-0.030007,-0.317427,0.249111,-0.260370,0.029793,0.005806,0.000360,-0.160204,0.225643,-0.831123,1.258281,1.570800,0.000000,0.000000,-0.085885,-0.205549,0.476214,1.180569,0.040318,0.000000,0.000000
0.163706,-0.021185,0.866197,-0.012253,0.004423,-0.999388,0.032458,0.038155,0.037568,0.329308,0.193182,-0.249139,-0.028562,-0.019723,-0.018972,-0.301698,0.200204,-0.259511,0.028704,0.012811,0.000010,-0.154992,0.222023,-0.815662,1.259782,1.570800,0.000000,0.000000,-0.091548,-0.202377,0.485270,1.180457,0.036520,0.000000,0.000000
0.162118,-0.016935,0.868183,-0.010989,0.002795,-0.999933,0.002498,0.031805,0.040550,0.340162,0.223812,-0.241339,-0.030386,-0.010905,-0.010239,-0.277268,0.159006,-0.255525,0.025950,0.019476,-0.000352,-0.146320,0.218242,-0.797275,1.261784,1.570800,0.000000,0.000000,-0.095309,-0.200300,0.494340,1.180487,0.034153,0.000000,0.000000
0.160167,-0.012927,0.869416,-0.011519,0.001831,-0.999588,-0.026230,0.026048,0.046663,0.341209,0.263133,-0.230399,-0.030061,-0.002256,-0.004316,-0.244012,0.127770,-0.248312,0.021561,0.026482,-0.000702,-0.133265,0.214813,-0.776583,1.262821,1.570800,0.000000,0.000000,-0.097092,-0.200350,0.502428,1.180451,0.032933,0.000000,0.000000
0.158769,-0.010022,0.870299,-0.013134,0.000728,-0.998641,-0.050428,0.020356,0.052057,0.328774,0.303162,-0.215774,-0.027668,0.005391,-0.002119,-0.207941,0.106076,-0.239315,0.016320,0.034493,-0.001012,-0.118852,0.212296,-0.757636,1.263260,1.570800,0.000000,0.000000,-0.094331,-0.202325,0.510616,1.180055,0.030583,0.000000,0.000000
0.157236,-0.007410,0.870939,-0.015693,-0.000256,-0.997202,-0.073095,0.013449,0.056328,0.308058,0.346160,-0.200600,-0.024017,0.011884,-0.002300,-0.171461,0.092598,-0.231703,0.010800,0.042521,-0.001300,-0.103246,0.210493,-0.739979,1.262558,1.570800,0.000000,0.000000,-0.088429,-0.205799,0.518397,1.178611,0.027472,0.000000,0.000000
0.155610,-0.005423,0.871132,-0.022465,0.000220,-0.994864,-0.098696,0.004910,0.058815,0.274302,0.403825,-0.188809,-0.018450,0.018713,-0.004131,-0.130732,0.094071,-0.228811,0.004549,0.051040,-0.001634,-0.082677,0.211555,-0.721048,1.254930,1.570800,0.000000,0.000000,-0.077916,-0.214654,0.526028,1.171168,0.024675,0.000000,0.000000
0.154264,-0.004252,0.871471,-0.030045,0.000020,-0.991645,-0.125449,-0.007923,0.061194,0.238698,0.469103,-0.178230,-0.012245,0.025175,-0.008412,-0.092131,0.098819,-0.228095,-0.001917,0.059735,-0.001918,-0.061436,0.214348,-0.702661,1.244485,1.570800,0.000000,0.000000,-0.066511,-0.224928,0.533423,1.163452,0.018708,0.000000,0.000000
0.153417,-0.004544,0.872077,-0.038401,-0.001016,-0.987372,-0.153693,-0.024412,0.063701,0.201772,0.539905,-0.164977,-0.005488,0.031731,-0.016025,-0.055356,0.102838,-0.227405,-0.008933,0.069286,-0.002211,-0.040188,0.219030,-0.684653,1.231787,1.570793,0.000000,0.000000,-0.055364,-0.236009,0.540766,1.157247,0.007562,0.000000,0.000000
0.153222,-0.006311,0.872648,-0.045186,-0.001897,-0.982744,-0.179359,-0.040292,0.062929,0.164752,0.590676,-0.154768,0.000844,0.035075,-0.024099,-0.025745,0.106458,-0.223389,-0.015116,0.076552,-0.002447,-0.024482,0.222785,-0.663668,1.225541,1.570769,0.000000,0.000000,-0.048445,-0.245589,0.546275,1.153565,0.002052,0.000000,0.000000
0.152511,-0.008599,0.873178,-0.051373,-0.002630,-0.977611,-0.204035,-0.054101,0.060410,0.125941,0.628564,-0.142570,0.007355,0.037279,-0.032490,0.001722,0.110484,-0.218365,-0.021145,0.082557,-0.002675,-0.010991,0.226120,-0.640727,1.222590,1.570746,0.000000,0.000000,-0.043473,-0.254685,0.551601,1.151149,-0.000584,0.000000,0.000000
0.150870,-0.010960,0.873758,-0.057405,-0.003585,-0.971800,-0.228684,-0.064908,0.057548,0.084894,0.655315,-0.136946,0.014543,0.039218,-0.041425,0.025104,0.115413,-0.213606,-0.026810,0.086724,-0.002801,-0.002144,0.230096,-0.622413,1.223281,1.570727,0.000000,0.000000,-0.041165,-0.262923,0.555357,1.152202,-0.000381,0.000000,0.000000
0.147882,-0.013556,0.874299,-0.062887,-0.004544,-0.965932,-0.250998,-0.073008,0.055269,0.046692,0.675659,-0.131334,0.021559,0.041123,-0.050913,0.047029,0.120884,-0.210560,-0.032477,0.089420,-0.002930,0.005358,0.234340,-0.608700,1.223637,1.570729,0.000000,0.000000,-0.040287,-0.270377,0.560034,1.154969,-0.002307,0.000000,0.000000
0.143984,-0.016119,0.874777,-0.067558,-0.005478,-0.960405,-0.270238,-0.078575,0.053724,0.013225,0.689669,-0.124911,0.027964,0.042925,-0.060457,0.067813,0.126275,-0.209403,-0.038047,0.090164,-0.002964,0.011545,0.239158,-0.600840,1.222613,1.570743,0.000000,0.000000,-0.041323,-0.276533,0.566628,1.159786,-0.008229,0.000000,0.000000
0.139961,-0.018067,0.875021,-0.069315,-0.005070,-0.953916,-0.291915,-0.081530,0.052323,-0.013437,0.696262,-0.121786,0.033054,0.043831,-0.066723,0.086162,0.124777,-0.207607,-0.042390,0.089733,-0.002971,0.014487,0.243986,-0.595644,1.219275,1.570768,0.000000,0.000000,-0.044206,-0.281527,0.573197,1.161740,-0.013584,0.000000,0.000000
0.135660,-0.019395,0.875147,-0.069838,-0.003963,-0.946665,-0.314534,-0.081758,0.050820,-0.037553,0.696676,-0.119977,0.037613,0.044667,-0.070998,0.104462,0.119067,-0.204967,-0.046189,0.088995,-0.002947,0.015633,0.249284,-0.591544,1.215037,1.570800,0.000000,0.000000,-0.047898,-0.285791,0.579773,1.162299,-0.018299,0.000000,0.000000
0.130581,-0.020704,0.875323,-0.069623,-0.003359,-0.939380,-0.335719,-0.079995,0.048896,-0.065402,0.686361,-0.123527,0.042734,0.045001,-0.075834,0.124477,0.112049,-0.201884,-0.050352,0.086927,-0.002860,0.013309,0.254555,-0.593233,1.212901,1.570800,0.000000,0.000000,-0.051578,-0.289685,0.584242,1.167065,-0.019526,0.000000,0.000000
0.125069,-0.021769,0.875430,-0.068802,-0.002680,-0.931725,-0.356578,-0.075648,0.046352,-0.092342,0.665153,-0.128280,0.047359,0.044793,-0.080325,0.143917,0.104535,-0.198354,-0.054334,0.084139,-0.002762,0.008362,0.259090,-0.597193,1.211300,1.570800,0.000000,0.000000,-0.055508,-0.292329,0.587318,1.172834,-0.020327,0.000000,0.000000
0.119457,-0.022452,0.875446,-0.067120,-0.001907,-0.923716,-0.377146,-0.068232,0.042921,-0.118231,0.630344,-0.134631,0.051262,0.043828,-0.084257,0.163396,0.095803,-0.193522,-0.058168,0.080290,-0.002586,0.000375,0.263042,-0.602554,1.209150,1.570800,0.000000,0.000000,-0.060305,-0.293074,0.589428,1.179093,-0.022058,0.000000,0.000000
0.114006,-0.022772,0.875226,-0.064175,-0.000721,-0.916324,-0.395261,-0.058093,0.039465,-0.143464,0.584595,-0.143873,0.054701,0.041976,-0.086476,0.181896,0.086328,-0.188632,-0.061387,0.075158,-0.002392,-0.010738,0.266085,-0.612011,1.207559,1.570800,0.000000,0.000000,-0.065244,-0.292571,0.590989,1.184536,-0.023249,0.000000,0.000000
0.109116,-0.023068,0.874823,-0.060644,0.000669,-0.908947,-0.412477,-0.046638,0.036308,-0.167532,0.532173,-0.152891,0.057674,0.038130,-0.087217,0.199551,0.079751,-0.185356,-0.064045,0.069858,-0.002176,-0.023497,0.268760,-0.623835,1.206444,1.570800,0.000000,0.000000,-0.070131,-0.291157,0.591894,1.189207,-0.023904,0.000000,0.000000
0.104193,-0.023047,0.874438,-0.057436,0.001784,-0.901764,-0.428393,-0.033862,0.033617,-0.189914,0.469365,-0.164800,0.059941,0.034103,-0.087831,0.215368,0.074227,-0.183179,-0.066395,0.062415,-0.001868,-0.036537,0.271457,-0.636265,1.201358,1.570800,0.000000,0.000000,-0.074706,-0.288567,0.589919,1.191284,-0.023102,0.000000,0.000000
0.099797,-0.022953,0.874008,-0.053644,0.002874,-0.894508,-0.443812,-0.020271,0.031172,-0.211363,0.400166,-0.174092,0.061675,0.029710,-0.087437,0.228575,0.067945,-0.180147,-0.068064,0.055126,-0.001570,-0.049737,0.273778,-0.647519,1.198080,1.570800,0.000000,0.000000,-0.078886,-0.285206,0.587379,1.192869,-0.020593,0.000000,0.000000
0.096236,-0.023037,0.873507,-0.048916,0.003934,-0.887286,-0.458602,-0.006191,0.029478,-0.231881,0.324730,-0.181217,0.063003,0.024596,-0.085719,0.238284,0.059658,-0.175164,-0.068808,0.048578,-0.001330,-0.063973,0.275069,-0.657012,1.199691,1.570800,0.000000,0.000000,-0.082954,-0.280725,0.584853,1.194748,-0.015360,0.000000,0.000000
0.093323,-0.023182,0.872934,-0.044969,0.005494,-0.879710,-0.473347,0.006618,0.030863,-0.242047,0.265537,-0.181244,0.063658,0.019922,-0.082829,0.246204,0.053342,-0.170846,-0.069039,0.041668,-0.001064,-0.075405,0.276585,-0.666495,1.201564,1.570800,0.000000,0.000000,-0.085554,-0.275679,0.578492,1.197142,-0.008385,0.000000,0.000000
0.090906,-0.023939,0.872319,-0.041436,0.007129,-0.871844,-0.487976,0.017707,0.033439,-0.246005,0.218507,-0.180732,0.063753,0.014163,-0.079565,0.253607,0.050534,-0.167699,-0.069126,0.034575,-0.000807,-0.085549,0.278084,-0.676605,1.203218,1.570800,0.000000,0.000000,-0.087246,-0.270422,0.569570,1.199964,-0.000484,0.000000,0.000000
0.088606,-0.025093,0.871574,-0.039257,0.009631,-0.864440,-0.501109,0.027013,0.036384,-0.241075,0.189396,-0.178967,0.062934,0.008786,-0.075969,0.259353,0.053915,-0.165163,-0.069089,0.027408,-0.000547,-0.092557,0.277547,-0.685645,1.205755,1.570800,0.000000,0.000000,-0.086015,-0.264496,0.559232,1.204920,0.007439,0.000000,0.000000
0.086350,-0.027121,0.870981,-0.037454,0.011624,-0.856949,-0.513907,0.034851,0.038251,-0.232607,0.167671,-0.177121,0.061459,0.002995,-0.072772,0.262242,0.060671,-0.162632,-0.068849,0.020382,-0.000258,-0.098223,0.276176,-0.694820,1.208596,1.570800,0.000000,0.000000,-0.083726,-0.258446,0.548016,1.210759,0.016208,0.000000,0.000000
0.083995,-0.029902,0.870584,-0.036297,0.013050,-0.849433,-0.526286,0.042070,0.038495,-0.220020,0.149930,-0.172723,0.059022,-0.003205,-0.070094,0.260146,0.071396,-0.159273,-0.068174,0.013268,0.000002,-0.102340,0.274209,-0.704965,1.211723,1.570800,0.000000,0.000000,-0.079954,-0.251773,0.534966,1.217793,0.027243,0.000000,0.000000
0.081749,-0.032632,0.870034,-0.036029,0.015344,-0.841530,-0.538788,0.048188,0.037870,-0.205245,0.140373,-0.167813,0.056272,-0.009036,-0.066490,0.252427,0.088022,-0.159263,-0.066520,0.007454,0.000254,-0.104255,0.271986,-0.715345,1.215295,1.570800,0.000000,0.000000,-0.073976,-0.245900,0.521832,1.224389,0.040465,0.000000,0.000000
0.079620,-0.035749,0.869442,-0.036103,0.017849,-0.833372,-0.551244,0.053031,0.036524,-0.188658,0.136646,-0.163024,0.053217,-0.015095,-0.061460,0.240765,0.110167,-0.162707,-0.063998,0.002455,0.000461,-0.105116,0.269324,-0.726508,1.219416,1.570800,0.000000,0.000000,-0.066373,-0.240598,0.508024,1.230799,0.055843,0.000000,0.000000
0.077634,-0.039986,0.869136,-0.036211,0.018997,-0.825610,-0.562758,0.055227,0.033543,-0.172155,0.135064,-0.158428,0.049803,-0.020399,-0.056756,0.222682,0.132176,-0.175244,-0.060321,-0.000430,0.000592,-0.106909,0.267113,-0.736543,1.224683,1.570800,0.000000,0.000000,-0.059108,-0.236834,0.495108,1.236460,0.072476,0.000000,0.000000
0.075834,-0.044381,0.868851,-0.036125,0.019669,-0.817662,-0.574228,0.056009,0.029959,-0.155991,0.134188,-0.154248,0.046307,-0.025405,-0.052167,0.202688,0.154249,-0.189698,-0.056239,-0.002966,0.000711,-0.108095,0.264426,-0.745434,1.229625,1.570800,0.000000,0.000000,-0.052143,-0.234248,0.484119,1.239688,0.088355,0.000000,0.000000
0.074422,-0.048270,0.868520,-0.035773,0.020026,-0.809207,-0.586091,0.056430,0.026558,-0.139751,0.133072,-0.150901,0.042857,-0.030357,-0.047542,0.182560,0.176727,-0.203363,-0.052126,-0.005277,0.000780,-0.106951,0.261416,-0.752278,1.233203,1.570800,0.000000,0.000000,-0.044912,-0.232698,0.476804,1.238113,0.101919,0.000000,0.000000
0.073469,-0.051897,0.868536,-0.035117,0.021002,-0.800817,-0.597510,0.056694,0.024506,-0.123275,0.132527,-0.147749,0.039724,-0.034795,-0.042335,0.161137,0.201767,-0.215322,-0.047771,-0.007024,0.000817,-0.105205,0.258636,-0.755645,1.236024,1.570800,0.000000,0.000000,-0.037908,-0.231509,0.471597,1.234870,0.114583,0.000000,0.000000
0.072783,-0.055300,0.868842,-0.034326,0.022218,-0.792443,-0.608574,0.056779,0.023400,-0.106243,0.132687,-0.144768,0.036756,-0.039010,-0.037171,0.138146,0.229706,-0.226845,-0.043295,-0.008507,0.000894,-0.103201,0.255971,-0.756843,1.238459,1.570800,0.000000,0.000000,-0.031018,-0.230455,0.467345,1.230987,0.127293,0.000000,0.000000
0.072085,-0.058298,0.868919,-0.034309,0.023015,-0.785053,-0.618049,0.056758,0.021966,-0.094620,0.133894,-0.144642,0.034540,-0.042180,-0.034083,0.125524,0.252669,-0.234502,-0.040888,-0.010163,0.000967,-0.100798,0.253775,-0.757576,1.240836,1.570800,0.000000,0.000000,-0.026629,-0.229630,0.466288,1.227728,0.135067,0.000000,0.000000
0.071461,-0.060932,0.868971,-0.034552,0.023937,-0.778274,-0.626516,0.056950,0.020474,-0.084031,0.135661,-0.145437,0.032472,-0.045023,-0.031762,0.114602,0.276339,-0.241280,-0.038950,-0.011807,0.001022,-0.098463,0.251592,-0.758202,1.243631,1.570800,0.000000,0.000000,-0.022656,-0.228759,0.465513,1.225150,0.141123,0.000000,0.000000
0.071089,-0.063278,0.869054,-0.035050,0.025198,-0.772734,-0.633261,0.057342,0.019565,-0.076288,0.137649,-0.146618,0.031013,-0.047201,-0.029931,0.106322,0.298473,-0.246374,-0.037524,-0.012866,0.001045,-0.097452,0.249991,-0.758662,1.246930,1.570800,0.000000,0.000000,-0.019789,-0.227611,0.464408,1.224434,0.143544,0.000000,0.000000
0.071052,-0.064931,0.869141,-0.035757,0.026866,-0.767072,-0.640000,0.058702,0.019401,-0.069542,0.139832,-0.148686,0.029912,-0.049813,-0.027939,0.096983,0.325318,-0.249335,-0.035950,-0.014206,0.001071,-0.095314,0.249482,-0.757875,1.250859,1.570800,0.000000,0.000000,-0.018083,-0.225681,0.464415,1.224319,0.142314,0.000000,0.000000
0.071344,-0.066041,0.869229,-0.036486,0.028808,-0.761297,-0.646735,0.061005,0.020287,-0.063617,0.141934,-0.151461,0.029215,-0.053487,-0.025881,0.086646,0.356677,-0.251177,-0.034229,-0.015877,0.001109,-0.091917,0.250186,-0.755844,1.254939,1.570800,0.000000,0.000000,-0.017513,-0.222961,0.465678,1.224571,0.138278,0.000000,0.000000
